TimeQuest Timing Analyzer report for OP_from_megawizard
Mon Jan 06 16:06:20 2025
Quartus II 64-Bit Version 13.1.0 Build 162 10/23/2013 SJ Web Edition


---------------------
; Table of Contents ;
---------------------
  1. Legal Notice
  2. TimeQuest Timing Analyzer Summary
  3. Parallel Compilation
  4. Clocks
  5. Slow 1200mV 85C Model Fmax Summary
  6. Timing Closure Recommendations
  7. Slow 1200mV 85C Model Setup Summary
  8. Slow 1200mV 85C Model Hold Summary
  9. Slow 1200mV 85C Model Recovery Summary
 10. Slow 1200mV 85C Model Removal Summary
 11. Slow 1200mV 85C Model Minimum Pulse Width Summary
 12. Slow 1200mV 85C Model Setup: 'altera_reserved_tck'
 13. Slow 1200mV 85C Model Hold: 'altera_reserved_tck'
 14. Slow 1200mV 85C Model Recovery: 'altera_reserved_tck'
 15. Slow 1200mV 85C Model Removal: 'altera_reserved_tck'
 16. Slow 1200mV 85C Model Minimum Pulse Width: 'altera_reserved_tck'
 17. Setup Times
 18. Hold Times
 19. Clock to Output Times
 20. Minimum Clock to Output Times
 21. Slow 1200mV 85C Model Metastability Report
 22. Slow 1200mV 0C Model Fmax Summary
 23. Slow 1200mV 0C Model Setup Summary
 24. Slow 1200mV 0C Model Hold Summary
 25. Slow 1200mV 0C Model Recovery Summary
 26. Slow 1200mV 0C Model Removal Summary
 27. Slow 1200mV 0C Model Minimum Pulse Width Summary
 28. Slow 1200mV 0C Model Setup: 'altera_reserved_tck'
 29. Slow 1200mV 0C Model Hold: 'altera_reserved_tck'
 30. Slow 1200mV 0C Model Recovery: 'altera_reserved_tck'
 31. Slow 1200mV 0C Model Removal: 'altera_reserved_tck'
 32. Slow 1200mV 0C Model Minimum Pulse Width: 'altera_reserved_tck'
 33. Setup Times
 34. Hold Times
 35. Clock to Output Times
 36. Minimum Clock to Output Times
 37. Slow 1200mV 0C Model Metastability Report
 38. Fast 1200mV 0C Model Setup Summary
 39. Fast 1200mV 0C Model Hold Summary
 40. Fast 1200mV 0C Model Recovery Summary
 41. Fast 1200mV 0C Model Removal Summary
 42. Fast 1200mV 0C Model Minimum Pulse Width Summary
 43. Fast 1200mV 0C Model Setup: 'altera_reserved_tck'
 44. Fast 1200mV 0C Model Hold: 'altera_reserved_tck'
 45. Fast 1200mV 0C Model Recovery: 'altera_reserved_tck'
 46. Fast 1200mV 0C Model Removal: 'altera_reserved_tck'
 47. Fast 1200mV 0C Model Minimum Pulse Width: 'altera_reserved_tck'
 48. Setup Times
 49. Hold Times
 50. Clock to Output Times
 51. Minimum Clock to Output Times
 52. Fast 1200mV 0C Model Metastability Report
 53. Multicorner Timing Analysis Summary
 54. Setup Times
 55. Hold Times
 56. Clock to Output Times
 57. Minimum Clock to Output Times
 58. Board Trace Model Assignments
 59. Input Transition Times
 60. Signal Integrity Metrics (Slow 1200mv 0c Model)
 61. Signal Integrity Metrics (Slow 1200mv 85c Model)
 62. Signal Integrity Metrics (Fast 1200mv 0c Model)
 63. Setup Transfers
 64. Hold Transfers
 65. Recovery Transfers
 66. Removal Transfers
 67. Report TCCS
 68. Report RSKM
 69. Unconstrained Paths
 70. TimeQuest Timing Analyzer Messages



----------------
; Legal Notice ;
----------------
Copyright (C) 1991-2013 Altera Corporation
Your use of Altera Corporation's design tools, logic functions 
and other software and tools, and its AMPP partner logic 
functions, and any output files from any of the foregoing 
(including device programming or simulation files), and any 
associated documentation or information are expressly subject 
to the terms and conditions of the Altera Program License 
Subscription Agreement, Altera MegaCore Function License 
Agreement, or other applicable license agreement, including, 
without limitation, that your use is for the sole purpose of 
programming logic devices manufactured by Altera and sold by 
Altera or its authorized distributors.  Please refer to the 
applicable agreement for further details.



+-------------------------------------------------------------------------+
; TimeQuest Timing Analyzer Summary                                       ;
+--------------------+----------------------------------------------------+
; Quartus II Version ; Version 13.1.0 Build 162 10/23/2013 SJ Web Edition ;
; Revision Name      ; OP_from_megawizard                                 ;
; Device Family      ; Cyclone IV GX                                      ;
; Device Name        ; EP4CGX15BF14C6                                     ;
; Timing Models      ; Final                                              ;
; Delay Model        ; Combined                                           ;
; Rise/Fall Delays   ; Enabled                                            ;
+--------------------+----------------------------------------------------+


Parallel compilation was disabled, but you have multiple processors available. Enable parallel compilation to reduce compilation time.
+-------------------------------------+
; Parallel Compilation                ;
+----------------------------+--------+
; Processors                 ; Number ;
+----------------------------+--------+
; Number detected on machine ; 4      ;
; Maximum allowed            ; 1      ;
+----------------------------+--------+


+-----------------------------------------------------------------------------------------------------------------------------------------------------------------------------------------------------------+
; Clocks                                                                                                                                                                                                    ;
+---------------------+------+---------+-----------+-------+--------+------------+-----------+-------------+-------+--------+-----------+------------+----------+--------+--------+-------------------------+
; Clock Name          ; Type ; Period  ; Frequency ; Rise  ; Fall   ; Duty Cycle ; Divide by ; Multiply by ; Phase ; Offset ; Edge List ; Edge Shift ; Inverted ; Master ; Source ; Targets                 ;
+---------------------+------+---------+-----------+-------+--------+------------+-----------+-------------+-------+--------+-----------+------------+----------+--------+--------+-------------------------+
; altera_reserved_tck ; Base ; 100.000 ; 10.0 MHz  ; 0.000 ; 50.000 ;            ;           ;             ;       ;        ;           ;            ;          ;        ;        ; { altera_reserved_tck } ;
+---------------------+------+---------+-----------+-------+--------+------------+-----------+-------------+-------+--------+-----------+------------+----------+--------+--------+-------------------------+


+-----------------------------------------------------------+
; Slow 1200mV 85C Model Fmax Summary                        ;
+------------+-----------------+---------------------+------+
; Fmax       ; Restricted Fmax ; Clock Name          ; Note ;
+------------+-----------------+---------------------+------+
; 114.89 MHz ; 114.89 MHz      ; altera_reserved_tck ;      ;
+------------+-----------------+---------------------+------+
This panel reports FMAX for every clock in the design, regardless of the user-specified clock periods.  FMAX is only computed for paths where the source and destination registers or ports are driven by the same clock.  Paths of different clocks, including generated clocks, are ignored.  For paths between a clock and its inversion, FMAX is computed as if the rising and falling edges are scaled along with FMAX, such that the duty cycle (in terms of a percentage) is maintained. Altera recommends that you always use clock constraints and other slack reports for sign-off analysis.


----------------------------------
; Timing Closure Recommendations ;
----------------------------------
HTML report is unavailable in plain text report export.


+----------------------------------------------+
; Slow 1200mV 85C Model Setup Summary          ;
+---------------------+--------+---------------+
; Clock               ; Slack  ; End Point TNS ;
+---------------------+--------+---------------+
; altera_reserved_tck ; 45.648 ; 0.000         ;
+---------------------+--------+---------------+


+---------------------------------------------+
; Slow 1200mV 85C Model Hold Summary          ;
+---------------------+-------+---------------+
; Clock               ; Slack ; End Point TNS ;
+---------------------+-------+---------------+
; altera_reserved_tck ; 0.355 ; 0.000         ;
+---------------------+-------+---------------+


+----------------------------------------------+
; Slow 1200mV 85C Model Recovery Summary       ;
+---------------------+--------+---------------+
; Clock               ; Slack  ; End Point TNS ;
+---------------------+--------+---------------+
; altera_reserved_tck ; 48.435 ; 0.000         ;
+---------------------+--------+---------------+


+---------------------------------------------+
; Slow 1200mV 85C Model Removal Summary       ;
+---------------------+-------+---------------+
; Clock               ; Slack ; End Point TNS ;
+---------------------+-------+---------------+
; altera_reserved_tck ; 0.993 ; 0.000         ;
+---------------------+-------+---------------+


+---------------------------------------------------+
; Slow 1200mV 85C Model Minimum Pulse Width Summary ;
+---------------------+--------+--------------------+
; Clock               ; Slack  ; End Point TNS      ;
+---------------------+--------+--------------------+
; altera_reserved_tck ; 49.595 ; 0.000              ;
+---------------------+--------+--------------------+


+----------------------------------------------------------------------------------------------------------------------------------------------------------------------------------------------------------------------------------------------------------------------------------------------------------------------------------------------------------------------------------------------------------------------------------------------------+
; Slow 1200mV 85C Model Setup: 'altera_reserved_tck'                                                                                                                                                                                                                                                                                                                                                                                                 ;
+--------+------------------------------------------------------------------------------------------------------------------------------------------------------------------------+-----------------------------------------------------------------------------------------------------------------------------------------------------------------------------+---------------------+---------------------+--------------+------------+------------+
; Slack  ; From Node                                                                                                                                                              ; To Node                                                                                                                                                                     ; Launch Clock        ; Latch Clock         ; Relationship ; Clock Skew ; Data Delay ;
+--------+------------------------------------------------------------------------------------------------------------------------------------------------------------------------+-----------------------------------------------------------------------------------------------------------------------------------------------------------------------------+---------------------+---------------------+--------------+------------+------------+
; 45.648 ; sld_hub:auto_hub|sld_jtag_hub:\jtag_hub_gen:sld_jtag_hub_inst|irf_reg[1][1]                                                                                            ; sld_hub:auto_hub|sld_jtag_hub:\jtag_hub_gen:sld_jtag_hub_inst|tdo                                                                                                           ; altera_reserved_tck ; altera_reserved_tck ; 50.000       ; 0.078      ; 4.425      ;
; 45.706 ; Module_OP:OP|altsyncram:altsyncram_component|altsyncram_49u3:auto_generated|sld_mod_ram_rom:mgl_prim2|ram_rom_data_reg[0]                                              ; sld_hub:auto_hub|sld_jtag_hub:\jtag_hub_gen:sld_jtag_hub_inst|tdo                                                                                                           ; altera_reserved_tck ; altera_reserved_tck ; 50.000       ; 0.080      ; 4.369      ;
; 45.938 ; sld_hub:auto_hub|sld_jtag_hub:\jtag_hub_gen:sld_jtag_hub_inst|irf_reg[1][2]                                                                                            ; sld_hub:auto_hub|sld_jtag_hub:\jtag_hub_gen:sld_jtag_hub_inst|tdo                                                                                                           ; altera_reserved_tck ; altera_reserved_tck ; 50.000       ; 0.078      ; 4.135      ;
; 45.999 ; sld_hub:auto_hub|sld_jtag_hub:\jtag_hub_gen:sld_jtag_hub_inst|irf_reg[1][0]                                                                                            ; sld_hub:auto_hub|sld_jtag_hub:\jtag_hub_gen:sld_jtag_hub_inst|tdo                                                                                                           ; altera_reserved_tck ; altera_reserved_tck ; 50.000       ; 0.078      ; 4.074      ;
; 46.346 ; Module_OP:OP|altsyncram:altsyncram_component|altsyncram_49u3:auto_generated|sld_mod_ram_rom:mgl_prim2|sld_rom_sr:\ram_rom_logic_gen:no_name_gen:info_rom_sr|WORD_SR[0] ; sld_hub:auto_hub|sld_jtag_hub:\jtag_hub_gen:sld_jtag_hub_inst|tdo                                                                                                           ; altera_reserved_tck ; altera_reserved_tck ; 50.000       ; 0.078      ; 3.727      ;
; 46.516 ; Module_OP:OP|altsyncram:altsyncram_component|altsyncram_49u3:auto_generated|sld_mod_ram_rom:mgl_prim2|bypass_reg_out                                                   ; sld_hub:auto_hub|sld_jtag_hub:\jtag_hub_gen:sld_jtag_hub_inst|tdo                                                                                                           ; altera_reserved_tck ; altera_reserved_tck ; 50.000       ; 0.087      ; 3.566      ;
; 47.122 ; sld_hub:auto_hub|sld_jtag_hub:\jtag_hub_gen:sld_jtag_hub_inst|irsr_reg[2]                                                                                              ; sld_hub:auto_hub|sld_jtag_hub:\jtag_hub_gen:sld_jtag_hub_inst|tdo                                                                                                           ; altera_reserved_tck ; altera_reserved_tck ; 50.000       ; 0.078      ; 2.951      ;
; 47.250 ; sld_hub:auto_hub|sld_jtag_hub:\jtag_hub_gen:sld_jtag_hub_inst|irsr_reg[5]                                                                                              ; sld_hub:auto_hub|sld_jtag_hub:\jtag_hub_gen:sld_jtag_hub_inst|tdo                                                                                                           ; altera_reserved_tck ; altera_reserved_tck ; 50.000       ; 0.087      ; 2.832      ;
; 47.270 ; sld_hub:auto_hub|sld_jtag_hub:\jtag_hub_gen:sld_jtag_hub_inst|sld_rom_sr:hub_info_reg|WORD_SR[0]                                                                       ; sld_hub:auto_hub|sld_jtag_hub:\jtag_hub_gen:sld_jtag_hub_inst|tdo                                                                                                           ; altera_reserved_tck ; altera_reserved_tck ; 50.000       ; 0.078      ; 2.803      ;
; 47.295 ; sld_hub:auto_hub|sld_jtag_hub:\jtag_hub_gen:sld_jtag_hub_inst|irsr_reg[1]                                                                                              ; sld_hub:auto_hub|sld_jtag_hub:\jtag_hub_gen:sld_jtag_hub_inst|tdo                                                                                                           ; altera_reserved_tck ; altera_reserved_tck ; 50.000       ; 0.078      ; 2.778      ;
; 47.334 ; sld_hub:auto_hub|sld_jtag_hub:\jtag_hub_gen:sld_jtag_hub_inst|irsr_reg[0]                                                                                              ; sld_hub:auto_hub|sld_jtag_hub:\jtag_hub_gen:sld_jtag_hub_inst|tdo                                                                                                           ; altera_reserved_tck ; altera_reserved_tck ; 50.000       ; 0.078      ; 2.739      ;
; 47.554 ; sld_hub:auto_hub|sld_jtag_hub:\jtag_hub_gen:sld_jtag_hub_inst|hub_minor_ver_reg[0]                                                                                     ; sld_hub:auto_hub|sld_jtag_hub:\jtag_hub_gen:sld_jtag_hub_inst|tdo                                                                                                           ; altera_reserved_tck ; altera_reserved_tck ; 50.000       ; 0.084      ; 2.525      ;
; 47.642 ; sld_hub:auto_hub|sld_jtag_hub:\jtag_hub_gen:sld_jtag_hub_inst|virtual_ir_scan_reg                                                                                      ; sld_hub:auto_hub|sld_jtag_hub:\jtag_hub_gen:sld_jtag_hub_inst|tdo                                                                                                           ; altera_reserved_tck ; altera_reserved_tck ; 50.000       ; 0.083      ; 2.436      ;
; 47.762 ; sld_hub:auto_hub|sld_jtag_hub:\jtag_hub_gen:sld_jtag_hub_inst|tdo_bypass_reg                                                                                           ; sld_hub:auto_hub|sld_jtag_hub:\jtag_hub_gen:sld_jtag_hub_inst|tdo                                                                                                           ; altera_reserved_tck ; altera_reserved_tck ; 50.000       ; 0.084      ; 2.317      ;
; 47.899 ; sld_hub:auto_hub|sld_jtag_hub:\jtag_hub_gen:sld_jtag_hub_inst|sld_shadow_jsm:shadow_jsm|state[3]                                                                       ; sld_hub:auto_hub|sld_jtag_hub:\jtag_hub_gen:sld_jtag_hub_inst|tdo                                                                                                           ; altera_reserved_tck ; altera_reserved_tck ; 50.000       ; 0.084      ; 2.180      ;
; 48.181 ; sld_hub:auto_hub|sld_jtag_hub:\jtag_hub_gen:sld_jtag_hub_inst|sld_shadow_jsm:shadow_jsm|state[4]                                                                       ; sld_hub:auto_hub|sld_jtag_hub:\jtag_hub_gen:sld_jtag_hub_inst|tdo                                                                                                           ; altera_reserved_tck ; altera_reserved_tck ; 50.000       ; 0.084      ; 1.898      ;
; 49.397 ; sld_hub:auto_hub|sld_jtag_hub:\jtag_hub_gen:sld_jtag_hub_inst|design_hash_reg[0]                                                                                       ; sld_hub:auto_hub|sld_jtag_hub:\jtag_hub_gen:sld_jtag_hub_inst|tdo                                                                                                           ; altera_reserved_tck ; altera_reserved_tck ; 50.000       ; 0.087      ; 0.685      ;
; 95.742 ; Module_OP:OP|altsyncram:altsyncram_component|altsyncram_49u3:auto_generated|altsyncram_5kr2:altsyncram1|ram_block3a0~portb_we_reg                                      ; Module_OP:OP|altsyncram:altsyncram_component|altsyncram_49u3:auto_generated|sld_mod_ram_rom:mgl_prim2|ram_rom_data_reg[3]                                                   ; altera_reserved_tck ; altera_reserved_tck ; 100.000      ; -0.312     ; 3.941      ;
; 95.885 ; Module_OP:OP|altsyncram:altsyncram_component|altsyncram_49u3:auto_generated|altsyncram_5kr2:altsyncram1|ram_block3a0~portb_we_reg                                      ; Module_OP:OP|altsyncram:altsyncram_component|altsyncram_49u3:auto_generated|sld_mod_ram_rom:mgl_prim2|ram_rom_data_reg[4]                                                   ; altera_reserved_tck ; altera_reserved_tck ; 100.000      ; -0.312     ; 3.798      ;
; 95.926 ; sld_hub:auto_hub|sld_jtag_hub:\jtag_hub_gen:sld_jtag_hub_inst|virtual_ir_scan_reg                                                                                      ; sld_hub:auto_hub|sld_jtag_hub:\jtag_hub_gen:sld_jtag_hub_inst|sld_rom_sr:hub_info_reg|WORD_SR[1]                                                                            ; altera_reserved_tck ; altera_reserved_tck ; 100.000      ; -0.060     ; 4.009      ;
; 95.926 ; sld_hub:auto_hub|sld_jtag_hub:\jtag_hub_gen:sld_jtag_hub_inst|virtual_ir_scan_reg                                                                                      ; sld_hub:auto_hub|sld_jtag_hub:\jtag_hub_gen:sld_jtag_hub_inst|sld_rom_sr:hub_info_reg|WORD_SR[0]                                                                            ; altera_reserved_tck ; altera_reserved_tck ; 100.000      ; -0.060     ; 4.009      ;
; 96.051 ; Module_OP:OP|altsyncram:altsyncram_component|altsyncram_49u3:auto_generated|altsyncram_5kr2:altsyncram1|ram_block3a0~portb_we_reg                                      ; Module_OP:OP|altsyncram:altsyncram_component|altsyncram_49u3:auto_generated|sld_mod_ram_rom:mgl_prim2|ram_rom_data_reg[2]                                                   ; altera_reserved_tck ; altera_reserved_tck ; 100.000      ; -0.312     ; 3.632      ;
; 96.057 ; Module_OP:OP|altsyncram:altsyncram_component|altsyncram_49u3:auto_generated|altsyncram_5kr2:altsyncram1|ram_block3a0~portb_we_reg                                      ; Module_OP:OP|altsyncram:altsyncram_component|altsyncram_49u3:auto_generated|sld_mod_ram_rom:mgl_prim2|ram_rom_data_reg[7]                                                   ; altera_reserved_tck ; altera_reserved_tck ; 100.000      ; -0.312     ; 3.626      ;
; 96.058 ; Module_OP:OP|altsyncram:altsyncram_component|altsyncram_49u3:auto_generated|altsyncram_5kr2:altsyncram1|ram_block3a0~portb_we_reg                                      ; Module_OP:OP|altsyncram:altsyncram_component|altsyncram_49u3:auto_generated|sld_mod_ram_rom:mgl_prim2|ram_rom_data_reg[1]                                                   ; altera_reserved_tck ; altera_reserved_tck ; 100.000      ; -0.312     ; 3.625      ;
; 96.059 ; Module_OP:OP|altsyncram:altsyncram_component|altsyncram_49u3:auto_generated|altsyncram_5kr2:altsyncram1|ram_block3a0~portb_we_reg                                      ; Module_OP:OP|altsyncram:altsyncram_component|altsyncram_49u3:auto_generated|sld_mod_ram_rom:mgl_prim2|ram_rom_data_reg[0]                                                   ; altera_reserved_tck ; altera_reserved_tck ; 100.000      ; -0.312     ; 3.624      ;
; 96.059 ; Module_OP:OP|altsyncram:altsyncram_component|altsyncram_49u3:auto_generated|altsyncram_5kr2:altsyncram1|ram_block3a0~portb_we_reg                                      ; Module_OP:OP|altsyncram:altsyncram_component|altsyncram_49u3:auto_generated|sld_mod_ram_rom:mgl_prim2|ram_rom_data_reg[5]                                                   ; altera_reserved_tck ; altera_reserved_tck ; 100.000      ; -0.312     ; 3.624      ;
; 96.085 ; Module_OP:OP|altsyncram:altsyncram_component|altsyncram_49u3:auto_generated|altsyncram_5kr2:altsyncram1|ram_block3a0~portb_we_reg                                      ; Module_OP:OP|altsyncram:altsyncram_component|altsyncram_49u3:auto_generated|sld_mod_ram_rom:mgl_prim2|ram_rom_data_reg[6]                                                   ; altera_reserved_tck ; altera_reserved_tck ; 100.000      ; -0.312     ; 3.598      ;
; 96.237 ; sld_hub:auto_hub|sld_jtag_hub:\jtag_hub_gen:sld_jtag_hub_inst|sld_shadow_jsm:shadow_jsm|state[8]                                                                       ; sld_hub:auto_hub|sld_jtag_hub:\jtag_hub_gen:sld_jtag_hub_inst|sld_rom_sr:hub_info_reg|WORD_SR[1]                                                                            ; altera_reserved_tck ; altera_reserved_tck ; 100.000      ; -0.059     ; 3.699      ;
; 96.237 ; sld_hub:auto_hub|sld_jtag_hub:\jtag_hub_gen:sld_jtag_hub_inst|sld_shadow_jsm:shadow_jsm|state[8]                                                                       ; sld_hub:auto_hub|sld_jtag_hub:\jtag_hub_gen:sld_jtag_hub_inst|sld_rom_sr:hub_info_reg|WORD_SR[0]                                                                            ; altera_reserved_tck ; altera_reserved_tck ; 100.000      ; -0.059     ; 3.699      ;
; 96.293 ; sld_hub:auto_hub|sld_jtag_hub:\jtag_hub_gen:sld_jtag_hub_inst|sld_shadow_jsm:shadow_jsm|state[8]                                                                       ; Module_OP:OP|altsyncram:altsyncram_component|altsyncram_49u3:auto_generated|sld_mod_ram_rom:mgl_prim2|sld_rom_sr:\ram_rom_logic_gen:no_name_gen:info_rom_sr|WORD_SR[0]      ; altera_reserved_tck ; altera_reserved_tck ; 100.000      ; -0.059     ; 3.643      ;
; 96.302 ; sld_hub:auto_hub|sld_jtag_hub:\jtag_hub_gen:sld_jtag_hub_inst|sld_shadow_jsm:shadow_jsm|state[8]                                                                       ; Module_OP:OP|altsyncram:altsyncram_component|altsyncram_49u3:auto_generated|sld_mod_ram_rom:mgl_prim2|sld_rom_sr:\ram_rom_logic_gen:no_name_gen:info_rom_sr|word_counter[1] ; altera_reserved_tck ; altera_reserved_tck ; 100.000      ; -0.068     ; 3.625      ;
; 96.302 ; sld_hub:auto_hub|sld_jtag_hub:\jtag_hub_gen:sld_jtag_hub_inst|sld_shadow_jsm:shadow_jsm|state[8]                                                                       ; Module_OP:OP|altsyncram:altsyncram_component|altsyncram_49u3:auto_generated|sld_mod_ram_rom:mgl_prim2|sld_rom_sr:\ram_rom_logic_gen:no_name_gen:info_rom_sr|word_counter[0] ; altera_reserved_tck ; altera_reserved_tck ; 100.000      ; -0.068     ; 3.625      ;
; 96.302 ; sld_hub:auto_hub|sld_jtag_hub:\jtag_hub_gen:sld_jtag_hub_inst|sld_shadow_jsm:shadow_jsm|state[8]                                                                       ; Module_OP:OP|altsyncram:altsyncram_component|altsyncram_49u3:auto_generated|sld_mod_ram_rom:mgl_prim2|sld_rom_sr:\ram_rom_logic_gen:no_name_gen:info_rom_sr|word_counter[2] ; altera_reserved_tck ; altera_reserved_tck ; 100.000      ; -0.068     ; 3.625      ;
; 96.302 ; sld_hub:auto_hub|sld_jtag_hub:\jtag_hub_gen:sld_jtag_hub_inst|sld_shadow_jsm:shadow_jsm|state[8]                                                                       ; Module_OP:OP|altsyncram:altsyncram_component|altsyncram_49u3:auto_generated|sld_mod_ram_rom:mgl_prim2|sld_rom_sr:\ram_rom_logic_gen:no_name_gen:info_rom_sr|word_counter[3] ; altera_reserved_tck ; altera_reserved_tck ; 100.000      ; -0.068     ; 3.625      ;
; 96.328 ; sld_hub:auto_hub|sld_jtag_hub:\jtag_hub_gen:sld_jtag_hub_inst|sld_shadow_jsm:shadow_jsm|state[8]                                                                       ; Module_OP:OP|altsyncram:altsyncram_component|altsyncram_49u3:auto_generated|sld_mod_ram_rom:mgl_prim2|sld_rom_sr:\ram_rom_logic_gen:no_name_gen:info_rom_sr|WORD_SR[3]      ; altera_reserved_tck ; altera_reserved_tck ; 100.000      ; -0.068     ; 3.599      ;
; 96.328 ; sld_hub:auto_hub|sld_jtag_hub:\jtag_hub_gen:sld_jtag_hub_inst|sld_shadow_jsm:shadow_jsm|state[8]                                                                       ; Module_OP:OP|altsyncram:altsyncram_component|altsyncram_49u3:auto_generated|sld_mod_ram_rom:mgl_prim2|sld_rom_sr:\ram_rom_logic_gen:no_name_gen:info_rom_sr|WORD_SR[1]      ; altera_reserved_tck ; altera_reserved_tck ; 100.000      ; -0.068     ; 3.599      ;
; 96.328 ; sld_hub:auto_hub|sld_jtag_hub:\jtag_hub_gen:sld_jtag_hub_inst|sld_shadow_jsm:shadow_jsm|state[8]                                                                       ; Module_OP:OP|altsyncram:altsyncram_component|altsyncram_49u3:auto_generated|sld_mod_ram_rom:mgl_prim2|sld_rom_sr:\ram_rom_logic_gen:no_name_gen:info_rom_sr|WORD_SR[2]      ; altera_reserved_tck ; altera_reserved_tck ; 100.000      ; -0.068     ; 3.599      ;
; 96.364 ; sld_hub:auto_hub|sld_jtag_hub:\jtag_hub_gen:sld_jtag_hub_inst|virtual_ir_scan_reg                                                                                      ; Module_OP:OP|altsyncram:altsyncram_component|altsyncram_49u3:auto_generated|sld_mod_ram_rom:mgl_prim2|sld_rom_sr:\ram_rom_logic_gen:no_name_gen:info_rom_sr|WORD_SR[0]      ; altera_reserved_tck ; altera_reserved_tck ; 100.000      ; -0.060     ; 3.571      ;
; 96.408 ; sld_hub:auto_hub|sld_jtag_hub:\jtag_hub_gen:sld_jtag_hub_inst|virtual_ir_scan_reg                                                                                      ; Module_OP:OP|altsyncram:altsyncram_component|altsyncram_49u3:auto_generated|sld_mod_ram_rom:mgl_prim2|sld_rom_sr:\ram_rom_logic_gen:no_name_gen:info_rom_sr|WORD_SR[3]      ; altera_reserved_tck ; altera_reserved_tck ; 100.000      ; -0.069     ; 3.518      ;
; 96.408 ; sld_hub:auto_hub|sld_jtag_hub:\jtag_hub_gen:sld_jtag_hub_inst|virtual_ir_scan_reg                                                                                      ; Module_OP:OP|altsyncram:altsyncram_component|altsyncram_49u3:auto_generated|sld_mod_ram_rom:mgl_prim2|sld_rom_sr:\ram_rom_logic_gen:no_name_gen:info_rom_sr|WORD_SR[1]      ; altera_reserved_tck ; altera_reserved_tck ; 100.000      ; -0.069     ; 3.518      ;
; 96.408 ; sld_hub:auto_hub|sld_jtag_hub:\jtag_hub_gen:sld_jtag_hub_inst|virtual_ir_scan_reg                                                                                      ; Module_OP:OP|altsyncram:altsyncram_component|altsyncram_49u3:auto_generated|sld_mod_ram_rom:mgl_prim2|sld_rom_sr:\ram_rom_logic_gen:no_name_gen:info_rom_sr|WORD_SR[2]      ; altera_reserved_tck ; altera_reserved_tck ; 100.000      ; -0.069     ; 3.518      ;
; 96.426 ; sld_hub:auto_hub|sld_jtag_hub:\jtag_hub_gen:sld_jtag_hub_inst|virtual_ir_scan_reg                                                                                      ; Module_OP:OP|altsyncram:altsyncram_component|altsyncram_49u3:auto_generated|sld_mod_ram_rom:mgl_prim2|sld_rom_sr:\ram_rom_logic_gen:no_name_gen:info_rom_sr|word_counter[1] ; altera_reserved_tck ; altera_reserved_tck ; 100.000      ; -0.069     ; 3.500      ;
; 96.426 ; sld_hub:auto_hub|sld_jtag_hub:\jtag_hub_gen:sld_jtag_hub_inst|virtual_ir_scan_reg                                                                                      ; Module_OP:OP|altsyncram:altsyncram_component|altsyncram_49u3:auto_generated|sld_mod_ram_rom:mgl_prim2|sld_rom_sr:\ram_rom_logic_gen:no_name_gen:info_rom_sr|word_counter[0] ; altera_reserved_tck ; altera_reserved_tck ; 100.000      ; -0.069     ; 3.500      ;
; 96.426 ; sld_hub:auto_hub|sld_jtag_hub:\jtag_hub_gen:sld_jtag_hub_inst|virtual_ir_scan_reg                                                                                      ; Module_OP:OP|altsyncram:altsyncram_component|altsyncram_49u3:auto_generated|sld_mod_ram_rom:mgl_prim2|sld_rom_sr:\ram_rom_logic_gen:no_name_gen:info_rom_sr|word_counter[2] ; altera_reserved_tck ; altera_reserved_tck ; 100.000      ; -0.069     ; 3.500      ;
; 96.426 ; sld_hub:auto_hub|sld_jtag_hub:\jtag_hub_gen:sld_jtag_hub_inst|virtual_ir_scan_reg                                                                                      ; Module_OP:OP|altsyncram:altsyncram_component|altsyncram_49u3:auto_generated|sld_mod_ram_rom:mgl_prim2|sld_rom_sr:\ram_rom_logic_gen:no_name_gen:info_rom_sr|word_counter[3] ; altera_reserved_tck ; altera_reserved_tck ; 100.000      ; -0.069     ; 3.500      ;
; 96.522 ; sld_hub:auto_hub|sld_jtag_hub:\jtag_hub_gen:sld_jtag_hub_inst|virtual_ir_scan_reg                                                                                      ; sld_hub:auto_hub|sld_jtag_hub:\jtag_hub_gen:sld_jtag_hub_inst|sld_rom_sr:hub_info_reg|WORD_SR[2]                                                                            ; altera_reserved_tck ; altera_reserved_tck ; 100.000      ; -0.066     ; 3.407      ;
; 96.522 ; sld_hub:auto_hub|sld_jtag_hub:\jtag_hub_gen:sld_jtag_hub_inst|virtual_ir_scan_reg                                                                                      ; sld_hub:auto_hub|sld_jtag_hub:\jtag_hub_gen:sld_jtag_hub_inst|sld_rom_sr:hub_info_reg|WORD_SR[3]                                                                            ; altera_reserved_tck ; altera_reserved_tck ; 100.000      ; -0.066     ; 3.407      ;
; 96.527 ; sld_hub:auto_hub|sld_jtag_hub:\jtag_hub_gen:sld_jtag_hub_inst|virtual_ir_scan_reg                                                                                      ; sld_hub:auto_hub|sld_jtag_hub:\jtag_hub_gen:sld_jtag_hub_inst|sld_rom_sr:hub_info_reg|word_counter[1]                                                                       ; altera_reserved_tck ; altera_reserved_tck ; 100.000      ; -0.066     ; 3.402      ;
; 96.527 ; sld_hub:auto_hub|sld_jtag_hub:\jtag_hub_gen:sld_jtag_hub_inst|virtual_ir_scan_reg                                                                                      ; sld_hub:auto_hub|sld_jtag_hub:\jtag_hub_gen:sld_jtag_hub_inst|sld_rom_sr:hub_info_reg|word_counter[4]                                                                       ; altera_reserved_tck ; altera_reserved_tck ; 100.000      ; -0.066     ; 3.402      ;
; 96.527 ; sld_hub:auto_hub|sld_jtag_hub:\jtag_hub_gen:sld_jtag_hub_inst|virtual_ir_scan_reg                                                                                      ; sld_hub:auto_hub|sld_jtag_hub:\jtag_hub_gen:sld_jtag_hub_inst|sld_rom_sr:hub_info_reg|word_counter[0]                                                                       ; altera_reserved_tck ; altera_reserved_tck ; 100.000      ; -0.066     ; 3.402      ;
; 96.527 ; sld_hub:auto_hub|sld_jtag_hub:\jtag_hub_gen:sld_jtag_hub_inst|virtual_ir_scan_reg                                                                                      ; sld_hub:auto_hub|sld_jtag_hub:\jtag_hub_gen:sld_jtag_hub_inst|sld_rom_sr:hub_info_reg|word_counter[2]                                                                       ; altera_reserved_tck ; altera_reserved_tck ; 100.000      ; -0.066     ; 3.402      ;
; 96.527 ; sld_hub:auto_hub|sld_jtag_hub:\jtag_hub_gen:sld_jtag_hub_inst|virtual_ir_scan_reg                                                                                      ; sld_hub:auto_hub|sld_jtag_hub:\jtag_hub_gen:sld_jtag_hub_inst|sld_rom_sr:hub_info_reg|word_counter[3]                                                                       ; altera_reserved_tck ; altera_reserved_tck ; 100.000      ; -0.066     ; 3.402      ;
; 96.583 ; sld_hub:auto_hub|sld_jtag_hub:\jtag_hub_gen:sld_jtag_hub_inst|virtual_dr_scan_reg                                                                                      ; sld_hub:auto_hub|sld_jtag_hub:\jtag_hub_gen:sld_jtag_hub_inst|identity_contrib_update_reg[3]                                                                                ; altera_reserved_tck ; altera_reserved_tck ; 100.000      ; -0.068     ; 3.344      ;
; 96.583 ; sld_hub:auto_hub|sld_jtag_hub:\jtag_hub_gen:sld_jtag_hub_inst|virtual_dr_scan_reg                                                                                      ; sld_hub:auto_hub|sld_jtag_hub:\jtag_hub_gen:sld_jtag_hub_inst|identity_contrib_update_reg[2]                                                                                ; altera_reserved_tck ; altera_reserved_tck ; 100.000      ; -0.068     ; 3.344      ;
; 96.583 ; sld_hub:auto_hub|sld_jtag_hub:\jtag_hub_gen:sld_jtag_hub_inst|virtual_dr_scan_reg                                                                                      ; sld_hub:auto_hub|sld_jtag_hub:\jtag_hub_gen:sld_jtag_hub_inst|identity_contrib_update_reg[1]                                                                                ; altera_reserved_tck ; altera_reserved_tck ; 100.000      ; -0.068     ; 3.344      ;
; 96.583 ; sld_hub:auto_hub|sld_jtag_hub:\jtag_hub_gen:sld_jtag_hub_inst|virtual_dr_scan_reg                                                                                      ; sld_hub:auto_hub|sld_jtag_hub:\jtag_hub_gen:sld_jtag_hub_inst|identity_contrib_update_reg[0]                                                                                ; altera_reserved_tck ; altera_reserved_tck ; 100.000      ; -0.068     ; 3.344      ;
; 96.642 ; sld_hub:auto_hub|sld_jtag_hub:\jtag_hub_gen:sld_jtag_hub_inst|virtual_ir_scan_reg                                                                                      ; Module_OP:OP|altsyncram:altsyncram_component|altsyncram_49u3:auto_generated|sld_mod_ram_rom:mgl_prim2|ram_rom_data_reg[6]                                                   ; altera_reserved_tck ; altera_reserved_tck ; 100.000      ; -0.061     ; 3.292      ;
; 96.642 ; sld_hub:auto_hub|sld_jtag_hub:\jtag_hub_gen:sld_jtag_hub_inst|virtual_ir_scan_reg                                                                                      ; Module_OP:OP|altsyncram:altsyncram_component|altsyncram_49u3:auto_generated|sld_mod_ram_rom:mgl_prim2|ram_rom_data_reg[7]                                                   ; altera_reserved_tck ; altera_reserved_tck ; 100.000      ; -0.061     ; 3.292      ;
; 96.642 ; sld_hub:auto_hub|sld_jtag_hub:\jtag_hub_gen:sld_jtag_hub_inst|virtual_ir_scan_reg                                                                                      ; Module_OP:OP|altsyncram:altsyncram_component|altsyncram_49u3:auto_generated|sld_mod_ram_rom:mgl_prim2|ram_rom_data_reg[0]                                                   ; altera_reserved_tck ; altera_reserved_tck ; 100.000      ; -0.061     ; 3.292      ;
; 96.642 ; sld_hub:auto_hub|sld_jtag_hub:\jtag_hub_gen:sld_jtag_hub_inst|virtual_ir_scan_reg                                                                                      ; Module_OP:OP|altsyncram:altsyncram_component|altsyncram_49u3:auto_generated|sld_mod_ram_rom:mgl_prim2|ram_rom_data_reg[1]                                                   ; altera_reserved_tck ; altera_reserved_tck ; 100.000      ; -0.061     ; 3.292      ;
; 96.642 ; sld_hub:auto_hub|sld_jtag_hub:\jtag_hub_gen:sld_jtag_hub_inst|virtual_ir_scan_reg                                                                                      ; Module_OP:OP|altsyncram:altsyncram_component|altsyncram_49u3:auto_generated|sld_mod_ram_rom:mgl_prim2|ram_rom_data_reg[2]                                                   ; altera_reserved_tck ; altera_reserved_tck ; 100.000      ; -0.061     ; 3.292      ;
; 96.642 ; sld_hub:auto_hub|sld_jtag_hub:\jtag_hub_gen:sld_jtag_hub_inst|virtual_ir_scan_reg                                                                                      ; Module_OP:OP|altsyncram:altsyncram_component|altsyncram_49u3:auto_generated|sld_mod_ram_rom:mgl_prim2|ram_rom_data_reg[3]                                                   ; altera_reserved_tck ; altera_reserved_tck ; 100.000      ; -0.061     ; 3.292      ;
; 96.642 ; sld_hub:auto_hub|sld_jtag_hub:\jtag_hub_gen:sld_jtag_hub_inst|virtual_ir_scan_reg                                                                                      ; Module_OP:OP|altsyncram:altsyncram_component|altsyncram_49u3:auto_generated|sld_mod_ram_rom:mgl_prim2|ram_rom_data_reg[4]                                                   ; altera_reserved_tck ; altera_reserved_tck ; 100.000      ; -0.061     ; 3.292      ;
; 96.642 ; sld_hub:auto_hub|sld_jtag_hub:\jtag_hub_gen:sld_jtag_hub_inst|virtual_ir_scan_reg                                                                                      ; Module_OP:OP|altsyncram:altsyncram_component|altsyncram_49u3:auto_generated|sld_mod_ram_rom:mgl_prim2|ram_rom_data_reg[5]                                                   ; altera_reserved_tck ; altera_reserved_tck ; 100.000      ; -0.061     ; 3.292      ;
; 96.663 ; sld_hub:auto_hub|sld_jtag_hub:\jtag_hub_gen:sld_jtag_hub_inst|virtual_dr_scan_reg                                                                                      ; sld_hub:auto_hub|sld_jtag_hub:\jtag_hub_gen:sld_jtag_hub_inst|identity_contrib_shift_reg[3]                                                                                 ; altera_reserved_tck ; altera_reserved_tck ; 100.000      ; -0.068     ; 3.264      ;
; 96.663 ; sld_hub:auto_hub|sld_jtag_hub:\jtag_hub_gen:sld_jtag_hub_inst|virtual_dr_scan_reg                                                                                      ; sld_hub:auto_hub|sld_jtag_hub:\jtag_hub_gen:sld_jtag_hub_inst|identity_contrib_shift_reg[2]                                                                                 ; altera_reserved_tck ; altera_reserved_tck ; 100.000      ; -0.068     ; 3.264      ;
; 96.663 ; sld_hub:auto_hub|sld_jtag_hub:\jtag_hub_gen:sld_jtag_hub_inst|virtual_dr_scan_reg                                                                                      ; sld_hub:auto_hub|sld_jtag_hub:\jtag_hub_gen:sld_jtag_hub_inst|identity_contrib_shift_reg[1]                                                                                 ; altera_reserved_tck ; altera_reserved_tck ; 100.000      ; -0.068     ; 3.264      ;
; 96.663 ; sld_hub:auto_hub|sld_jtag_hub:\jtag_hub_gen:sld_jtag_hub_inst|virtual_dr_scan_reg                                                                                      ; sld_hub:auto_hub|sld_jtag_hub:\jtag_hub_gen:sld_jtag_hub_inst|identity_contrib_shift_reg[0]                                                                                 ; altera_reserved_tck ; altera_reserved_tck ; 100.000      ; -0.068     ; 3.264      ;
; 96.675 ; sld_hub:auto_hub|sld_jtag_hub:\jtag_hub_gen:sld_jtag_hub_inst|sld_shadow_jsm:shadow_jsm|state[4]                                                                       ; Module_OP:OP|altsyncram:altsyncram_component|altsyncram_49u3:auto_generated|sld_mod_ram_rom:mgl_prim2|sld_rom_sr:\ram_rom_logic_gen:no_name_gen:info_rom_sr|WORD_SR[0]      ; altera_reserved_tck ; altera_reserved_tck ; 100.000      ; -0.059     ; 3.261      ;
; 96.677 ; sld_hub:auto_hub|sld_jtag_hub:\jtag_hub_gen:sld_jtag_hub_inst|irsr_reg[5]                                                                                              ; sld_hub:auto_hub|sld_jtag_hub:\jtag_hub_gen:sld_jtag_hub_inst|node_ena[1]~reg0                                                                                              ; altera_reserved_tck ; altera_reserved_tck ; 100.000      ; -0.061     ; 3.257      ;
; 96.715 ; sld_hub:auto_hub|sld_jtag_hub:\jtag_hub_gen:sld_jtag_hub_inst|node_ena[1]~reg0                                                                                         ; Module_OP:OP|altsyncram:altsyncram_component|altsyncram_49u3:auto_generated|sld_mod_ram_rom:mgl_prim2|ram_rom_data_reg[6]                                                   ; altera_reserved_tck ; altera_reserved_tck ; 100.000      ; -0.060     ; 3.220      ;
; 96.715 ; sld_hub:auto_hub|sld_jtag_hub:\jtag_hub_gen:sld_jtag_hub_inst|node_ena[1]~reg0                                                                                         ; Module_OP:OP|altsyncram:altsyncram_component|altsyncram_49u3:auto_generated|sld_mod_ram_rom:mgl_prim2|ram_rom_data_reg[7]                                                   ; altera_reserved_tck ; altera_reserved_tck ; 100.000      ; -0.060     ; 3.220      ;
; 96.715 ; sld_hub:auto_hub|sld_jtag_hub:\jtag_hub_gen:sld_jtag_hub_inst|node_ena[1]~reg0                                                                                         ; Module_OP:OP|altsyncram:altsyncram_component|altsyncram_49u3:auto_generated|sld_mod_ram_rom:mgl_prim2|ram_rom_data_reg[0]                                                   ; altera_reserved_tck ; altera_reserved_tck ; 100.000      ; -0.060     ; 3.220      ;
; 96.715 ; sld_hub:auto_hub|sld_jtag_hub:\jtag_hub_gen:sld_jtag_hub_inst|node_ena[1]~reg0                                                                                         ; Module_OP:OP|altsyncram:altsyncram_component|altsyncram_49u3:auto_generated|sld_mod_ram_rom:mgl_prim2|ram_rom_data_reg[1]                                                   ; altera_reserved_tck ; altera_reserved_tck ; 100.000      ; -0.060     ; 3.220      ;
; 96.715 ; sld_hub:auto_hub|sld_jtag_hub:\jtag_hub_gen:sld_jtag_hub_inst|node_ena[1]~reg0                                                                                         ; Module_OP:OP|altsyncram:altsyncram_component|altsyncram_49u3:auto_generated|sld_mod_ram_rom:mgl_prim2|ram_rom_data_reg[2]                                                   ; altera_reserved_tck ; altera_reserved_tck ; 100.000      ; -0.060     ; 3.220      ;
; 96.715 ; sld_hub:auto_hub|sld_jtag_hub:\jtag_hub_gen:sld_jtag_hub_inst|node_ena[1]~reg0                                                                                         ; Module_OP:OP|altsyncram:altsyncram_component|altsyncram_49u3:auto_generated|sld_mod_ram_rom:mgl_prim2|ram_rom_data_reg[3]                                                   ; altera_reserved_tck ; altera_reserved_tck ; 100.000      ; -0.060     ; 3.220      ;
; 96.715 ; sld_hub:auto_hub|sld_jtag_hub:\jtag_hub_gen:sld_jtag_hub_inst|node_ena[1]~reg0                                                                                         ; Module_OP:OP|altsyncram:altsyncram_component|altsyncram_49u3:auto_generated|sld_mod_ram_rom:mgl_prim2|ram_rom_data_reg[4]                                                   ; altera_reserved_tck ; altera_reserved_tck ; 100.000      ; -0.060     ; 3.220      ;
; 96.715 ; sld_hub:auto_hub|sld_jtag_hub:\jtag_hub_gen:sld_jtag_hub_inst|node_ena[1]~reg0                                                                                         ; Module_OP:OP|altsyncram:altsyncram_component|altsyncram_49u3:auto_generated|sld_mod_ram_rom:mgl_prim2|ram_rom_data_reg[5]                                                   ; altera_reserved_tck ; altera_reserved_tck ; 100.000      ; -0.060     ; 3.220      ;
; 96.729 ; sld_hub:auto_hub|sld_jtag_hub:\jtag_hub_gen:sld_jtag_hub_inst|irsr_reg[1]                                                                                              ; sld_hub:auto_hub|sld_jtag_hub:\jtag_hub_gen:sld_jtag_hub_inst|identity_contrib_update_reg[3]                                                                                ; altera_reserved_tck ; altera_reserved_tck ; 100.000      ; -0.073     ; 3.193      ;
; 96.729 ; sld_hub:auto_hub|sld_jtag_hub:\jtag_hub_gen:sld_jtag_hub_inst|irsr_reg[1]                                                                                              ; sld_hub:auto_hub|sld_jtag_hub:\jtag_hub_gen:sld_jtag_hub_inst|identity_contrib_update_reg[2]                                                                                ; altera_reserved_tck ; altera_reserved_tck ; 100.000      ; -0.073     ; 3.193      ;
; 96.729 ; sld_hub:auto_hub|sld_jtag_hub:\jtag_hub_gen:sld_jtag_hub_inst|irsr_reg[1]                                                                                              ; sld_hub:auto_hub|sld_jtag_hub:\jtag_hub_gen:sld_jtag_hub_inst|identity_contrib_update_reg[1]                                                                                ; altera_reserved_tck ; altera_reserved_tck ; 100.000      ; -0.073     ; 3.193      ;
; 96.729 ; sld_hub:auto_hub|sld_jtag_hub:\jtag_hub_gen:sld_jtag_hub_inst|irsr_reg[1]                                                                                              ; sld_hub:auto_hub|sld_jtag_hub:\jtag_hub_gen:sld_jtag_hub_inst|identity_contrib_update_reg[0]                                                                                ; altera_reserved_tck ; altera_reserved_tck ; 100.000      ; -0.073     ; 3.193      ;
; 96.804 ; sld_hub:auto_hub|sld_jtag_hub:\jtag_hub_gen:sld_jtag_hub_inst|virtual_ir_scan_reg                                                                                      ; Module_OP:OP|altsyncram:altsyncram_component|altsyncram_49u3:auto_generated|sld_mod_ram_rom:mgl_prim2|ram_rom_addr_reg[3]                                                   ; altera_reserved_tck ; altera_reserved_tck ; 100.000      ; -0.061     ; 3.130      ;
; 96.804 ; sld_hub:auto_hub|sld_jtag_hub:\jtag_hub_gen:sld_jtag_hub_inst|virtual_ir_scan_reg                                                                                      ; Module_OP:OP|altsyncram:altsyncram_component|altsyncram_49u3:auto_generated|sld_mod_ram_rom:mgl_prim2|ram_rom_addr_reg[4]                                                   ; altera_reserved_tck ; altera_reserved_tck ; 100.000      ; -0.061     ; 3.130      ;
; 96.804 ; sld_hub:auto_hub|sld_jtag_hub:\jtag_hub_gen:sld_jtag_hub_inst|virtual_ir_scan_reg                                                                                      ; Module_OP:OP|altsyncram:altsyncram_component|altsyncram_49u3:auto_generated|sld_mod_ram_rom:mgl_prim2|ram_rom_addr_reg[5]                                                   ; altera_reserved_tck ; altera_reserved_tck ; 100.000      ; -0.061     ; 3.130      ;
; 96.804 ; sld_hub:auto_hub|sld_jtag_hub:\jtag_hub_gen:sld_jtag_hub_inst|virtual_ir_scan_reg                                                                                      ; Module_OP:OP|altsyncram:altsyncram_component|altsyncram_49u3:auto_generated|sld_mod_ram_rom:mgl_prim2|ram_rom_addr_reg[6]                                                   ; altera_reserved_tck ; altera_reserved_tck ; 100.000      ; -0.061     ; 3.130      ;
; 96.804 ; sld_hub:auto_hub|sld_jtag_hub:\jtag_hub_gen:sld_jtag_hub_inst|virtual_ir_scan_reg                                                                                      ; Module_OP:OP|altsyncram:altsyncram_component|altsyncram_49u3:auto_generated|sld_mod_ram_rom:mgl_prim2|ram_rom_addr_reg[7]                                                   ; altera_reserved_tck ; altera_reserved_tck ; 100.000      ; -0.061     ; 3.130      ;
; 96.804 ; sld_hub:auto_hub|sld_jtag_hub:\jtag_hub_gen:sld_jtag_hub_inst|virtual_ir_scan_reg                                                                                      ; Module_OP:OP|altsyncram:altsyncram_component|altsyncram_49u3:auto_generated|sld_mod_ram_rom:mgl_prim2|ram_rom_addr_reg[0]                                                   ; altera_reserved_tck ; altera_reserved_tck ; 100.000      ; -0.061     ; 3.130      ;
; 96.804 ; sld_hub:auto_hub|sld_jtag_hub:\jtag_hub_gen:sld_jtag_hub_inst|virtual_ir_scan_reg                                                                                      ; Module_OP:OP|altsyncram:altsyncram_component|altsyncram_49u3:auto_generated|sld_mod_ram_rom:mgl_prim2|ram_rom_addr_reg[1]                                                   ; altera_reserved_tck ; altera_reserved_tck ; 100.000      ; -0.061     ; 3.130      ;
; 96.804 ; sld_hub:auto_hub|sld_jtag_hub:\jtag_hub_gen:sld_jtag_hub_inst|virtual_ir_scan_reg                                                                                      ; Module_OP:OP|altsyncram:altsyncram_component|altsyncram_49u3:auto_generated|sld_mod_ram_rom:mgl_prim2|ram_rom_addr_reg[2]                                                   ; altera_reserved_tck ; altera_reserved_tck ; 100.000      ; -0.061     ; 3.130      ;
; 96.809 ; sld_hub:auto_hub|sld_jtag_hub:\jtag_hub_gen:sld_jtag_hub_inst|irsr_reg[1]                                                                                              ; sld_hub:auto_hub|sld_jtag_hub:\jtag_hub_gen:sld_jtag_hub_inst|identity_contrib_shift_reg[3]                                                                                 ; altera_reserved_tck ; altera_reserved_tck ; 100.000      ; -0.073     ; 3.113      ;
; 96.809 ; sld_hub:auto_hub|sld_jtag_hub:\jtag_hub_gen:sld_jtag_hub_inst|irsr_reg[1]                                                                                              ; sld_hub:auto_hub|sld_jtag_hub:\jtag_hub_gen:sld_jtag_hub_inst|identity_contrib_shift_reg[2]                                                                                 ; altera_reserved_tck ; altera_reserved_tck ; 100.000      ; -0.073     ; 3.113      ;
; 96.809 ; sld_hub:auto_hub|sld_jtag_hub:\jtag_hub_gen:sld_jtag_hub_inst|irsr_reg[1]                                                                                              ; sld_hub:auto_hub|sld_jtag_hub:\jtag_hub_gen:sld_jtag_hub_inst|identity_contrib_shift_reg[1]                                                                                 ; altera_reserved_tck ; altera_reserved_tck ; 100.000      ; -0.073     ; 3.113      ;
; 96.809 ; sld_hub:auto_hub|sld_jtag_hub:\jtag_hub_gen:sld_jtag_hub_inst|irsr_reg[1]                                                                                              ; sld_hub:auto_hub|sld_jtag_hub:\jtag_hub_gen:sld_jtag_hub_inst|identity_contrib_shift_reg[0]                                                                                 ; altera_reserved_tck ; altera_reserved_tck ; 100.000      ; -0.073     ; 3.113      ;
; 96.812 ; sld_hub:auto_hub|sld_jtag_hub:\jtag_hub_gen:sld_jtag_hub_inst|irsr_reg[0]                                                                                              ; sld_hub:auto_hub|sld_jtag_hub:\jtag_hub_gen:sld_jtag_hub_inst|identity_contrib_update_reg[3]                                                                                ; altera_reserved_tck ; altera_reserved_tck ; 100.000      ; -0.073     ; 3.110      ;
; 96.812 ; sld_hub:auto_hub|sld_jtag_hub:\jtag_hub_gen:sld_jtag_hub_inst|irsr_reg[0]                                                                                              ; sld_hub:auto_hub|sld_jtag_hub:\jtag_hub_gen:sld_jtag_hub_inst|identity_contrib_update_reg[2]                                                                                ; altera_reserved_tck ; altera_reserved_tck ; 100.000      ; -0.073     ; 3.110      ;
; 96.812 ; sld_hub:auto_hub|sld_jtag_hub:\jtag_hub_gen:sld_jtag_hub_inst|irsr_reg[0]                                                                                              ; sld_hub:auto_hub|sld_jtag_hub:\jtag_hub_gen:sld_jtag_hub_inst|identity_contrib_update_reg[1]                                                                                ; altera_reserved_tck ; altera_reserved_tck ; 100.000      ; -0.073     ; 3.110      ;
; 96.812 ; sld_hub:auto_hub|sld_jtag_hub:\jtag_hub_gen:sld_jtag_hub_inst|irsr_reg[0]                                                                                              ; sld_hub:auto_hub|sld_jtag_hub:\jtag_hub_gen:sld_jtag_hub_inst|identity_contrib_update_reg[0]                                                                                ; altera_reserved_tck ; altera_reserved_tck ; 100.000      ; -0.073     ; 3.110      ;
; 96.833 ; sld_hub:auto_hub|sld_jtag_hub:\jtag_hub_gen:sld_jtag_hub_inst|sld_shadow_jsm:shadow_jsm|state[8]                                                                       ; sld_hub:auto_hub|sld_jtag_hub:\jtag_hub_gen:sld_jtag_hub_inst|sld_rom_sr:hub_info_reg|WORD_SR[2]                                                                            ; altera_reserved_tck ; altera_reserved_tck ; 100.000      ; -0.065     ; 3.097      ;
; 96.833 ; sld_hub:auto_hub|sld_jtag_hub:\jtag_hub_gen:sld_jtag_hub_inst|sld_shadow_jsm:shadow_jsm|state[8]                                                                       ; sld_hub:auto_hub|sld_jtag_hub:\jtag_hub_gen:sld_jtag_hub_inst|sld_rom_sr:hub_info_reg|WORD_SR[3]                                                                            ; altera_reserved_tck ; altera_reserved_tck ; 100.000      ; -0.065     ; 3.097      ;
+--------+------------------------------------------------------------------------------------------------------------------------------------------------------------------------+-----------------------------------------------------------------------------------------------------------------------------------------------------------------------------+---------------------+---------------------+--------------+------------+------------+


+--------------------------------------------------------------------------------------------------------------------------------------------------------------------------------------------------------------------------------------------------------------------------------------------------------------------------------------------------------------------------------------------------------------------------------------------------------+
; Slow 1200mV 85C Model Hold: 'altera_reserved_tck'                                                                                                                                                                                                                                                                                                                                                                                                      ;
+-------+-----------------------------------------------------------------------------------------------------------------------------------------------------------------------------+-----------------------------------------------------------------------------------------------------------------------------------------------------------------------------+---------------------+---------------------+--------------+------------+------------+
; Slack ; From Node                                                                                                                                                                   ; To Node                                                                                                                                                                     ; Launch Clock        ; Latch Clock         ; Relationship ; Clock Skew ; Data Delay ;
+-------+-----------------------------------------------------------------------------------------------------------------------------------------------------------------------------+-----------------------------------------------------------------------------------------------------------------------------------------------------------------------------+---------------------+---------------------+--------------+------------+------------+
; 0.355 ; sld_hub:auto_hub|sld_jtag_hub:\jtag_hub_gen:sld_jtag_hub_inst|hub_mode_reg[0]                                                                                               ; sld_hub:auto_hub|sld_jtag_hub:\jtag_hub_gen:sld_jtag_hub_inst|hub_mode_reg[0]                                                                                               ; altera_reserved_tck ; altera_reserved_tck ; 0.000        ; 0.065      ; 0.577      ;
; 0.355 ; sld_hub:auto_hub|sld_jtag_hub:\jtag_hub_gen:sld_jtag_hub_inst|hub_mode_reg[1]                                                                                               ; sld_hub:auto_hub|sld_jtag_hub:\jtag_hub_gen:sld_jtag_hub_inst|hub_mode_reg[1]                                                                                               ; altera_reserved_tck ; altera_reserved_tck ; 0.000        ; 0.065      ; 0.577      ;
; 0.355 ; sld_hub:auto_hub|sld_jtag_hub:\jtag_hub_gen:sld_jtag_hub_inst|tdo_bypass_reg                                                                                                ; sld_hub:auto_hub|sld_jtag_hub:\jtag_hub_gen:sld_jtag_hub_inst|tdo_bypass_reg                                                                                                ; altera_reserved_tck ; altera_reserved_tck ; 0.000        ; 0.065      ; 0.577      ;
; 0.355 ; sld_hub:auto_hub|sld_jtag_hub:\jtag_hub_gen:sld_jtag_hub_inst|sld_shadow_jsm:shadow_jsm|state[4]                                                                            ; sld_hub:auto_hub|sld_jtag_hub:\jtag_hub_gen:sld_jtag_hub_inst|sld_shadow_jsm:shadow_jsm|state[4]                                                                            ; altera_reserved_tck ; altera_reserved_tck ; 0.000        ; 0.065      ; 0.577      ;
; 0.355 ; sld_hub:auto_hub|sld_jtag_hub:\jtag_hub_gen:sld_jtag_hub_inst|sld_shadow_jsm:shadow_jsm|state[6]                                                                            ; sld_hub:auto_hub|sld_jtag_hub:\jtag_hub_gen:sld_jtag_hub_inst|sld_shadow_jsm:shadow_jsm|state[6]                                                                            ; altera_reserved_tck ; altera_reserved_tck ; 0.000        ; 0.065      ; 0.577      ;
; 0.356 ; Module_OP:OP|altsyncram:altsyncram_component|altsyncram_49u3:auto_generated|sld_mod_ram_rom:mgl_prim2|ram_rom_data_shift_cntr_reg[1]                                        ; Module_OP:OP|altsyncram:altsyncram_component|altsyncram_49u3:auto_generated|sld_mod_ram_rom:mgl_prim2|ram_rom_data_shift_cntr_reg[1]                                        ; altera_reserved_tck ; altera_reserved_tck ; 0.000        ; 0.064      ; 0.577      ;
; 0.356 ; Module_OP:OP|altsyncram:altsyncram_component|altsyncram_49u3:auto_generated|sld_mod_ram_rom:mgl_prim2|ram_rom_data_shift_cntr_reg[2]                                        ; Module_OP:OP|altsyncram:altsyncram_component|altsyncram_49u3:auto_generated|sld_mod_ram_rom:mgl_prim2|ram_rom_data_shift_cntr_reg[2]                                        ; altera_reserved_tck ; altera_reserved_tck ; 0.000        ; 0.064      ; 0.577      ;
; 0.356 ; Module_OP:OP|altsyncram:altsyncram_component|altsyncram_49u3:auto_generated|sld_mod_ram_rom:mgl_prim2|ram_rom_data_shift_cntr_reg[0]                                        ; Module_OP:OP|altsyncram:altsyncram_component|altsyncram_49u3:auto_generated|sld_mod_ram_rom:mgl_prim2|ram_rom_data_shift_cntr_reg[0]                                        ; altera_reserved_tck ; altera_reserved_tck ; 0.000        ; 0.064      ; 0.577      ;
; 0.356 ; sld_hub:auto_hub|sld_jtag_hub:\jtag_hub_gen:sld_jtag_hub_inst|irsr_reg[5]                                                                                                   ; sld_hub:auto_hub|sld_jtag_hub:\jtag_hub_gen:sld_jtag_hub_inst|irsr_reg[5]                                                                                                   ; altera_reserved_tck ; altera_reserved_tck ; 0.000        ; 0.064      ; 0.577      ;
; 0.356 ; sld_hub:auto_hub|sld_jtag_hub:\jtag_hub_gen:sld_jtag_hub_inst|node_ena[1]~reg0                                                                                              ; sld_hub:auto_hub|sld_jtag_hub:\jtag_hub_gen:sld_jtag_hub_inst|node_ena[1]~reg0                                                                                              ; altera_reserved_tck ; altera_reserved_tck ; 0.000        ; 0.064      ; 0.577      ;
; 0.356 ; sld_hub:auto_hub|sld_jtag_hub:\jtag_hub_gen:sld_jtag_hub_inst|hub_mode_reg[2]                                                                                               ; sld_hub:auto_hub|sld_jtag_hub:\jtag_hub_gen:sld_jtag_hub_inst|hub_mode_reg[2]                                                                                               ; altera_reserved_tck ; altera_reserved_tck ; 0.000        ; 0.064      ; 0.577      ;
; 0.356 ; Module_OP:OP|altsyncram:altsyncram_component|altsyncram_49u3:auto_generated|sld_mod_ram_rom:mgl_prim2|sld_rom_sr:\ram_rom_logic_gen:no_name_gen:info_rom_sr|word_counter[1] ; Module_OP:OP|altsyncram:altsyncram_component|altsyncram_49u3:auto_generated|sld_mod_ram_rom:mgl_prim2|sld_rom_sr:\ram_rom_logic_gen:no_name_gen:info_rom_sr|word_counter[1] ; altera_reserved_tck ; altera_reserved_tck ; 0.000        ; 0.064      ; 0.577      ;
; 0.356 ; Module_OP:OP|altsyncram:altsyncram_component|altsyncram_49u3:auto_generated|sld_mod_ram_rom:mgl_prim2|sld_rom_sr:\ram_rom_logic_gen:no_name_gen:info_rom_sr|word_counter[2] ; Module_OP:OP|altsyncram:altsyncram_component|altsyncram_49u3:auto_generated|sld_mod_ram_rom:mgl_prim2|sld_rom_sr:\ram_rom_logic_gen:no_name_gen:info_rom_sr|word_counter[2] ; altera_reserved_tck ; altera_reserved_tck ; 0.000        ; 0.064      ; 0.577      ;
; 0.356 ; Module_OP:OP|altsyncram:altsyncram_component|altsyncram_49u3:auto_generated|sld_mod_ram_rom:mgl_prim2|sld_rom_sr:\ram_rom_logic_gen:no_name_gen:info_rom_sr|word_counter[3] ; Module_OP:OP|altsyncram:altsyncram_component|altsyncram_49u3:auto_generated|sld_mod_ram_rom:mgl_prim2|sld_rom_sr:\ram_rom_logic_gen:no_name_gen:info_rom_sr|word_counter[3] ; altera_reserved_tck ; altera_reserved_tck ; 0.000        ; 0.064      ; 0.577      ;
; 0.356 ; sld_hub:auto_hub|sld_jtag_hub:\jtag_hub_gen:sld_jtag_hub_inst|sld_shadow_jsm:shadow_jsm|state[11]                                                                           ; sld_hub:auto_hub|sld_jtag_hub:\jtag_hub_gen:sld_jtag_hub_inst|sld_shadow_jsm:shadow_jsm|state[11]                                                                           ; altera_reserved_tck ; altera_reserved_tck ; 0.000        ; 0.064      ; 0.577      ;
; 0.356 ; sld_hub:auto_hub|sld_jtag_hub:\jtag_hub_gen:sld_jtag_hub_inst|sld_shadow_jsm:shadow_jsm|state[13]                                                                           ; sld_hub:auto_hub|sld_jtag_hub:\jtag_hub_gen:sld_jtag_hub_inst|sld_shadow_jsm:shadow_jsm|state[13]                                                                           ; altera_reserved_tck ; altera_reserved_tck ; 0.000        ; 0.064      ; 0.577      ;
; 0.356 ; Module_OP:OP|altsyncram:altsyncram_component|altsyncram_49u3:auto_generated|sld_mod_ram_rom:mgl_prim2|bypass_reg_out                                                        ; Module_OP:OP|altsyncram:altsyncram_component|altsyncram_49u3:auto_generated|sld_mod_ram_rom:mgl_prim2|bypass_reg_out                                                        ; altera_reserved_tck ; altera_reserved_tck ; 0.000        ; 0.064      ; 0.577      ;
; 0.356 ; Module_OP:OP|altsyncram:altsyncram_component|altsyncram_49u3:auto_generated|sld_mod_ram_rom:mgl_prim2|is_in_use_reg                                                         ; Module_OP:OP|altsyncram:altsyncram_component|altsyncram_49u3:auto_generated|sld_mod_ram_rom:mgl_prim2|is_in_use_reg                                                         ; altera_reserved_tck ; altera_reserved_tck ; 0.000        ; 0.064      ; 0.577      ;
; 0.356 ; sld_hub:auto_hub|sld_jtag_hub:\jtag_hub_gen:sld_jtag_hub_inst|sld_shadow_jsm:shadow_jsm|state[1]                                                                            ; sld_hub:auto_hub|sld_jtag_hub:\jtag_hub_gen:sld_jtag_hub_inst|sld_shadow_jsm:shadow_jsm|state[1]                                                                            ; altera_reserved_tck ; altera_reserved_tck ; 0.000        ; 0.064      ; 0.577      ;
; 0.356 ; sld_hub:auto_hub|sld_jtag_hub:\jtag_hub_gen:sld_jtag_hub_inst|sld_shadow_jsm:shadow_jsm|state[0]                                                                            ; sld_hub:auto_hub|sld_jtag_hub:\jtag_hub_gen:sld_jtag_hub_inst|sld_shadow_jsm:shadow_jsm|state[0]                                                                            ; altera_reserved_tck ; altera_reserved_tck ; 0.000        ; 0.064      ; 0.577      ;
; 0.356 ; sld_hub:auto_hub|sld_jtag_hub:\jtag_hub_gen:sld_jtag_hub_inst|sld_shadow_jsm:shadow_jsm|tms_cnt[2]                                                                          ; sld_hub:auto_hub|sld_jtag_hub:\jtag_hub_gen:sld_jtag_hub_inst|sld_shadow_jsm:shadow_jsm|tms_cnt[2]                                                                          ; altera_reserved_tck ; altera_reserved_tck ; 0.000        ; 0.064      ; 0.577      ;
; 0.356 ; sld_hub:auto_hub|sld_jtag_hub:\jtag_hub_gen:sld_jtag_hub_inst|sld_shadow_jsm:shadow_jsm|tms_cnt[1]                                                                          ; sld_hub:auto_hub|sld_jtag_hub:\jtag_hub_gen:sld_jtag_hub_inst|sld_shadow_jsm:shadow_jsm|tms_cnt[1]                                                                          ; altera_reserved_tck ; altera_reserved_tck ; 0.000        ; 0.064      ; 0.577      ;
; 0.359 ; Module_OP:OP|altsyncram:altsyncram_component|altsyncram_49u3:auto_generated|sld_mod_ram_rom:mgl_prim2|sld_rom_sr:\ram_rom_logic_gen:no_name_gen:info_rom_sr|word_counter[0] ; Module_OP:OP|altsyncram:altsyncram_component|altsyncram_49u3:auto_generated|sld_mod_ram_rom:mgl_prim2|sld_rom_sr:\ram_rom_logic_gen:no_name_gen:info_rom_sr|word_counter[0] ; altera_reserved_tck ; altera_reserved_tck ; 0.000        ; 0.064      ; 0.580      ;
; 0.359 ; sld_hub:auto_hub|sld_jtag_hub:\jtag_hub_gen:sld_jtag_hub_inst|sld_shadow_jsm:shadow_jsm|tms_cnt[0]                                                                          ; sld_hub:auto_hub|sld_jtag_hub:\jtag_hub_gen:sld_jtag_hub_inst|sld_shadow_jsm:shadow_jsm|tms_cnt[0]                                                                          ; altera_reserved_tck ; altera_reserved_tck ; 0.000        ; 0.064      ; 0.580      ;
; 0.370 ; sld_hub:auto_hub|sld_jtag_hub:\jtag_hub_gen:sld_jtag_hub_inst|hub_minor_ver_reg[2]                                                                                          ; sld_hub:auto_hub|sld_jtag_hub:\jtag_hub_gen:sld_jtag_hub_inst|hub_minor_ver_reg[1]                                                                                          ; altera_reserved_tck ; altera_reserved_tck ; 0.000        ; 0.065      ; 0.592      ;
; 0.370 ; sld_hub:auto_hub|sld_jtag_hub:\jtag_hub_gen:sld_jtag_hub_inst|hub_minor_ver_reg[3]                                                                                          ; sld_hub:auto_hub|sld_jtag_hub:\jtag_hub_gen:sld_jtag_hub_inst|hub_minor_ver_reg[2]                                                                                          ; altera_reserved_tck ; altera_reserved_tck ; 0.000        ; 0.065      ; 0.592      ;
; 0.371 ; sld_hub:auto_hub|sld_jtag_hub:\jtag_hub_gen:sld_jtag_hub_inst|sld_shadow_jsm:shadow_jsm|state[13]                                                                           ; sld_hub:auto_hub|sld_jtag_hub:\jtag_hub_gen:sld_jtag_hub_inst|sld_shadow_jsm:shadow_jsm|state[14]                                                                           ; altera_reserved_tck ; altera_reserved_tck ; 0.000        ; 0.064      ; 0.592      ;
; 0.371 ; sld_hub:auto_hub|sld_jtag_hub:\jtag_hub_gen:sld_jtag_hub_inst|hub_minor_ver_reg[1]                                                                                          ; sld_hub:auto_hub|sld_jtag_hub:\jtag_hub_gen:sld_jtag_hub_inst|hub_minor_ver_reg[0]                                                                                          ; altera_reserved_tck ; altera_reserved_tck ; 0.000        ; 0.065      ; 0.593      ;
; 0.371 ; sld_hub:auto_hub|sld_jtag_hub:\jtag_hub_gen:sld_jtag_hub_inst|hub_mode_reg[2]                                                                                               ; sld_hub:auto_hub|sld_jtag_hub:\jtag_hub_gen:sld_jtag_hub_inst|clr_reg                                                                                                       ; altera_reserved_tck ; altera_reserved_tck ; 0.000        ; 0.064      ; 0.592      ;
; 0.371 ; sld_hub:auto_hub|sld_jtag_hub:\jtag_hub_gen:sld_jtag_hub_inst|sld_shadow_jsm:shadow_jsm|state[6]                                                                            ; sld_hub:auto_hub|sld_jtag_hub:\jtag_hub_gen:sld_jtag_hub_inst|sld_shadow_jsm:shadow_jsm|state[7]                                                                            ; altera_reserved_tck ; altera_reserved_tck ; 0.000        ; 0.065      ; 0.593      ;
; 0.372 ; sld_hub:auto_hub|sld_jtag_hub:\jtag_hub_gen:sld_jtag_hub_inst|identity_contrib_shift_reg[0]                                                                                 ; sld_hub:auto_hub|sld_jtag_hub:\jtag_hub_gen:sld_jtag_hub_inst|identity_contrib_update_reg[0]                                                                                ; altera_reserved_tck ; altera_reserved_tck ; 0.000        ; 0.064      ; 0.593      ;
; 0.376 ; sld_hub:auto_hub|sld_jtag_hub:\jtag_hub_gen:sld_jtag_hub_inst|jtag_ir_reg[4]                                                                                                ; sld_hub:auto_hub|sld_jtag_hub:\jtag_hub_gen:sld_jtag_hub_inst|jtag_ir_reg[3]                                                                                                ; altera_reserved_tck ; altera_reserved_tck ; 0.000        ; 0.065      ; 0.598      ;
; 0.376 ; sld_hub:auto_hub|sld_jtag_hub:\jtag_hub_gen:sld_jtag_hub_inst|jtag_ir_reg[9]                                                                                                ; sld_hub:auto_hub|sld_jtag_hub:\jtag_hub_gen:sld_jtag_hub_inst|jtag_ir_reg[8]                                                                                                ; altera_reserved_tck ; altera_reserved_tck ; 0.000        ; 0.065      ; 0.598      ;
; 0.376 ; sld_hub:auto_hub|sld_jtag_hub:\jtag_hub_gen:sld_jtag_hub_inst|sld_shadow_jsm:shadow_jsm|tms_cnt[0]                                                                          ; sld_hub:auto_hub|sld_jtag_hub:\jtag_hub_gen:sld_jtag_hub_inst|sld_shadow_jsm:shadow_jsm|tms_cnt[2]                                                                          ; altera_reserved_tck ; altera_reserved_tck ; 0.000        ; 0.064      ; 0.597      ;
; 0.376 ; sld_hub:auto_hub|sld_jtag_hub:\jtag_hub_gen:sld_jtag_hub_inst|sld_shadow_jsm:shadow_jsm|tms_cnt[0]                                                                          ; sld_hub:auto_hub|sld_jtag_hub:\jtag_hub_gen:sld_jtag_hub_inst|sld_shadow_jsm:shadow_jsm|tms_cnt[1]                                                                          ; altera_reserved_tck ; altera_reserved_tck ; 0.000        ; 0.064      ; 0.597      ;
; 0.377 ; sld_hub:auto_hub|sld_jtag_hub:\jtag_hub_gen:sld_jtag_hub_inst|sld_shadow_jsm:shadow_jsm|state[14]                                                                           ; sld_hub:auto_hub|sld_jtag_hub:\jtag_hub_gen:sld_jtag_hub_inst|sld_shadow_jsm:shadow_jsm|state[15]                                                                           ; altera_reserved_tck ; altera_reserved_tck ; 0.000        ; 0.064      ; 0.598      ;
; 0.377 ; sld_hub:auto_hub|sld_jtag_hub:\jtag_hub_gen:sld_jtag_hub_inst|jtag_ir_reg[2]                                                                                                ; sld_hub:auto_hub|sld_jtag_hub:\jtag_hub_gen:sld_jtag_hub_inst|jtag_ir_reg[1]                                                                                                ; altera_reserved_tck ; altera_reserved_tck ; 0.000        ; 0.065      ; 0.599      ;
; 0.378 ; sld_hub:auto_hub|sld_jtag_hub:\jtag_hub_gen:sld_jtag_hub_inst|identity_contrib_shift_reg[2]                                                                                 ; sld_hub:auto_hub|sld_jtag_hub:\jtag_hub_gen:sld_jtag_hub_inst|identity_contrib_update_reg[2]                                                                                ; altera_reserved_tck ; altera_reserved_tck ; 0.000        ; 0.064      ; 0.599      ;
; 0.379 ; sld_hub:auto_hub|sld_jtag_hub:\jtag_hub_gen:sld_jtag_hub_inst|identity_contrib_shift_reg[2]                                                                                 ; sld_hub:auto_hub|sld_jtag_hub:\jtag_hub_gen:sld_jtag_hub_inst|identity_contrib_shift_reg[1]                                                                                 ; altera_reserved_tck ; altera_reserved_tck ; 0.000        ; 0.064      ; 0.600      ;
; 0.379 ; sld_hub:auto_hub|sld_jtag_hub:\jtag_hub_gen:sld_jtag_hub_inst|sld_shadow_jsm:shadow_jsm|state[12]                                                                           ; sld_hub:auto_hub|sld_jtag_hub:\jtag_hub_gen:sld_jtag_hub_inst|sld_shadow_jsm:shadow_jsm|state[13]                                                                           ; altera_reserved_tck ; altera_reserved_tck ; 0.000        ; 0.064      ; 0.600      ;
; 0.381 ; sld_hub:auto_hub|sld_jtag_hub:\jtag_hub_gen:sld_jtag_hub_inst|sld_shadow_jsm:shadow_jsm|state[10]                                                                           ; sld_hub:auto_hub|sld_jtag_hub:\jtag_hub_gen:sld_jtag_hub_inst|sld_shadow_jsm:shadow_jsm|state[11]                                                                           ; altera_reserved_tck ; altera_reserved_tck ; 0.000        ; 0.064      ; 0.602      ;
; 0.383 ; Module_OP:OP|altsyncram:altsyncram_component|altsyncram_49u3:auto_generated|sld_mod_ram_rom:mgl_prim2|sld_rom_sr:\ram_rom_logic_gen:no_name_gen:info_rom_sr|word_counter[2] ; Module_OP:OP|altsyncram:altsyncram_component|altsyncram_49u3:auto_generated|sld_mod_ram_rom:mgl_prim2|sld_rom_sr:\ram_rom_logic_gen:no_name_gen:info_rom_sr|word_counter[3] ; altera_reserved_tck ; altera_reserved_tck ; 0.000        ; 0.064      ; 0.604      ;
; 0.384 ; sld_hub:auto_hub|sld_jtag_hub:\jtag_hub_gen:sld_jtag_hub_inst|jtag_ir_reg[1]                                                                                                ; sld_hub:auto_hub|sld_jtag_hub:\jtag_hub_gen:sld_jtag_hub_inst|jtag_ir_reg[0]                                                                                                ; altera_reserved_tck ; altera_reserved_tck ; 0.000        ; 0.065      ; 0.606      ;
; 0.386 ; sld_hub:auto_hub|sld_jtag_hub:\jtag_hub_gen:sld_jtag_hub_inst|jtag_ir_reg[3]                                                                                                ; sld_hub:auto_hub|sld_jtag_hub:\jtag_hub_gen:sld_jtag_hub_inst|jtag_ir_reg[2]                                                                                                ; altera_reserved_tck ; altera_reserved_tck ; 0.000        ; 0.065      ; 0.608      ;
; 0.387 ; Module_OP:OP|altsyncram:altsyncram_component|altsyncram_49u3:auto_generated|sld_mod_ram_rom:mgl_prim2|ram_rom_data_shift_cntr_reg[2]                                        ; Module_OP:OP|altsyncram:altsyncram_component|altsyncram_49u3:auto_generated|sld_mod_ram_rom:mgl_prim2|ram_rom_data_shift_cntr_reg[0]                                        ; altera_reserved_tck ; altera_reserved_tck ; 0.000        ; 0.064      ; 0.608      ;
; 0.389 ; Module_OP:OP|altsyncram:altsyncram_component|altsyncram_49u3:auto_generated|sld_mod_ram_rom:mgl_prim2|ram_rom_data_reg[0]                                                   ; Module_OP:OP|altsyncram:altsyncram_component|altsyncram_49u3:auto_generated|altsyncram_5kr2:altsyncram1|ram_block3a0~portb_datain_reg0                                      ; altera_reserved_tck ; altera_reserved_tck ; 0.000        ; 0.318      ; 0.894      ;
; 0.390 ; sld_hub:auto_hub|sld_jtag_hub:\jtag_hub_gen:sld_jtag_hub_inst|irsr_reg[4]                                                                                                   ; sld_hub:auto_hub|sld_jtag_hub:\jtag_hub_gen:sld_jtag_hub_inst|irf_reg[1][4]                                                                                                 ; altera_reserved_tck ; altera_reserved_tck ; 0.000        ; 0.064      ; 0.611      ;
; 0.393 ; Module_OP:OP|altsyncram:altsyncram_component|altsyncram_49u3:auto_generated|sld_mod_ram_rom:mgl_prim2|ram_rom_data_reg[4]                                                   ; Module_OP:OP|altsyncram:altsyncram_component|altsyncram_49u3:auto_generated|sld_mod_ram_rom:mgl_prim2|ram_rom_data_reg[3]                                                   ; altera_reserved_tck ; altera_reserved_tck ; 0.000        ; 0.064      ; 0.614      ;
; 0.393 ; Module_OP:OP|altsyncram:altsyncram_component|altsyncram_49u3:auto_generated|sld_mod_ram_rom:mgl_prim2|ram_rom_addr_reg[7]                                                   ; Module_OP:OP|altsyncram:altsyncram_component|altsyncram_49u3:auto_generated|altsyncram_5kr2:altsyncram1|ram_block3a0~portb_address_reg0                                     ; altera_reserved_tck ; altera_reserved_tck ; 0.000        ; 0.312      ; 0.892      ;
; 0.397 ; Module_OP:OP|altsyncram:altsyncram_component|altsyncram_49u3:auto_generated|sld_mod_ram_rom:mgl_prim2|ram_rom_addr_reg[5]                                                   ; Module_OP:OP|altsyncram:altsyncram_component|altsyncram_49u3:auto_generated|altsyncram_5kr2:altsyncram1|ram_block3a0~portb_address_reg0                                     ; altera_reserved_tck ; altera_reserved_tck ; 0.000        ; 0.312      ; 0.896      ;
; 0.400 ; sld_hub:auto_hub|sld_jtag_hub:\jtag_hub_gen:sld_jtag_hub_inst|sld_rom_sr:hub_info_reg|word_counter[4]                                                                       ; sld_hub:auto_hub|sld_jtag_hub:\jtag_hub_gen:sld_jtag_hub_inst|sld_rom_sr:hub_info_reg|word_counter[4]                                                                       ; altera_reserved_tck ; altera_reserved_tck ; 0.000        ; 0.064      ; 0.621      ;
; 0.400 ; Module_OP:OP|altsyncram:altsyncram_component|altsyncram_49u3:auto_generated|sld_mod_ram_rom:mgl_prim2|ram_rom_data_shift_cntr_reg[1]                                        ; Module_OP:OP|altsyncram:altsyncram_component|altsyncram_49u3:auto_generated|sld_mod_ram_rom:mgl_prim2|ram_rom_data_shift_cntr_reg[2]                                        ; altera_reserved_tck ; altera_reserved_tck ; 0.000        ; 0.064      ; 0.621      ;
; 0.401 ; Module_OP:OP|altsyncram:altsyncram_component|altsyncram_49u3:auto_generated|sld_mod_ram_rom:mgl_prim2|ram_rom_data_reg[6]                                                   ; Module_OP:OP|altsyncram:altsyncram_component|altsyncram_49u3:auto_generated|altsyncram_5kr2:altsyncram1|ram_block3a0~portb_datain_reg0                                      ; altera_reserved_tck ; altera_reserved_tck ; 0.000        ; 0.318      ; 0.906      ;
; 0.403 ; Module_OP:OP|altsyncram:altsyncram_component|altsyncram_49u3:auto_generated|sld_mod_ram_rom:mgl_prim2|ram_rom_data_reg[5]                                                   ; Module_OP:OP|altsyncram:altsyncram_component|altsyncram_49u3:auto_generated|altsyncram_5kr2:altsyncram1|ram_block3a0~portb_datain_reg0                                      ; altera_reserved_tck ; altera_reserved_tck ; 0.000        ; 0.318      ; 0.908      ;
; 0.404 ; sld_hub:auto_hub|sld_jtag_hub:\jtag_hub_gen:sld_jtag_hub_inst|sld_shadow_jsm:shadow_jsm|state[4]                                                                            ; sld_hub:auto_hub|sld_jtag_hub:\jtag_hub_gen:sld_jtag_hub_inst|tdo_bypass_reg                                                                                                ; altera_reserved_tck ; altera_reserved_tck ; 0.000        ; 0.065      ; 0.626      ;
; 0.405 ; Module_OP:OP|altsyncram:altsyncram_component|altsyncram_49u3:auto_generated|sld_mod_ram_rom:mgl_prim2|sld_rom_sr:\ram_rom_logic_gen:no_name_gen:info_rom_sr|word_counter[0] ; Module_OP:OP|altsyncram:altsyncram_component|altsyncram_49u3:auto_generated|sld_mod_ram_rom:mgl_prim2|sld_rom_sr:\ram_rom_logic_gen:no_name_gen:info_rom_sr|word_counter[2] ; altera_reserved_tck ; altera_reserved_tck ; 0.000        ; 0.064      ; 0.626      ;
; 0.406 ; Module_OP:OP|altsyncram:altsyncram_component|altsyncram_49u3:auto_generated|sld_mod_ram_rom:mgl_prim2|sld_rom_sr:\ram_rom_logic_gen:no_name_gen:info_rom_sr|word_counter[0] ; Module_OP:OP|altsyncram:altsyncram_component|altsyncram_49u3:auto_generated|sld_mod_ram_rom:mgl_prim2|sld_rom_sr:\ram_rom_logic_gen:no_name_gen:info_rom_sr|word_counter[1] ; altera_reserved_tck ; altera_reserved_tck ; 0.000        ; 0.064      ; 0.627      ;
; 0.407 ; Module_OP:OP|altsyncram:altsyncram_component|altsyncram_49u3:auto_generated|sld_mod_ram_rom:mgl_prim2|ram_rom_addr_reg[3]                                                   ; Module_OP:OP|altsyncram:altsyncram_component|altsyncram_49u3:auto_generated|altsyncram_5kr2:altsyncram1|ram_block3a0~portb_address_reg0                                     ; altera_reserved_tck ; altera_reserved_tck ; 0.000        ; 0.312      ; 0.906      ;
; 0.407 ; sld_hub:auto_hub|sld_jtag_hub:\jtag_hub_gen:sld_jtag_hub_inst|sld_shadow_jsm:shadow_jsm|state[4]                                                                            ; sld_hub:auto_hub|sld_jtag_hub:\jtag_hub_gen:sld_jtag_hub_inst|sld_shadow_jsm:shadow_jsm|state[5]                                                                            ; altera_reserved_tck ; altera_reserved_tck ; 0.000        ; 0.065      ; 0.629      ;
; 0.408 ; Module_OP:OP|altsyncram:altsyncram_component|altsyncram_49u3:auto_generated|sld_mod_ram_rom:mgl_prim2|ram_rom_addr_reg[0]                                                   ; Module_OP:OP|altsyncram:altsyncram_component|altsyncram_49u3:auto_generated|altsyncram_5kr2:altsyncram1|ram_block3a0~portb_address_reg0                                     ; altera_reserved_tck ; altera_reserved_tck ; 0.000        ; 0.312      ; 0.907      ;
; 0.415 ; Module_OP:OP|altsyncram:altsyncram_component|altsyncram_49u3:auto_generated|sld_mod_ram_rom:mgl_prim2|ram_rom_data_reg[4]                                                   ; Module_OP:OP|altsyncram:altsyncram_component|altsyncram_49u3:auto_generated|altsyncram_5kr2:altsyncram1|ram_block3a0~portb_datain_reg0                                      ; altera_reserved_tck ; altera_reserved_tck ; 0.000        ; 0.318      ; 0.920      ;
; 0.418 ; Module_OP:OP|altsyncram:altsyncram_component|altsyncram_49u3:auto_generated|sld_mod_ram_rom:mgl_prim2|ram_rom_addr_reg[4]                                                   ; Module_OP:OP|altsyncram:altsyncram_component|altsyncram_49u3:auto_generated|altsyncram_5kr2:altsyncram1|ram_block3a0~portb_address_reg0                                     ; altera_reserved_tck ; altera_reserved_tck ; 0.000        ; 0.312      ; 0.917      ;
; 0.420 ; Module_OP:OP|altsyncram:altsyncram_component|altsyncram_49u3:auto_generated|sld_mod_ram_rom:mgl_prim2|ram_rom_addr_reg[2]                                                   ; Module_OP:OP|altsyncram:altsyncram_component|altsyncram_49u3:auto_generated|altsyncram_5kr2:altsyncram1|ram_block3a0~portb_address_reg0                                     ; altera_reserved_tck ; altera_reserved_tck ; 0.000        ; 0.312      ; 0.919      ;
; 0.426 ; sld_hub:auto_hub|sld_jtag_hub:\jtag_hub_gen:sld_jtag_hub_inst|mixer_addr_reg[4]                                                                                             ; sld_hub:auto_hub|sld_jtag_hub:\jtag_hub_gen:sld_jtag_hub_inst|mixer_addr_reg[4]                                                                                             ; altera_reserved_tck ; altera_reserved_tck ; 0.000        ; 0.064      ; 0.647      ;
; 0.427 ; Module_OP:OP|altsyncram:altsyncram_component|altsyncram_49u3:auto_generated|sld_mod_ram_rom:mgl_prim2|ram_rom_data_reg[2]                                                   ; Module_OP:OP|altsyncram:altsyncram_component|altsyncram_49u3:auto_generated|altsyncram_5kr2:altsyncram1|ram_block3a0~portb_datain_reg0                                      ; altera_reserved_tck ; altera_reserved_tck ; 0.000        ; 0.318      ; 0.932      ;
; 0.432 ; Module_OP:OP|altsyncram:altsyncram_component|altsyncram_49u3:auto_generated|sld_mod_ram_rom:mgl_prim2|ram_rom_addr_reg[6]                                                   ; Module_OP:OP|altsyncram:altsyncram_component|altsyncram_49u3:auto_generated|altsyncram_5kr2:altsyncram1|ram_block3a0~portb_address_reg0                                     ; altera_reserved_tck ; altera_reserved_tck ; 0.000        ; 0.312      ; 0.931      ;
; 0.445 ; Module_OP:OP|altsyncram:altsyncram_component|altsyncram_49u3:auto_generated|sld_mod_ram_rom:mgl_prim2|ram_rom_data_reg[7]                                                   ; Module_OP:OP|altsyncram:altsyncram_component|altsyncram_49u3:auto_generated|altsyncram_5kr2:altsyncram1|ram_block3a0~portb_datain_reg0                                      ; altera_reserved_tck ; altera_reserved_tck ; 0.000        ; 0.318      ; 0.950      ;
; 0.449 ; Module_OP:OP|altsyncram:altsyncram_component|altsyncram_49u3:auto_generated|sld_mod_ram_rom:mgl_prim2|ram_rom_data_reg[3]                                                   ; Module_OP:OP|altsyncram:altsyncram_component|altsyncram_49u3:auto_generated|altsyncram_5kr2:altsyncram1|ram_block3a0~portb_datain_reg0                                      ; altera_reserved_tck ; altera_reserved_tck ; 0.000        ; 0.318      ; 0.954      ;
; 0.451 ; Module_OP:OP|altsyncram:altsyncram_component|altsyncram_49u3:auto_generated|sld_mod_ram_rom:mgl_prim2|ram_rom_data_reg[1]                                                   ; Module_OP:OP|altsyncram:altsyncram_component|altsyncram_49u3:auto_generated|altsyncram_5kr2:altsyncram1|ram_block3a0~portb_datain_reg0                                      ; altera_reserved_tck ; altera_reserved_tck ; 0.000        ; 0.318      ; 0.956      ;
; 0.462 ; Module_OP:OP|altsyncram:altsyncram_component|altsyncram_49u3:auto_generated|sld_mod_ram_rom:mgl_prim2|ram_rom_addr_reg[1]                                                   ; Module_OP:OP|altsyncram:altsyncram_component|altsyncram_49u3:auto_generated|altsyncram_5kr2:altsyncram1|ram_block3a0~portb_address_reg0                                     ; altera_reserved_tck ; altera_reserved_tck ; 0.000        ; 0.312      ; 0.961      ;
; 0.480 ; Module_OP:OP|altsyncram:altsyncram_component|altsyncram_49u3:auto_generated|sld_mod_ram_rom:mgl_prim2|sld_rom_sr:\ram_rom_logic_gen:no_name_gen:info_rom_sr|WORD_SR[3]      ; Module_OP:OP|altsyncram:altsyncram_component|altsyncram_49u3:auto_generated|sld_mod_ram_rom:mgl_prim2|sld_rom_sr:\ram_rom_logic_gen:no_name_gen:info_rom_sr|WORD_SR[2]      ; altera_reserved_tck ; altera_reserved_tck ; 0.000        ; 0.064      ; 0.701      ;
; 0.498 ; Module_OP:OP|altsyncram:altsyncram_component|altsyncram_49u3:auto_generated|sld_mod_ram_rom:mgl_prim2|ram_rom_data_reg[2]                                                   ; Module_OP:OP|altsyncram:altsyncram_component|altsyncram_49u3:auto_generated|sld_mod_ram_rom:mgl_prim2|ram_rom_data_reg[1]                                                   ; altera_reserved_tck ; altera_reserved_tck ; 0.000        ; 0.064      ; 0.719      ;
; 0.504 ; sld_hub:auto_hub|sld_jtag_hub:\jtag_hub_gen:sld_jtag_hub_inst|jtag_ir_reg[0]                                                                                                ; sld_hub:auto_hub|sld_jtag_hub:\jtag_hub_gen:sld_jtag_hub_inst|virtual_ir_scan_reg                                                                                           ; altera_reserved_tck ; altera_reserved_tck ; 0.000        ; 0.065      ; 0.726      ;
; 0.507 ; sld_hub:auto_hub|sld_jtag_hub:\jtag_hub_gen:sld_jtag_hub_inst|jtag_ir_reg[0]                                                                                                ; sld_hub:auto_hub|sld_jtag_hub:\jtag_hub_gen:sld_jtag_hub_inst|virtual_dr_scan_reg                                                                                           ; altera_reserved_tck ; altera_reserved_tck ; 0.000        ; 0.065      ; 0.729      ;
; 0.508 ; sld_hub:auto_hub|sld_jtag_hub:\jtag_hub_gen:sld_jtag_hub_inst|sld_shadow_jsm:shadow_jsm|state[7]                                                                            ; sld_hub:auto_hub|sld_jtag_hub:\jtag_hub_gen:sld_jtag_hub_inst|reset_ena_reg                                                                                                 ; altera_reserved_tck ; altera_reserved_tck ; 0.000        ; 0.065      ; 0.730      ;
; 0.512 ; sld_hub:auto_hub|sld_jtag_hub:\jtag_hub_gen:sld_jtag_hub_inst|identity_contrib_update_reg[2]                                                                                ; sld_hub:auto_hub|sld_jtag_hub:\jtag_hub_gen:sld_jtag_hub_inst|design_hash_reg[2]                                                                                            ; altera_reserved_tck ; altera_reserved_tck ; 0.000        ; 0.064      ; 0.733      ;
; 0.513 ; sld_hub:auto_hub|sld_jtag_hub:\jtag_hub_gen:sld_jtag_hub_inst|identity_contrib_update_reg[0]                                                                                ; sld_hub:auto_hub|sld_jtag_hub:\jtag_hub_gen:sld_jtag_hub_inst|design_hash_reg[0]                                                                                            ; altera_reserved_tck ; altera_reserved_tck ; 0.000        ; 0.064      ; 0.734      ;
; 0.515 ; Module_OP:OP|altsyncram:altsyncram_component|altsyncram_49u3:auto_generated|sld_mod_ram_rom:mgl_prim2|ram_rom_data_reg[5]                                                   ; Module_OP:OP|altsyncram:altsyncram_component|altsyncram_49u3:auto_generated|sld_mod_ram_rom:mgl_prim2|ram_rom_data_reg[4]                                                   ; altera_reserved_tck ; altera_reserved_tck ; 0.000        ; 0.064      ; 0.736      ;
; 0.516 ; sld_hub:auto_hub|sld_jtag_hub:\jtag_hub_gen:sld_jtag_hub_inst|jtag_ir_reg[6]                                                                                                ; sld_hub:auto_hub|sld_jtag_hub:\jtag_hub_gen:sld_jtag_hub_inst|jtag_ir_reg[5]                                                                                                ; altera_reserved_tck ; altera_reserved_tck ; 0.000        ; 0.065      ; 0.738      ;
; 0.517 ; sld_hub:auto_hub|sld_jtag_hub:\jtag_hub_gen:sld_jtag_hub_inst|design_hash_reg[1]                                                                                            ; sld_hub:auto_hub|sld_jtag_hub:\jtag_hub_gen:sld_jtag_hub_inst|design_hash_reg[0]                                                                                            ; altera_reserved_tck ; altera_reserved_tck ; 0.000        ; 0.064      ; 0.738      ;
; 0.517 ; sld_hub:auto_hub|sld_jtag_hub:\jtag_hub_gen:sld_jtag_hub_inst|design_hash_reg[3]                                                                                            ; sld_hub:auto_hub|sld_jtag_hub:\jtag_hub_gen:sld_jtag_hub_inst|design_hash_reg[2]                                                                                            ; altera_reserved_tck ; altera_reserved_tck ; 0.000        ; 0.064      ; 0.738      ;
; 0.519 ; sld_hub:auto_hub|sld_jtag_hub:\jtag_hub_gen:sld_jtag_hub_inst|design_hash_reg[2]                                                                                            ; sld_hub:auto_hub|sld_jtag_hub:\jtag_hub_gen:sld_jtag_hub_inst|design_hash_reg[1]                                                                                            ; altera_reserved_tck ; altera_reserved_tck ; 0.000        ; 0.064      ; 0.740      ;
; 0.520 ; sld_hub:auto_hub|sld_jtag_hub:\jtag_hub_gen:sld_jtag_hub_inst|sld_shadow_jsm:shadow_jsm|state[5]                                                                            ; sld_hub:auto_hub|sld_jtag_hub:\jtag_hub_gen:sld_jtag_hub_inst|reset_ena_reg                                                                                                 ; altera_reserved_tck ; altera_reserved_tck ; 0.000        ; 0.065      ; 0.742      ;
; 0.524 ; sld_hub:auto_hub|sld_jtag_hub:\jtag_hub_gen:sld_jtag_hub_inst|sld_shadow_jsm:shadow_jsm|state[7]                                                                            ; sld_hub:auto_hub|sld_jtag_hub:\jtag_hub_gen:sld_jtag_hub_inst|sld_shadow_jsm:shadow_jsm|state[4]                                                                            ; altera_reserved_tck ; altera_reserved_tck ; 0.000        ; 0.065      ; 0.746      ;
; 0.525 ; sld_hub:auto_hub|sld_jtag_hub:\jtag_hub_gen:sld_jtag_hub_inst|identity_contrib_shift_reg[1]                                                                                 ; sld_hub:auto_hub|sld_jtag_hub:\jtag_hub_gen:sld_jtag_hub_inst|identity_contrib_shift_reg[0]                                                                                 ; altera_reserved_tck ; altera_reserved_tck ; 0.000        ; 0.064      ; 0.746      ;
; 0.525 ; sld_hub:auto_hub|sld_jtag_hub:\jtag_hub_gen:sld_jtag_hub_inst|identity_contrib_shift_reg[1]                                                                                 ; sld_hub:auto_hub|sld_jtag_hub:\jtag_hub_gen:sld_jtag_hub_inst|identity_contrib_update_reg[1]                                                                                ; altera_reserved_tck ; altera_reserved_tck ; 0.000        ; 0.064      ; 0.746      ;
; 0.525 ; sld_hub:auto_hub|sld_jtag_hub:\jtag_hub_gen:sld_jtag_hub_inst|jtag_ir_reg[7]                                                                                                ; sld_hub:auto_hub|sld_jtag_hub:\jtag_hub_gen:sld_jtag_hub_inst|jtag_ir_reg[6]                                                                                                ; altera_reserved_tck ; altera_reserved_tck ; 0.000        ; 0.065      ; 0.747      ;
; 0.536 ; sld_hub:auto_hub|sld_jtag_hub:\jtag_hub_gen:sld_jtag_hub_inst|jtag_ir_reg[8]                                                                                                ; sld_hub:auto_hub|sld_jtag_hub:\jtag_hub_gen:sld_jtag_hub_inst|jtag_ir_reg[7]                                                                                                ; altera_reserved_tck ; altera_reserved_tck ; 0.000        ; 0.065      ; 0.758      ;
; 0.544 ; Module_OP:OP|altsyncram:altsyncram_component|altsyncram_49u3:auto_generated|sld_mod_ram_rom:mgl_prim2|ram_rom_addr_reg[2]                                                   ; Module_OP:OP|altsyncram:altsyncram_component|altsyncram_49u3:auto_generated|sld_mod_ram_rom:mgl_prim2|ram_rom_addr_reg[1]                                                   ; altera_reserved_tck ; altera_reserved_tck ; 0.000        ; 0.064      ; 0.765      ;
; 0.545 ; Module_OP:OP|altsyncram:altsyncram_component|altsyncram_49u3:auto_generated|sld_mod_ram_rom:mgl_prim2|ram_rom_addr_reg[6]                                                   ; Module_OP:OP|altsyncram:altsyncram_component|altsyncram_49u3:auto_generated|sld_mod_ram_rom:mgl_prim2|ram_rom_addr_reg[5]                                                   ; altera_reserved_tck ; altera_reserved_tck ; 0.000        ; 0.064      ; 0.766      ;
; 0.549 ; sld_hub:auto_hub|sld_jtag_hub:\jtag_hub_gen:sld_jtag_hub_inst|irsr_reg[3]                                                                                                   ; sld_hub:auto_hub|sld_jtag_hub:\jtag_hub_gen:sld_jtag_hub_inst|irf_reg[1][3]                                                                                                 ; altera_reserved_tck ; altera_reserved_tck ; 0.000        ; 0.065      ; 0.771      ;
; 0.555 ; sld_hub:auto_hub|sld_jtag_hub:\jtag_hub_gen:sld_jtag_hub_inst|sld_shadow_jsm:shadow_jsm|tms_cnt[1]                                                                          ; sld_hub:auto_hub|sld_jtag_hub:\jtag_hub_gen:sld_jtag_hub_inst|sld_shadow_jsm:shadow_jsm|tms_cnt[2]                                                                          ; altera_reserved_tck ; altera_reserved_tck ; 0.000        ; 0.064      ; 0.776      ;
; 0.563 ; sld_hub:auto_hub|sld_jtag_hub:\jtag_hub_gen:sld_jtag_hub_inst|sld_shadow_jsm:shadow_jsm|state[1]                                                                            ; sld_hub:auto_hub|sld_jtag_hub:\jtag_hub_gen:sld_jtag_hub_inst|clr_reg                                                                                                       ; altera_reserved_tck ; altera_reserved_tck ; 0.000        ; 0.064      ; 0.784      ;
; 0.575 ; sld_hub:auto_hub|sld_jtag_hub:\jtag_hub_gen:sld_jtag_hub_inst|irsr_reg[2]                                                                                                   ; sld_hub:auto_hub|sld_jtag_hub:\jtag_hub_gen:sld_jtag_hub_inst|irsr_reg[1]                                                                                                   ; altera_reserved_tck ; altera_reserved_tck ; 0.000        ; 0.064      ; 0.796      ;
; 0.576 ; sld_hub:auto_hub|sld_jtag_hub:\jtag_hub_gen:sld_jtag_hub_inst|sld_rom_sr:hub_info_reg|word_counter[3]                                                                       ; sld_hub:auto_hub|sld_jtag_hub:\jtag_hub_gen:sld_jtag_hub_inst|sld_rom_sr:hub_info_reg|word_counter[3]                                                                       ; altera_reserved_tck ; altera_reserved_tck ; 0.000        ; 0.064      ; 0.797      ;
; 0.579 ; sld_hub:auto_hub|sld_jtag_hub:\jtag_hub_gen:sld_jtag_hub_inst|irsr_reg[1]                                                                                                   ; sld_hub:auto_hub|sld_jtag_hub:\jtag_hub_gen:sld_jtag_hub_inst|irsr_reg[0]                                                                                                   ; altera_reserved_tck ; altera_reserved_tck ; 0.000        ; 0.064      ; 0.800      ;
; 0.579 ; sld_hub:auto_hub|sld_jtag_hub:\jtag_hub_gen:sld_jtag_hub_inst|sld_shadow_jsm:shadow_jsm|state[10]                                                                           ; sld_hub:auto_hub|sld_jtag_hub:\jtag_hub_gen:sld_jtag_hub_inst|sld_shadow_jsm:shadow_jsm|state[12]                                                                           ; altera_reserved_tck ; altera_reserved_tck ; 0.000        ; 0.064      ; 0.800      ;
; 0.580 ; sld_hub:auto_hub|sld_jtag_hub:\jtag_hub_gen:sld_jtag_hub_inst|sld_shadow_jsm:shadow_jsm|state[5]                                                                            ; sld_hub:auto_hub|sld_jtag_hub:\jtag_hub_gen:sld_jtag_hub_inst|sld_shadow_jsm:shadow_jsm|state[6]                                                                            ; altera_reserved_tck ; altera_reserved_tck ; 0.000        ; 0.065      ; 0.802      ;
; 0.582 ; Module_OP:OP|altsyncram:altsyncram_component|altsyncram_49u3:auto_generated|sld_mod_ram_rom:mgl_prim2|ram_rom_addr_reg[6]                                                   ; Module_OP:OP|altsyncram:altsyncram_component|altsyncram_49u3:auto_generated|sld_mod_ram_rom:mgl_prim2|ram_rom_addr_reg[6]                                                   ; altera_reserved_tck ; altera_reserved_tck ; 0.000        ; 0.064      ; 0.803      ;
; 0.582 ; Module_OP:OP|altsyncram:altsyncram_component|altsyncram_49u3:auto_generated|sld_mod_ram_rom:mgl_prim2|sld_rom_sr:\ram_rom_logic_gen:no_name_gen:info_rom_sr|word_counter[1] ; Module_OP:OP|altsyncram:altsyncram_component|altsyncram_49u3:auto_generated|sld_mod_ram_rom:mgl_prim2|sld_rom_sr:\ram_rom_logic_gen:no_name_gen:info_rom_sr|word_counter[2] ; altera_reserved_tck ; altera_reserved_tck ; 0.000        ; 0.064      ; 0.803      ;
+-------+-----------------------------------------------------------------------------------------------------------------------------------------------------------------------------+-----------------------------------------------------------------------------------------------------------------------------------------------------------------------------+---------------------+---------------------+--------------+------------+------------+


+---------------------------------------------------------------------------------------------------------------------------------------------------------------------------------------------------------------------------------------------------------------------------------------------------------------------------------------+
; Slow 1200mV 85C Model Recovery: 'altera_reserved_tck'                                                                                                                                                                                                                                                                                 ;
+--------+--------------------------------------------------------------------------------------------------+--------------------------------------------------------------------------------------------------------------------------------------+---------------------+---------------------+--------------+------------+------------+
; Slack  ; From Node                                                                                        ; To Node                                                                                                                              ; Launch Clock        ; Latch Clock         ; Relationship ; Clock Skew ; Data Delay ;
+--------+--------------------------------------------------------------------------------------------------+--------------------------------------------------------------------------------------------------------------------------------------+---------------------+---------------------+--------------+------------+------------+
; 48.435 ; sld_hub:auto_hub|sld_jtag_hub:\jtag_hub_gen:sld_jtag_hub_inst|sld_shadow_jsm:shadow_jsm|state[8] ; sld_hub:auto_hub|sld_jtag_hub:\jtag_hub_gen:sld_jtag_hub_inst|tdo                                                                    ; altera_reserved_tck ; altera_reserved_tck ; 50.000       ; 0.084      ; 1.644      ;
; 97.174 ; sld_hub:auto_hub|sld_jtag_hub:\jtag_hub_gen:sld_jtag_hub_inst|irf_reg[1][4]                      ; Module_OP:OP|altsyncram:altsyncram_component|altsyncram_49u3:auto_generated|sld_mod_ram_rom:mgl_prim2|ir_loaded_address_reg[0]       ; altera_reserved_tck ; altera_reserved_tck ; 100.000      ; -0.065     ; 2.756      ;
; 97.174 ; sld_hub:auto_hub|sld_jtag_hub:\jtag_hub_gen:sld_jtag_hub_inst|irf_reg[1][4]                      ; Module_OP:OP|altsyncram:altsyncram_component|altsyncram_49u3:auto_generated|sld_mod_ram_rom:mgl_prim2|ir_loaded_address_reg[3]       ; altera_reserved_tck ; altera_reserved_tck ; 100.000      ; -0.065     ; 2.756      ;
; 97.174 ; sld_hub:auto_hub|sld_jtag_hub:\jtag_hub_gen:sld_jtag_hub_inst|irf_reg[1][4]                      ; Module_OP:OP|altsyncram:altsyncram_component|altsyncram_49u3:auto_generated|sld_mod_ram_rom:mgl_prim2|ir_loaded_address_reg[2]       ; altera_reserved_tck ; altera_reserved_tck ; 100.000      ; -0.065     ; 2.756      ;
; 97.174 ; sld_hub:auto_hub|sld_jtag_hub:\jtag_hub_gen:sld_jtag_hub_inst|irf_reg[1][4]                      ; Module_OP:OP|altsyncram:altsyncram_component|altsyncram_49u3:auto_generated|sld_mod_ram_rom:mgl_prim2|ir_loaded_address_reg[1]       ; altera_reserved_tck ; altera_reserved_tck ; 100.000      ; -0.065     ; 2.756      ;
; 97.582 ; sld_hub:auto_hub|sld_jtag_hub:\jtag_hub_gen:sld_jtag_hub_inst|irf_reg[1][0]                      ; Module_OP:OP|altsyncram:altsyncram_component|altsyncram_49u3:auto_generated|sld_mod_ram_rom:mgl_prim2|ir_loaded_address_reg[0]       ; altera_reserved_tck ; altera_reserved_tck ; 100.000      ; -0.065     ; 2.348      ;
; 97.582 ; sld_hub:auto_hub|sld_jtag_hub:\jtag_hub_gen:sld_jtag_hub_inst|irf_reg[1][0]                      ; Module_OP:OP|altsyncram:altsyncram_component|altsyncram_49u3:auto_generated|sld_mod_ram_rom:mgl_prim2|ir_loaded_address_reg[3]       ; altera_reserved_tck ; altera_reserved_tck ; 100.000      ; -0.065     ; 2.348      ;
; 97.582 ; sld_hub:auto_hub|sld_jtag_hub:\jtag_hub_gen:sld_jtag_hub_inst|irf_reg[1][0]                      ; Module_OP:OP|altsyncram:altsyncram_component|altsyncram_49u3:auto_generated|sld_mod_ram_rom:mgl_prim2|ir_loaded_address_reg[2]       ; altera_reserved_tck ; altera_reserved_tck ; 100.000      ; -0.065     ; 2.348      ;
; 97.582 ; sld_hub:auto_hub|sld_jtag_hub:\jtag_hub_gen:sld_jtag_hub_inst|irf_reg[1][0]                      ; Module_OP:OP|altsyncram:altsyncram_component|altsyncram_49u3:auto_generated|sld_mod_ram_rom:mgl_prim2|ir_loaded_address_reg[1]       ; altera_reserved_tck ; altera_reserved_tck ; 100.000      ; -0.065     ; 2.348      ;
; 98.016 ; sld_hub:auto_hub|sld_jtag_hub:\jtag_hub_gen:sld_jtag_hub_inst|irf_reg[1][3]                      ; Module_OP:OP|altsyncram:altsyncram_component|altsyncram_49u3:auto_generated|sld_mod_ram_rom:mgl_prim2|ram_rom_data_shift_cntr_reg[1] ; altera_reserved_tck ; altera_reserved_tck ; 100.000      ; -0.066     ; 1.913      ;
; 98.016 ; sld_hub:auto_hub|sld_jtag_hub:\jtag_hub_gen:sld_jtag_hub_inst|irf_reg[1][3]                      ; Module_OP:OP|altsyncram:altsyncram_component|altsyncram_49u3:auto_generated|sld_mod_ram_rom:mgl_prim2|ram_rom_data_shift_cntr_reg[2] ; altera_reserved_tck ; altera_reserved_tck ; 100.000      ; -0.066     ; 1.913      ;
; 98.016 ; sld_hub:auto_hub|sld_jtag_hub:\jtag_hub_gen:sld_jtag_hub_inst|irf_reg[1][3]                      ; Module_OP:OP|altsyncram:altsyncram_component|altsyncram_49u3:auto_generated|sld_mod_ram_rom:mgl_prim2|ram_rom_data_shift_cntr_reg[0] ; altera_reserved_tck ; altera_reserved_tck ; 100.000      ; -0.066     ; 1.913      ;
; 98.096 ; sld_hub:auto_hub|sld_jtag_hub:\jtag_hub_gen:sld_jtag_hub_inst|clr_reg                            ; Module_OP:OP|altsyncram:altsyncram_component|altsyncram_49u3:auto_generated|sld_mod_ram_rom:mgl_prim2|bypass_reg_out                 ; altera_reserved_tck ; altera_reserved_tck ; 100.000      ; -0.067     ; 1.832      ;
; 98.096 ; sld_hub:auto_hub|sld_jtag_hub:\jtag_hub_gen:sld_jtag_hub_inst|clr_reg                            ; Module_OP:OP|altsyncram:altsyncram_component|altsyncram_49u3:auto_generated|sld_mod_ram_rom:mgl_prim2|is_in_use_reg                  ; altera_reserved_tck ; altera_reserved_tck ; 100.000      ; -0.067     ; 1.832      ;
; 98.126 ; sld_hub:auto_hub|sld_jtag_hub:\jtag_hub_gen:sld_jtag_hub_inst|clr_reg                            ; sld_hub:auto_hub|sld_jtag_hub:\jtag_hub_gen:sld_jtag_hub_inst|irf_reg[1][2]                                                          ; altera_reserved_tck ; altera_reserved_tck ; 100.000      ; -0.059     ; 1.810      ;
; 98.126 ; sld_hub:auto_hub|sld_jtag_hub:\jtag_hub_gen:sld_jtag_hub_inst|clr_reg                            ; sld_hub:auto_hub|sld_jtag_hub:\jtag_hub_gen:sld_jtag_hub_inst|irf_reg[1][1]                                                          ; altera_reserved_tck ; altera_reserved_tck ; 100.000      ; -0.059     ; 1.810      ;
; 98.126 ; sld_hub:auto_hub|sld_jtag_hub:\jtag_hub_gen:sld_jtag_hub_inst|clr_reg                            ; sld_hub:auto_hub|sld_jtag_hub:\jtag_hub_gen:sld_jtag_hub_inst|irf_reg[1][0]                                                          ; altera_reserved_tck ; altera_reserved_tck ; 100.000      ; -0.059     ; 1.810      ;
; 98.144 ; sld_hub:auto_hub|sld_jtag_hub:\jtag_hub_gen:sld_jtag_hub_inst|clr_reg                            ; sld_hub:auto_hub|sld_jtag_hub:\jtag_hub_gen:sld_jtag_hub_inst|irsr_reg[5]                                                            ; altera_reserved_tck ; altera_reserved_tck ; 100.000      ; -0.067     ; 1.784      ;
; 98.171 ; sld_hub:auto_hub|sld_jtag_hub:\jtag_hub_gen:sld_jtag_hub_inst|clr_reg                            ; sld_hub:auto_hub|sld_jtag_hub:\jtag_hub_gen:sld_jtag_hub_inst|irsr_reg[3]                                                            ; altera_reserved_tck ; altera_reserved_tck ; 100.000      ; -0.059     ; 1.765      ;
; 98.287 ; sld_hub:auto_hub|sld_jtag_hub:\jtag_hub_gen:sld_jtag_hub_inst|clr_reg                            ; sld_hub:auto_hub|sld_jtag_hub:\jtag_hub_gen:sld_jtag_hub_inst|irsr_reg[2]                                                            ; altera_reserved_tck ; altera_reserved_tck ; 100.000      ; -0.058     ; 1.650      ;
; 98.287 ; sld_hub:auto_hub|sld_jtag_hub:\jtag_hub_gen:sld_jtag_hub_inst|clr_reg                            ; sld_hub:auto_hub|sld_jtag_hub:\jtag_hub_gen:sld_jtag_hub_inst|irsr_reg[0]                                                            ; altera_reserved_tck ; altera_reserved_tck ; 100.000      ; -0.058     ; 1.650      ;
; 98.287 ; sld_hub:auto_hub|sld_jtag_hub:\jtag_hub_gen:sld_jtag_hub_inst|clr_reg                            ; sld_hub:auto_hub|sld_jtag_hub:\jtag_hub_gen:sld_jtag_hub_inst|irsr_reg[1]                                                            ; altera_reserved_tck ; altera_reserved_tck ; 100.000      ; -0.058     ; 1.650      ;
; 98.287 ; sld_hub:auto_hub|sld_jtag_hub:\jtag_hub_gen:sld_jtag_hub_inst|clr_reg                            ; sld_hub:auto_hub|sld_jtag_hub:\jtag_hub_gen:sld_jtag_hub_inst|irsr_reg[4]                                                            ; altera_reserved_tck ; altera_reserved_tck ; 100.000      ; -0.058     ; 1.650      ;
; 98.287 ; sld_hub:auto_hub|sld_jtag_hub:\jtag_hub_gen:sld_jtag_hub_inst|clr_reg                            ; sld_hub:auto_hub|sld_jtag_hub:\jtag_hub_gen:sld_jtag_hub_inst|irf_reg[1][3]                                                          ; altera_reserved_tck ; altera_reserved_tck ; 100.000      ; -0.058     ; 1.650      ;
; 98.287 ; sld_hub:auto_hub|sld_jtag_hub:\jtag_hub_gen:sld_jtag_hub_inst|clr_reg                            ; sld_hub:auto_hub|sld_jtag_hub:\jtag_hub_gen:sld_jtag_hub_inst|irf_reg[1][4]                                                          ; altera_reserved_tck ; altera_reserved_tck ; 100.000      ; -0.058     ; 1.650      ;
; 98.354 ; sld_hub:auto_hub|sld_jtag_hub:\jtag_hub_gen:sld_jtag_hub_inst|sld_shadow_jsm:shadow_jsm|state[0] ; sld_hub:auto_hub|sld_jtag_hub:\jtag_hub_gen:sld_jtag_hub_inst|virtual_ir_scan_reg                                                    ; altera_reserved_tck ; altera_reserved_tck ; 100.000      ; -0.064     ; 1.577      ;
; 98.354 ; sld_hub:auto_hub|sld_jtag_hub:\jtag_hub_gen:sld_jtag_hub_inst|sld_shadow_jsm:shadow_jsm|state[0] ; sld_hub:auto_hub|sld_jtag_hub:\jtag_hub_gen:sld_jtag_hub_inst|virtual_dr_scan_reg                                                    ; altera_reserved_tck ; altera_reserved_tck ; 100.000      ; -0.064     ; 1.577      ;
; 98.354 ; sld_hub:auto_hub|sld_jtag_hub:\jtag_hub_gen:sld_jtag_hub_inst|sld_shadow_jsm:shadow_jsm|state[0] ; sld_hub:auto_hub|sld_jtag_hub:\jtag_hub_gen:sld_jtag_hub_inst|jtag_ir_reg[0]                                                         ; altera_reserved_tck ; altera_reserved_tck ; 100.000      ; -0.064     ; 1.577      ;
; 98.354 ; sld_hub:auto_hub|sld_jtag_hub:\jtag_hub_gen:sld_jtag_hub_inst|sld_shadow_jsm:shadow_jsm|state[0] ; sld_hub:auto_hub|sld_jtag_hub:\jtag_hub_gen:sld_jtag_hub_inst|jtag_ir_reg[1]                                                         ; altera_reserved_tck ; altera_reserved_tck ; 100.000      ; -0.064     ; 1.577      ;
; 98.354 ; sld_hub:auto_hub|sld_jtag_hub:\jtag_hub_gen:sld_jtag_hub_inst|sld_shadow_jsm:shadow_jsm|state[0] ; sld_hub:auto_hub|sld_jtag_hub:\jtag_hub_gen:sld_jtag_hub_inst|jtag_ir_reg[2]                                                         ; altera_reserved_tck ; altera_reserved_tck ; 100.000      ; -0.064     ; 1.577      ;
; 98.354 ; sld_hub:auto_hub|sld_jtag_hub:\jtag_hub_gen:sld_jtag_hub_inst|sld_shadow_jsm:shadow_jsm|state[0] ; sld_hub:auto_hub|sld_jtag_hub:\jtag_hub_gen:sld_jtag_hub_inst|jtag_ir_reg[3]                                                         ; altera_reserved_tck ; altera_reserved_tck ; 100.000      ; -0.064     ; 1.577      ;
; 98.354 ; sld_hub:auto_hub|sld_jtag_hub:\jtag_hub_gen:sld_jtag_hub_inst|sld_shadow_jsm:shadow_jsm|state[0] ; sld_hub:auto_hub|sld_jtag_hub:\jtag_hub_gen:sld_jtag_hub_inst|jtag_ir_reg[4]                                                         ; altera_reserved_tck ; altera_reserved_tck ; 100.000      ; -0.064     ; 1.577      ;
; 98.354 ; sld_hub:auto_hub|sld_jtag_hub:\jtag_hub_gen:sld_jtag_hub_inst|sld_shadow_jsm:shadow_jsm|state[0] ; sld_hub:auto_hub|sld_jtag_hub:\jtag_hub_gen:sld_jtag_hub_inst|jtag_ir_reg[5]                                                         ; altera_reserved_tck ; altera_reserved_tck ; 100.000      ; -0.064     ; 1.577      ;
; 98.354 ; sld_hub:auto_hub|sld_jtag_hub:\jtag_hub_gen:sld_jtag_hub_inst|sld_shadow_jsm:shadow_jsm|state[0] ; sld_hub:auto_hub|sld_jtag_hub:\jtag_hub_gen:sld_jtag_hub_inst|jtag_ir_reg[6]                                                         ; altera_reserved_tck ; altera_reserved_tck ; 100.000      ; -0.064     ; 1.577      ;
; 98.354 ; sld_hub:auto_hub|sld_jtag_hub:\jtag_hub_gen:sld_jtag_hub_inst|sld_shadow_jsm:shadow_jsm|state[0] ; sld_hub:auto_hub|sld_jtag_hub:\jtag_hub_gen:sld_jtag_hub_inst|jtag_ir_reg[7]                                                         ; altera_reserved_tck ; altera_reserved_tck ; 100.000      ; -0.064     ; 1.577      ;
; 98.354 ; sld_hub:auto_hub|sld_jtag_hub:\jtag_hub_gen:sld_jtag_hub_inst|sld_shadow_jsm:shadow_jsm|state[0] ; sld_hub:auto_hub|sld_jtag_hub:\jtag_hub_gen:sld_jtag_hub_inst|jtag_ir_reg[8]                                                         ; altera_reserved_tck ; altera_reserved_tck ; 100.000      ; -0.064     ; 1.577      ;
; 98.354 ; sld_hub:auto_hub|sld_jtag_hub:\jtag_hub_gen:sld_jtag_hub_inst|sld_shadow_jsm:shadow_jsm|state[0] ; sld_hub:auto_hub|sld_jtag_hub:\jtag_hub_gen:sld_jtag_hub_inst|jtag_ir_reg[9]                                                         ; altera_reserved_tck ; altera_reserved_tck ; 100.000      ; -0.064     ; 1.577      ;
; 98.394 ; sld_hub:auto_hub|sld_jtag_hub:\jtag_hub_gen:sld_jtag_hub_inst|irf_reg[1][0]                      ; Module_OP:OP|altsyncram:altsyncram_component|altsyncram_49u3:auto_generated|sld_mod_ram_rom:mgl_prim2|ram_rom_addr_reg[3]            ; altera_reserved_tck ; altera_reserved_tck ; 100.000      ; -0.066     ; 1.535      ;
; 98.394 ; sld_hub:auto_hub|sld_jtag_hub:\jtag_hub_gen:sld_jtag_hub_inst|irf_reg[1][0]                      ; Module_OP:OP|altsyncram:altsyncram_component|altsyncram_49u3:auto_generated|sld_mod_ram_rom:mgl_prim2|ram_rom_addr_reg[4]            ; altera_reserved_tck ; altera_reserved_tck ; 100.000      ; -0.066     ; 1.535      ;
; 98.394 ; sld_hub:auto_hub|sld_jtag_hub:\jtag_hub_gen:sld_jtag_hub_inst|irf_reg[1][0]                      ; Module_OP:OP|altsyncram:altsyncram_component|altsyncram_49u3:auto_generated|sld_mod_ram_rom:mgl_prim2|ram_rom_addr_reg[5]            ; altera_reserved_tck ; altera_reserved_tck ; 100.000      ; -0.066     ; 1.535      ;
; 98.394 ; sld_hub:auto_hub|sld_jtag_hub:\jtag_hub_gen:sld_jtag_hub_inst|irf_reg[1][0]                      ; Module_OP:OP|altsyncram:altsyncram_component|altsyncram_49u3:auto_generated|sld_mod_ram_rom:mgl_prim2|ram_rom_addr_reg[6]            ; altera_reserved_tck ; altera_reserved_tck ; 100.000      ; -0.066     ; 1.535      ;
; 98.394 ; sld_hub:auto_hub|sld_jtag_hub:\jtag_hub_gen:sld_jtag_hub_inst|irf_reg[1][0]                      ; Module_OP:OP|altsyncram:altsyncram_component|altsyncram_49u3:auto_generated|sld_mod_ram_rom:mgl_prim2|ram_rom_addr_reg[7]            ; altera_reserved_tck ; altera_reserved_tck ; 100.000      ; -0.066     ; 1.535      ;
; 98.394 ; sld_hub:auto_hub|sld_jtag_hub:\jtag_hub_gen:sld_jtag_hub_inst|irf_reg[1][0]                      ; Module_OP:OP|altsyncram:altsyncram_component|altsyncram_49u3:auto_generated|sld_mod_ram_rom:mgl_prim2|ram_rom_addr_reg[0]            ; altera_reserved_tck ; altera_reserved_tck ; 100.000      ; -0.066     ; 1.535      ;
; 98.394 ; sld_hub:auto_hub|sld_jtag_hub:\jtag_hub_gen:sld_jtag_hub_inst|irf_reg[1][0]                      ; Module_OP:OP|altsyncram:altsyncram_component|altsyncram_49u3:auto_generated|sld_mod_ram_rom:mgl_prim2|ram_rom_addr_reg[1]            ; altera_reserved_tck ; altera_reserved_tck ; 100.000      ; -0.066     ; 1.535      ;
; 98.394 ; sld_hub:auto_hub|sld_jtag_hub:\jtag_hub_gen:sld_jtag_hub_inst|irf_reg[1][0]                      ; Module_OP:OP|altsyncram:altsyncram_component|altsyncram_49u3:auto_generated|sld_mod_ram_rom:mgl_prim2|ram_rom_addr_reg[2]            ; altera_reserved_tck ; altera_reserved_tck ; 100.000      ; -0.066     ; 1.535      ;
; 98.410 ; sld_hub:auto_hub|sld_jtag_hub:\jtag_hub_gen:sld_jtag_hub_inst|clr_reg                            ; sld_hub:auto_hub|sld_jtag_hub:\jtag_hub_gen:sld_jtag_hub_inst|hub_mode_reg[0]                                                        ; altera_reserved_tck ; altera_reserved_tck ; 100.000      ; -0.065     ; 1.520      ;
; 98.410 ; sld_hub:auto_hub|sld_jtag_hub:\jtag_hub_gen:sld_jtag_hub_inst|clr_reg                            ; sld_hub:auto_hub|sld_jtag_hub:\jtag_hub_gen:sld_jtag_hub_inst|hub_mode_reg[1]                                                        ; altera_reserved_tck ; altera_reserved_tck ; 100.000      ; -0.065     ; 1.520      ;
; 98.518 ; sld_hub:auto_hub|sld_jtag_hub:\jtag_hub_gen:sld_jtag_hub_inst|virtual_ir_scan_reg                ; sld_hub:auto_hub|sld_jtag_hub:\jtag_hub_gen:sld_jtag_hub_inst|hub_mode_reg[2]                                                        ; altera_reserved_tck ; altera_reserved_tck ; 100.000      ; -0.065     ; 1.412      ;
; 98.598 ; sld_hub:auto_hub|sld_jtag_hub:\jtag_hub_gen:sld_jtag_hub_inst|clr_reg                            ; sld_hub:auto_hub|sld_jtag_hub:\jtag_hub_gen:sld_jtag_hub_inst|node_ena[1]~reg0                                                       ; altera_reserved_tck ; altera_reserved_tck ; 100.000      ; -0.064     ; 1.333      ;
+--------+--------------------------------------------------------------------------------------------------+--------------------------------------------------------------------------------------------------------------------------------------+---------------------+---------------------+--------------+------------+------------+


+---------------------------------------------------------------------------------------------------------------------------------------------------------------------------------------------------------------------------------------------------------------------------------------------------------------------------------------+
; Slow 1200mV 85C Model Removal: 'altera_reserved_tck'                                                                                                                                                                                                                                                                                  ;
+--------+--------------------------------------------------------------------------------------------------+--------------------------------------------------------------------------------------------------------------------------------------+---------------------+---------------------+--------------+------------+------------+
; Slack  ; From Node                                                                                        ; To Node                                                                                                                              ; Launch Clock        ; Latch Clock         ; Relationship ; Clock Skew ; Data Delay ;
+--------+--------------------------------------------------------------------------------------------------+--------------------------------------------------------------------------------------------------------------------------------------+---------------------+---------------------+--------------+------------+------------+
; 0.993  ; sld_hub:auto_hub|sld_jtag_hub:\jtag_hub_gen:sld_jtag_hub_inst|clr_reg                            ; sld_hub:auto_hub|sld_jtag_hub:\jtag_hub_gen:sld_jtag_hub_inst|node_ena[1]~reg0                                                       ; altera_reserved_tck ; altera_reserved_tck ; 0.000        ; 0.064      ; 1.214      ;
; 1.049  ; sld_hub:auto_hub|sld_jtag_hub:\jtag_hub_gen:sld_jtag_hub_inst|virtual_ir_scan_reg                ; sld_hub:auto_hub|sld_jtag_hub:\jtag_hub_gen:sld_jtag_hub_inst|hub_mode_reg[2]                                                        ; altera_reserved_tck ; altera_reserved_tck ; 0.000        ; 0.064      ; 1.270      ;
; 1.179  ; sld_hub:auto_hub|sld_jtag_hub:\jtag_hub_gen:sld_jtag_hub_inst|clr_reg                            ; sld_hub:auto_hub|sld_jtag_hub:\jtag_hub_gen:sld_jtag_hub_inst|hub_mode_reg[0]                                                        ; altera_reserved_tck ; altera_reserved_tck ; 0.000        ; 0.064      ; 1.400      ;
; 1.179  ; sld_hub:auto_hub|sld_jtag_hub:\jtag_hub_gen:sld_jtag_hub_inst|clr_reg                            ; sld_hub:auto_hub|sld_jtag_hub:\jtag_hub_gen:sld_jtag_hub_inst|hub_mode_reg[1]                                                        ; altera_reserved_tck ; altera_reserved_tck ; 0.000        ; 0.064      ; 1.400      ;
; 1.204  ; sld_hub:auto_hub|sld_jtag_hub:\jtag_hub_gen:sld_jtag_hub_inst|irf_reg[1][0]                      ; Module_OP:OP|altsyncram:altsyncram_component|altsyncram_49u3:auto_generated|sld_mod_ram_rom:mgl_prim2|ram_rom_addr_reg[3]            ; altera_reserved_tck ; altera_reserved_tck ; 0.000        ; 0.063      ; 1.424      ;
; 1.204  ; sld_hub:auto_hub|sld_jtag_hub:\jtag_hub_gen:sld_jtag_hub_inst|irf_reg[1][0]                      ; Module_OP:OP|altsyncram:altsyncram_component|altsyncram_49u3:auto_generated|sld_mod_ram_rom:mgl_prim2|ram_rom_addr_reg[4]            ; altera_reserved_tck ; altera_reserved_tck ; 0.000        ; 0.063      ; 1.424      ;
; 1.204  ; sld_hub:auto_hub|sld_jtag_hub:\jtag_hub_gen:sld_jtag_hub_inst|irf_reg[1][0]                      ; Module_OP:OP|altsyncram:altsyncram_component|altsyncram_49u3:auto_generated|sld_mod_ram_rom:mgl_prim2|ram_rom_addr_reg[5]            ; altera_reserved_tck ; altera_reserved_tck ; 0.000        ; 0.063      ; 1.424      ;
; 1.204  ; sld_hub:auto_hub|sld_jtag_hub:\jtag_hub_gen:sld_jtag_hub_inst|irf_reg[1][0]                      ; Module_OP:OP|altsyncram:altsyncram_component|altsyncram_49u3:auto_generated|sld_mod_ram_rom:mgl_prim2|ram_rom_addr_reg[6]            ; altera_reserved_tck ; altera_reserved_tck ; 0.000        ; 0.063      ; 1.424      ;
; 1.204  ; sld_hub:auto_hub|sld_jtag_hub:\jtag_hub_gen:sld_jtag_hub_inst|irf_reg[1][0]                      ; Module_OP:OP|altsyncram:altsyncram_component|altsyncram_49u3:auto_generated|sld_mod_ram_rom:mgl_prim2|ram_rom_addr_reg[7]            ; altera_reserved_tck ; altera_reserved_tck ; 0.000        ; 0.063      ; 1.424      ;
; 1.204  ; sld_hub:auto_hub|sld_jtag_hub:\jtag_hub_gen:sld_jtag_hub_inst|irf_reg[1][0]                      ; Module_OP:OP|altsyncram:altsyncram_component|altsyncram_49u3:auto_generated|sld_mod_ram_rom:mgl_prim2|ram_rom_addr_reg[0]            ; altera_reserved_tck ; altera_reserved_tck ; 0.000        ; 0.063      ; 1.424      ;
; 1.204  ; sld_hub:auto_hub|sld_jtag_hub:\jtag_hub_gen:sld_jtag_hub_inst|irf_reg[1][0]                      ; Module_OP:OP|altsyncram:altsyncram_component|altsyncram_49u3:auto_generated|sld_mod_ram_rom:mgl_prim2|ram_rom_addr_reg[1]            ; altera_reserved_tck ; altera_reserved_tck ; 0.000        ; 0.063      ; 1.424      ;
; 1.204  ; sld_hub:auto_hub|sld_jtag_hub:\jtag_hub_gen:sld_jtag_hub_inst|irf_reg[1][0]                      ; Module_OP:OP|altsyncram:altsyncram_component|altsyncram_49u3:auto_generated|sld_mod_ram_rom:mgl_prim2|ram_rom_addr_reg[2]            ; altera_reserved_tck ; altera_reserved_tck ; 0.000        ; 0.063      ; 1.424      ;
; 1.221  ; sld_hub:auto_hub|sld_jtag_hub:\jtag_hub_gen:sld_jtag_hub_inst|sld_shadow_jsm:shadow_jsm|state[0] ; sld_hub:auto_hub|sld_jtag_hub:\jtag_hub_gen:sld_jtag_hub_inst|virtual_ir_scan_reg                                                    ; altera_reserved_tck ; altera_reserved_tck ; 0.000        ; 0.065      ; 1.443      ;
; 1.221  ; sld_hub:auto_hub|sld_jtag_hub:\jtag_hub_gen:sld_jtag_hub_inst|sld_shadow_jsm:shadow_jsm|state[0] ; sld_hub:auto_hub|sld_jtag_hub:\jtag_hub_gen:sld_jtag_hub_inst|virtual_dr_scan_reg                                                    ; altera_reserved_tck ; altera_reserved_tck ; 0.000        ; 0.065      ; 1.443      ;
; 1.221  ; sld_hub:auto_hub|sld_jtag_hub:\jtag_hub_gen:sld_jtag_hub_inst|sld_shadow_jsm:shadow_jsm|state[0] ; sld_hub:auto_hub|sld_jtag_hub:\jtag_hub_gen:sld_jtag_hub_inst|jtag_ir_reg[0]                                                         ; altera_reserved_tck ; altera_reserved_tck ; 0.000        ; 0.065      ; 1.443      ;
; 1.221  ; sld_hub:auto_hub|sld_jtag_hub:\jtag_hub_gen:sld_jtag_hub_inst|sld_shadow_jsm:shadow_jsm|state[0] ; sld_hub:auto_hub|sld_jtag_hub:\jtag_hub_gen:sld_jtag_hub_inst|jtag_ir_reg[1]                                                         ; altera_reserved_tck ; altera_reserved_tck ; 0.000        ; 0.065      ; 1.443      ;
; 1.221  ; sld_hub:auto_hub|sld_jtag_hub:\jtag_hub_gen:sld_jtag_hub_inst|sld_shadow_jsm:shadow_jsm|state[0] ; sld_hub:auto_hub|sld_jtag_hub:\jtag_hub_gen:sld_jtag_hub_inst|jtag_ir_reg[2]                                                         ; altera_reserved_tck ; altera_reserved_tck ; 0.000        ; 0.065      ; 1.443      ;
; 1.221  ; sld_hub:auto_hub|sld_jtag_hub:\jtag_hub_gen:sld_jtag_hub_inst|sld_shadow_jsm:shadow_jsm|state[0] ; sld_hub:auto_hub|sld_jtag_hub:\jtag_hub_gen:sld_jtag_hub_inst|jtag_ir_reg[3]                                                         ; altera_reserved_tck ; altera_reserved_tck ; 0.000        ; 0.065      ; 1.443      ;
; 1.221  ; sld_hub:auto_hub|sld_jtag_hub:\jtag_hub_gen:sld_jtag_hub_inst|sld_shadow_jsm:shadow_jsm|state[0] ; sld_hub:auto_hub|sld_jtag_hub:\jtag_hub_gen:sld_jtag_hub_inst|jtag_ir_reg[4]                                                         ; altera_reserved_tck ; altera_reserved_tck ; 0.000        ; 0.065      ; 1.443      ;
; 1.221  ; sld_hub:auto_hub|sld_jtag_hub:\jtag_hub_gen:sld_jtag_hub_inst|sld_shadow_jsm:shadow_jsm|state[0] ; sld_hub:auto_hub|sld_jtag_hub:\jtag_hub_gen:sld_jtag_hub_inst|jtag_ir_reg[5]                                                         ; altera_reserved_tck ; altera_reserved_tck ; 0.000        ; 0.065      ; 1.443      ;
; 1.221  ; sld_hub:auto_hub|sld_jtag_hub:\jtag_hub_gen:sld_jtag_hub_inst|sld_shadow_jsm:shadow_jsm|state[0] ; sld_hub:auto_hub|sld_jtag_hub:\jtag_hub_gen:sld_jtag_hub_inst|jtag_ir_reg[6]                                                         ; altera_reserved_tck ; altera_reserved_tck ; 0.000        ; 0.065      ; 1.443      ;
; 1.221  ; sld_hub:auto_hub|sld_jtag_hub:\jtag_hub_gen:sld_jtag_hub_inst|sld_shadow_jsm:shadow_jsm|state[0] ; sld_hub:auto_hub|sld_jtag_hub:\jtag_hub_gen:sld_jtag_hub_inst|jtag_ir_reg[7]                                                         ; altera_reserved_tck ; altera_reserved_tck ; 0.000        ; 0.065      ; 1.443      ;
; 1.221  ; sld_hub:auto_hub|sld_jtag_hub:\jtag_hub_gen:sld_jtag_hub_inst|sld_shadow_jsm:shadow_jsm|state[0] ; sld_hub:auto_hub|sld_jtag_hub:\jtag_hub_gen:sld_jtag_hub_inst|jtag_ir_reg[8]                                                         ; altera_reserved_tck ; altera_reserved_tck ; 0.000        ; 0.065      ; 1.443      ;
; 1.221  ; sld_hub:auto_hub|sld_jtag_hub:\jtag_hub_gen:sld_jtag_hub_inst|sld_shadow_jsm:shadow_jsm|state[0] ; sld_hub:auto_hub|sld_jtag_hub:\jtag_hub_gen:sld_jtag_hub_inst|jtag_ir_reg[9]                                                         ; altera_reserved_tck ; altera_reserved_tck ; 0.000        ; 0.065      ; 1.443      ;
; 1.271  ; sld_hub:auto_hub|sld_jtag_hub:\jtag_hub_gen:sld_jtag_hub_inst|clr_reg                            ; sld_hub:auto_hub|sld_jtag_hub:\jtag_hub_gen:sld_jtag_hub_inst|irsr_reg[2]                                                            ; altera_reserved_tck ; altera_reserved_tck ; 0.000        ; 0.070      ; 1.498      ;
; 1.271  ; sld_hub:auto_hub|sld_jtag_hub:\jtag_hub_gen:sld_jtag_hub_inst|clr_reg                            ; sld_hub:auto_hub|sld_jtag_hub:\jtag_hub_gen:sld_jtag_hub_inst|irsr_reg[0]                                                            ; altera_reserved_tck ; altera_reserved_tck ; 0.000        ; 0.070      ; 1.498      ;
; 1.271  ; sld_hub:auto_hub|sld_jtag_hub:\jtag_hub_gen:sld_jtag_hub_inst|clr_reg                            ; sld_hub:auto_hub|sld_jtag_hub:\jtag_hub_gen:sld_jtag_hub_inst|irsr_reg[1]                                                            ; altera_reserved_tck ; altera_reserved_tck ; 0.000        ; 0.070      ; 1.498      ;
; 1.271  ; sld_hub:auto_hub|sld_jtag_hub:\jtag_hub_gen:sld_jtag_hub_inst|clr_reg                            ; sld_hub:auto_hub|sld_jtag_hub:\jtag_hub_gen:sld_jtag_hub_inst|irsr_reg[4]                                                            ; altera_reserved_tck ; altera_reserved_tck ; 0.000        ; 0.070      ; 1.498      ;
; 1.271  ; sld_hub:auto_hub|sld_jtag_hub:\jtag_hub_gen:sld_jtag_hub_inst|clr_reg                            ; sld_hub:auto_hub|sld_jtag_hub:\jtag_hub_gen:sld_jtag_hub_inst|irf_reg[1][3]                                                          ; altera_reserved_tck ; altera_reserved_tck ; 0.000        ; 0.070      ; 1.498      ;
; 1.271  ; sld_hub:auto_hub|sld_jtag_hub:\jtag_hub_gen:sld_jtag_hub_inst|clr_reg                            ; sld_hub:auto_hub|sld_jtag_hub:\jtag_hub_gen:sld_jtag_hub_inst|irf_reg[1][4]                                                          ; altera_reserved_tck ; altera_reserved_tck ; 0.000        ; 0.070      ; 1.498      ;
; 1.409  ; sld_hub:auto_hub|sld_jtag_hub:\jtag_hub_gen:sld_jtag_hub_inst|clr_reg                            ; sld_hub:auto_hub|sld_jtag_hub:\jtag_hub_gen:sld_jtag_hub_inst|irsr_reg[3]                                                            ; altera_reserved_tck ; altera_reserved_tck ; 0.000        ; 0.070      ; 1.636      ;
; 1.439  ; sld_hub:auto_hub|sld_jtag_hub:\jtag_hub_gen:sld_jtag_hub_inst|clr_reg                            ; sld_hub:auto_hub|sld_jtag_hub:\jtag_hub_gen:sld_jtag_hub_inst|irsr_reg[5]                                                            ; altera_reserved_tck ; altera_reserved_tck ; 0.000        ; 0.061      ; 1.657      ;
; 1.443  ; sld_hub:auto_hub|sld_jtag_hub:\jtag_hub_gen:sld_jtag_hub_inst|clr_reg                            ; sld_hub:auto_hub|sld_jtag_hub:\jtag_hub_gen:sld_jtag_hub_inst|irf_reg[1][2]                                                          ; altera_reserved_tck ; altera_reserved_tck ; 0.000        ; 0.070      ; 1.670      ;
; 1.443  ; sld_hub:auto_hub|sld_jtag_hub:\jtag_hub_gen:sld_jtag_hub_inst|clr_reg                            ; sld_hub:auto_hub|sld_jtag_hub:\jtag_hub_gen:sld_jtag_hub_inst|irf_reg[1][1]                                                          ; altera_reserved_tck ; altera_reserved_tck ; 0.000        ; 0.070      ; 1.670      ;
; 1.443  ; sld_hub:auto_hub|sld_jtag_hub:\jtag_hub_gen:sld_jtag_hub_inst|clr_reg                            ; sld_hub:auto_hub|sld_jtag_hub:\jtag_hub_gen:sld_jtag_hub_inst|irf_reg[1][0]                                                          ; altera_reserved_tck ; altera_reserved_tck ; 0.000        ; 0.070      ; 1.670      ;
; 1.471  ; sld_hub:auto_hub|sld_jtag_hub:\jtag_hub_gen:sld_jtag_hub_inst|clr_reg                            ; Module_OP:OP|altsyncram:altsyncram_component|altsyncram_49u3:auto_generated|sld_mod_ram_rom:mgl_prim2|bypass_reg_out                 ; altera_reserved_tck ; altera_reserved_tck ; 0.000        ; 0.061      ; 1.689      ;
; 1.471  ; sld_hub:auto_hub|sld_jtag_hub:\jtag_hub_gen:sld_jtag_hub_inst|clr_reg                            ; Module_OP:OP|altsyncram:altsyncram_component|altsyncram_49u3:auto_generated|sld_mod_ram_rom:mgl_prim2|is_in_use_reg                  ; altera_reserved_tck ; altera_reserved_tck ; 0.000        ; 0.061      ; 1.689      ;
; 1.518  ; sld_hub:auto_hub|sld_jtag_hub:\jtag_hub_gen:sld_jtag_hub_inst|irf_reg[1][3]                      ; Module_OP:OP|altsyncram:altsyncram_component|altsyncram_49u3:auto_generated|sld_mod_ram_rom:mgl_prim2|ram_rom_data_shift_cntr_reg[1] ; altera_reserved_tck ; altera_reserved_tck ; 0.000        ; 0.062      ; 1.737      ;
; 1.518  ; sld_hub:auto_hub|sld_jtag_hub:\jtag_hub_gen:sld_jtag_hub_inst|irf_reg[1][3]                      ; Module_OP:OP|altsyncram:altsyncram_component|altsyncram_49u3:auto_generated|sld_mod_ram_rom:mgl_prim2|ram_rom_data_shift_cntr_reg[2] ; altera_reserved_tck ; altera_reserved_tck ; 0.000        ; 0.062      ; 1.737      ;
; 1.518  ; sld_hub:auto_hub|sld_jtag_hub:\jtag_hub_gen:sld_jtag_hub_inst|irf_reg[1][3]                      ; Module_OP:OP|altsyncram:altsyncram_component|altsyncram_49u3:auto_generated|sld_mod_ram_rom:mgl_prim2|ram_rom_data_shift_cntr_reg[0] ; altera_reserved_tck ; altera_reserved_tck ; 0.000        ; 0.062      ; 1.737      ;
; 1.964  ; sld_hub:auto_hub|sld_jtag_hub:\jtag_hub_gen:sld_jtag_hub_inst|irf_reg[1][0]                      ; Module_OP:OP|altsyncram:altsyncram_component|altsyncram_49u3:auto_generated|sld_mod_ram_rom:mgl_prim2|ir_loaded_address_reg[0]       ; altera_reserved_tck ; altera_reserved_tck ; 0.000        ; 0.064      ; 2.185      ;
; 1.964  ; sld_hub:auto_hub|sld_jtag_hub:\jtag_hub_gen:sld_jtag_hub_inst|irf_reg[1][0]                      ; Module_OP:OP|altsyncram:altsyncram_component|altsyncram_49u3:auto_generated|sld_mod_ram_rom:mgl_prim2|ir_loaded_address_reg[3]       ; altera_reserved_tck ; altera_reserved_tck ; 0.000        ; 0.064      ; 2.185      ;
; 1.964  ; sld_hub:auto_hub|sld_jtag_hub:\jtag_hub_gen:sld_jtag_hub_inst|irf_reg[1][0]                      ; Module_OP:OP|altsyncram:altsyncram_component|altsyncram_49u3:auto_generated|sld_mod_ram_rom:mgl_prim2|ir_loaded_address_reg[2]       ; altera_reserved_tck ; altera_reserved_tck ; 0.000        ; 0.064      ; 2.185      ;
; 1.964  ; sld_hub:auto_hub|sld_jtag_hub:\jtag_hub_gen:sld_jtag_hub_inst|irf_reg[1][0]                      ; Module_OP:OP|altsyncram:altsyncram_component|altsyncram_49u3:auto_generated|sld_mod_ram_rom:mgl_prim2|ir_loaded_address_reg[1]       ; altera_reserved_tck ; altera_reserved_tck ; 0.000        ; 0.064      ; 2.185      ;
; 2.304  ; sld_hub:auto_hub|sld_jtag_hub:\jtag_hub_gen:sld_jtag_hub_inst|irf_reg[1][4]                      ; Module_OP:OP|altsyncram:altsyncram_component|altsyncram_49u3:auto_generated|sld_mod_ram_rom:mgl_prim2|ir_loaded_address_reg[0]       ; altera_reserved_tck ; altera_reserved_tck ; 0.000        ; 0.063      ; 2.524      ;
; 2.304  ; sld_hub:auto_hub|sld_jtag_hub:\jtag_hub_gen:sld_jtag_hub_inst|irf_reg[1][4]                      ; Module_OP:OP|altsyncram:altsyncram_component|altsyncram_49u3:auto_generated|sld_mod_ram_rom:mgl_prim2|ir_loaded_address_reg[3]       ; altera_reserved_tck ; altera_reserved_tck ; 0.000        ; 0.063      ; 2.524      ;
; 2.304  ; sld_hub:auto_hub|sld_jtag_hub:\jtag_hub_gen:sld_jtag_hub_inst|irf_reg[1][4]                      ; Module_OP:OP|altsyncram:altsyncram_component|altsyncram_49u3:auto_generated|sld_mod_ram_rom:mgl_prim2|ir_loaded_address_reg[2]       ; altera_reserved_tck ; altera_reserved_tck ; 0.000        ; 0.063      ; 2.524      ;
; 2.304  ; sld_hub:auto_hub|sld_jtag_hub:\jtag_hub_gen:sld_jtag_hub_inst|irf_reg[1][4]                      ; Module_OP:OP|altsyncram:altsyncram_component|altsyncram_49u3:auto_generated|sld_mod_ram_rom:mgl_prim2|ir_loaded_address_reg[1]       ; altera_reserved_tck ; altera_reserved_tck ; 0.000        ; 0.063      ; 2.524      ;
; 51.114 ; sld_hub:auto_hub|sld_jtag_hub:\jtag_hub_gen:sld_jtag_hub_inst|sld_shadow_jsm:shadow_jsm|state[8] ; sld_hub:auto_hub|sld_jtag_hub:\jtag_hub_gen:sld_jtag_hub_inst|tdo                                                                    ; altera_reserved_tck ; altera_reserved_tck ; -50.000      ; 0.213      ; 1.504      ;
+--------+--------------------------------------------------------------------------------------------------+--------------------------------------------------------------------------------------------------------------------------------------+---------------------+---------------------+--------------+------------+------------+


+----------------------------------------------------------------------------------------------------------------------------------------------------------------------------------------------------------------------------------------------------------------------------+
; Slow 1200mV 85C Model Minimum Pulse Width: 'altera_reserved_tck'                                                                                                                                                                                                           ;
+--------+--------------+----------------+------------------+---------------------+------------+-----------------------------------------------------------------------------------------------------------------------------------------------------------------------------+
; Slack  ; Actual Width ; Required Width ; Type             ; Clock               ; Clock Edge ; Target                                                                                                                                                                      ;
+--------+--------------+----------------+------------------+---------------------+------------+-----------------------------------------------------------------------------------------------------------------------------------------------------------------------------+
; 49.595 ; 49.825       ; 0.230          ; Low Pulse Width  ; altera_reserved_tck ; Rise       ; Module_OP:OP|altsyncram:altsyncram_component|altsyncram_49u3:auto_generated|altsyncram_5kr2:altsyncram1|ram_block3a0~portb_address_reg0                                     ;
; 49.595 ; 49.825       ; 0.230          ; Low Pulse Width  ; altera_reserved_tck ; Rise       ; Module_OP:OP|altsyncram:altsyncram_component|altsyncram_49u3:auto_generated|altsyncram_5kr2:altsyncram1|ram_block3a0~portb_we_reg                                           ;
; 49.598 ; 49.828       ; 0.230          ; Low Pulse Width  ; altera_reserved_tck ; Rise       ; Module_OP:OP|altsyncram:altsyncram_component|altsyncram_49u3:auto_generated|altsyncram_5kr2:altsyncram1|ram_block3a0~portb_datain_reg0                                      ;
; 49.644 ; 49.860       ; 0.216          ; High Pulse Width ; altera_reserved_tck ; Fall       ; sld_hub:auto_hub|sld_jtag_hub:\jtag_hub_gen:sld_jtag_hub_inst|tdo                                                                                                           ;
; 49.689 ; 49.873       ; 0.184          ; Low Pulse Width  ; altera_reserved_tck ; Rise       ; Module_OP:OP|altsyncram:altsyncram_component|altsyncram_49u3:auto_generated|sld_mod_ram_rom:mgl_prim2|ir_loaded_address_reg[0]                                              ;
; 49.689 ; 49.873       ; 0.184          ; Low Pulse Width  ; altera_reserved_tck ; Rise       ; Module_OP:OP|altsyncram:altsyncram_component|altsyncram_49u3:auto_generated|sld_mod_ram_rom:mgl_prim2|ir_loaded_address_reg[1]                                              ;
; 49.689 ; 49.873       ; 0.184          ; Low Pulse Width  ; altera_reserved_tck ; Rise       ; Module_OP:OP|altsyncram:altsyncram_component|altsyncram_49u3:auto_generated|sld_mod_ram_rom:mgl_prim2|ir_loaded_address_reg[2]                                              ;
; 49.689 ; 49.873       ; 0.184          ; Low Pulse Width  ; altera_reserved_tck ; Rise       ; Module_OP:OP|altsyncram:altsyncram_component|altsyncram_49u3:auto_generated|sld_mod_ram_rom:mgl_prim2|ir_loaded_address_reg[3]                                              ;
; 49.689 ; 49.873       ; 0.184          ; Low Pulse Width  ; altera_reserved_tck ; Rise       ; Module_OP:OP|altsyncram:altsyncram_component|altsyncram_49u3:auto_generated|sld_mod_ram_rom:mgl_prim2|ram_rom_addr_reg[0]                                                   ;
; 49.689 ; 49.873       ; 0.184          ; Low Pulse Width  ; altera_reserved_tck ; Rise       ; Module_OP:OP|altsyncram:altsyncram_component|altsyncram_49u3:auto_generated|sld_mod_ram_rom:mgl_prim2|ram_rom_addr_reg[1]                                                   ;
; 49.689 ; 49.873       ; 0.184          ; Low Pulse Width  ; altera_reserved_tck ; Rise       ; Module_OP:OP|altsyncram:altsyncram_component|altsyncram_49u3:auto_generated|sld_mod_ram_rom:mgl_prim2|ram_rom_addr_reg[2]                                                   ;
; 49.689 ; 49.873       ; 0.184          ; Low Pulse Width  ; altera_reserved_tck ; Rise       ; Module_OP:OP|altsyncram:altsyncram_component|altsyncram_49u3:auto_generated|sld_mod_ram_rom:mgl_prim2|ram_rom_addr_reg[3]                                                   ;
; 49.689 ; 49.873       ; 0.184          ; Low Pulse Width  ; altera_reserved_tck ; Rise       ; Module_OP:OP|altsyncram:altsyncram_component|altsyncram_49u3:auto_generated|sld_mod_ram_rom:mgl_prim2|ram_rom_addr_reg[4]                                                   ;
; 49.689 ; 49.873       ; 0.184          ; Low Pulse Width  ; altera_reserved_tck ; Rise       ; Module_OP:OP|altsyncram:altsyncram_component|altsyncram_49u3:auto_generated|sld_mod_ram_rom:mgl_prim2|ram_rom_addr_reg[5]                                                   ;
; 49.689 ; 49.873       ; 0.184          ; Low Pulse Width  ; altera_reserved_tck ; Rise       ; Module_OP:OP|altsyncram:altsyncram_component|altsyncram_49u3:auto_generated|sld_mod_ram_rom:mgl_prim2|ram_rom_addr_reg[6]                                                   ;
; 49.689 ; 49.873       ; 0.184          ; Low Pulse Width  ; altera_reserved_tck ; Rise       ; Module_OP:OP|altsyncram:altsyncram_component|altsyncram_49u3:auto_generated|sld_mod_ram_rom:mgl_prim2|ram_rom_addr_reg[7]                                                   ;
; 49.689 ; 49.873       ; 0.184          ; Low Pulse Width  ; altera_reserved_tck ; Rise       ; sld_hub:auto_hub|sld_jtag_hub:\jtag_hub_gen:sld_jtag_hub_inst|irf_reg[1][3]                                                                                                 ;
; 49.689 ; 49.873       ; 0.184          ; Low Pulse Width  ; altera_reserved_tck ; Rise       ; sld_hub:auto_hub|sld_jtag_hub:\jtag_hub_gen:sld_jtag_hub_inst|irf_reg[1][4]                                                                                                 ;
; 49.689 ; 49.873       ; 0.184          ; Low Pulse Width  ; altera_reserved_tck ; Rise       ; sld_hub:auto_hub|sld_jtag_hub:\jtag_hub_gen:sld_jtag_hub_inst|irsr_reg[0]                                                                                                   ;
; 49.689 ; 49.873       ; 0.184          ; Low Pulse Width  ; altera_reserved_tck ; Rise       ; sld_hub:auto_hub|sld_jtag_hub:\jtag_hub_gen:sld_jtag_hub_inst|irsr_reg[1]                                                                                                   ;
; 49.689 ; 49.873       ; 0.184          ; Low Pulse Width  ; altera_reserved_tck ; Rise       ; sld_hub:auto_hub|sld_jtag_hub:\jtag_hub_gen:sld_jtag_hub_inst|irsr_reg[2]                                                                                                   ;
; 49.689 ; 49.873       ; 0.184          ; Low Pulse Width  ; altera_reserved_tck ; Rise       ; sld_hub:auto_hub|sld_jtag_hub:\jtag_hub_gen:sld_jtag_hub_inst|irsr_reg[4]                                                                                                   ;
; 49.690 ; 49.874       ; 0.184          ; Low Pulse Width  ; altera_reserved_tck ; Rise       ; Module_OP:OP|altsyncram:altsyncram_component|altsyncram_49u3:auto_generated|sld_mod_ram_rom:mgl_prim2|ram_rom_data_reg[0]                                                   ;
; 49.690 ; 49.874       ; 0.184          ; Low Pulse Width  ; altera_reserved_tck ; Rise       ; Module_OP:OP|altsyncram:altsyncram_component|altsyncram_49u3:auto_generated|sld_mod_ram_rom:mgl_prim2|ram_rom_data_reg[1]                                                   ;
; 49.690 ; 49.874       ; 0.184          ; Low Pulse Width  ; altera_reserved_tck ; Rise       ; Module_OP:OP|altsyncram:altsyncram_component|altsyncram_49u3:auto_generated|sld_mod_ram_rom:mgl_prim2|ram_rom_data_reg[2]                                                   ;
; 49.690 ; 49.874       ; 0.184          ; Low Pulse Width  ; altera_reserved_tck ; Rise       ; Module_OP:OP|altsyncram:altsyncram_component|altsyncram_49u3:auto_generated|sld_mod_ram_rom:mgl_prim2|ram_rom_data_reg[3]                                                   ;
; 49.690 ; 49.874       ; 0.184          ; Low Pulse Width  ; altera_reserved_tck ; Rise       ; Module_OP:OP|altsyncram:altsyncram_component|altsyncram_49u3:auto_generated|sld_mod_ram_rom:mgl_prim2|ram_rom_data_reg[4]                                                   ;
; 49.690 ; 49.874       ; 0.184          ; Low Pulse Width  ; altera_reserved_tck ; Rise       ; Module_OP:OP|altsyncram:altsyncram_component|altsyncram_49u3:auto_generated|sld_mod_ram_rom:mgl_prim2|ram_rom_data_reg[5]                                                   ;
; 49.690 ; 49.874       ; 0.184          ; Low Pulse Width  ; altera_reserved_tck ; Rise       ; Module_OP:OP|altsyncram:altsyncram_component|altsyncram_49u3:auto_generated|sld_mod_ram_rom:mgl_prim2|ram_rom_data_reg[6]                                                   ;
; 49.690 ; 49.874       ; 0.184          ; Low Pulse Width  ; altera_reserved_tck ; Rise       ; Module_OP:OP|altsyncram:altsyncram_component|altsyncram_49u3:auto_generated|sld_mod_ram_rom:mgl_prim2|ram_rom_data_reg[7]                                                   ;
; 49.690 ; 49.874       ; 0.184          ; Low Pulse Width  ; altera_reserved_tck ; Rise       ; Module_OP:OP|altsyncram:altsyncram_component|altsyncram_49u3:auto_generated|sld_mod_ram_rom:mgl_prim2|ram_rom_data_shift_cntr_reg[0]                                        ;
; 49.690 ; 49.874       ; 0.184          ; Low Pulse Width  ; altera_reserved_tck ; Rise       ; Module_OP:OP|altsyncram:altsyncram_component|altsyncram_49u3:auto_generated|sld_mod_ram_rom:mgl_prim2|ram_rom_data_shift_cntr_reg[1]                                        ;
; 49.690 ; 49.874       ; 0.184          ; Low Pulse Width  ; altera_reserved_tck ; Rise       ; Module_OP:OP|altsyncram:altsyncram_component|altsyncram_49u3:auto_generated|sld_mod_ram_rom:mgl_prim2|ram_rom_data_shift_cntr_reg[2]                                        ;
; 49.690 ; 49.874       ; 0.184          ; Low Pulse Width  ; altera_reserved_tck ; Rise       ; Module_OP:OP|altsyncram:altsyncram_component|altsyncram_49u3:auto_generated|sld_mod_ram_rom:mgl_prim2|sld_rom_sr:\ram_rom_logic_gen:no_name_gen:info_rom_sr|WORD_SR[0]      ;
; 49.690 ; 49.874       ; 0.184          ; Low Pulse Width  ; altera_reserved_tck ; Rise       ; sld_hub:auto_hub|sld_jtag_hub:\jtag_hub_gen:sld_jtag_hub_inst|irf_reg[1][0]                                                                                                 ;
; 49.690 ; 49.874       ; 0.184          ; Low Pulse Width  ; altera_reserved_tck ; Rise       ; sld_hub:auto_hub|sld_jtag_hub:\jtag_hub_gen:sld_jtag_hub_inst|irf_reg[1][1]                                                                                                 ;
; 49.690 ; 49.874       ; 0.184          ; Low Pulse Width  ; altera_reserved_tck ; Rise       ; sld_hub:auto_hub|sld_jtag_hub:\jtag_hub_gen:sld_jtag_hub_inst|irf_reg[1][2]                                                                                                 ;
; 49.690 ; 49.874       ; 0.184          ; Low Pulse Width  ; altera_reserved_tck ; Rise       ; sld_hub:auto_hub|sld_jtag_hub:\jtag_hub_gen:sld_jtag_hub_inst|irsr_reg[3]                                                                                                   ;
; 49.690 ; 49.874       ; 0.184          ; Low Pulse Width  ; altera_reserved_tck ; Rise       ; sld_hub:auto_hub|sld_jtag_hub:\jtag_hub_gen:sld_jtag_hub_inst|sld_rom_sr:hub_info_reg|WORD_SR[0]                                                                            ;
; 49.690 ; 49.874       ; 0.184          ; Low Pulse Width  ; altera_reserved_tck ; Rise       ; sld_hub:auto_hub|sld_jtag_hub:\jtag_hub_gen:sld_jtag_hub_inst|sld_rom_sr:hub_info_reg|WORD_SR[1]                                                                            ;
; 49.692 ; 49.876       ; 0.184          ; Low Pulse Width  ; altera_reserved_tck ; Rise       ; sld_hub:auto_hub|sld_jtag_hub:\jtag_hub_gen:sld_jtag_hub_inst|identity_contrib_shift_reg[0]                                                                                 ;
; 49.692 ; 49.876       ; 0.184          ; Low Pulse Width  ; altera_reserved_tck ; Rise       ; sld_hub:auto_hub|sld_jtag_hub:\jtag_hub_gen:sld_jtag_hub_inst|identity_contrib_shift_reg[1]                                                                                 ;
; 49.692 ; 49.876       ; 0.184          ; Low Pulse Width  ; altera_reserved_tck ; Rise       ; sld_hub:auto_hub|sld_jtag_hub:\jtag_hub_gen:sld_jtag_hub_inst|identity_contrib_shift_reg[2]                                                                                 ;
; 49.692 ; 49.876       ; 0.184          ; Low Pulse Width  ; altera_reserved_tck ; Rise       ; sld_hub:auto_hub|sld_jtag_hub:\jtag_hub_gen:sld_jtag_hub_inst|identity_contrib_shift_reg[3]                                                                                 ;
; 49.692 ; 49.876       ; 0.184          ; Low Pulse Width  ; altera_reserved_tck ; Rise       ; sld_hub:auto_hub|sld_jtag_hub:\jtag_hub_gen:sld_jtag_hub_inst|identity_contrib_update_reg[0]                                                                                ;
; 49.692 ; 49.876       ; 0.184          ; Low Pulse Width  ; altera_reserved_tck ; Rise       ; sld_hub:auto_hub|sld_jtag_hub:\jtag_hub_gen:sld_jtag_hub_inst|identity_contrib_update_reg[1]                                                                                ;
; 49.692 ; 49.876       ; 0.184          ; Low Pulse Width  ; altera_reserved_tck ; Rise       ; sld_hub:auto_hub|sld_jtag_hub:\jtag_hub_gen:sld_jtag_hub_inst|identity_contrib_update_reg[2]                                                                                ;
; 49.692 ; 49.876       ; 0.184          ; Low Pulse Width  ; altera_reserved_tck ; Rise       ; sld_hub:auto_hub|sld_jtag_hub:\jtag_hub_gen:sld_jtag_hub_inst|identity_contrib_update_reg[3]                                                                                ;
; 49.693 ; 49.877       ; 0.184          ; Low Pulse Width  ; altera_reserved_tck ; Rise       ; Module_OP:OP|altsyncram:altsyncram_component|altsyncram_49u3:auto_generated|sld_mod_ram_rom:mgl_prim2|bypass_reg_out                                                        ;
; 49.693 ; 49.877       ; 0.184          ; Low Pulse Width  ; altera_reserved_tck ; Rise       ; Module_OP:OP|altsyncram:altsyncram_component|altsyncram_49u3:auto_generated|sld_mod_ram_rom:mgl_prim2|is_in_use_reg                                                         ;
; 49.693 ; 49.877       ; 0.184          ; Low Pulse Width  ; altera_reserved_tck ; Rise       ; Module_OP:OP|altsyncram:altsyncram_component|altsyncram_49u3:auto_generated|sld_mod_ram_rom:mgl_prim2|sld_rom_sr:\ram_rom_logic_gen:no_name_gen:info_rom_sr|WORD_SR[1]      ;
; 49.693 ; 49.877       ; 0.184          ; Low Pulse Width  ; altera_reserved_tck ; Rise       ; Module_OP:OP|altsyncram:altsyncram_component|altsyncram_49u3:auto_generated|sld_mod_ram_rom:mgl_prim2|sld_rom_sr:\ram_rom_logic_gen:no_name_gen:info_rom_sr|WORD_SR[2]      ;
; 49.693 ; 49.877       ; 0.184          ; Low Pulse Width  ; altera_reserved_tck ; Rise       ; Module_OP:OP|altsyncram:altsyncram_component|altsyncram_49u3:auto_generated|sld_mod_ram_rom:mgl_prim2|sld_rom_sr:\ram_rom_logic_gen:no_name_gen:info_rom_sr|WORD_SR[3]      ;
; 49.693 ; 49.877       ; 0.184          ; Low Pulse Width  ; altera_reserved_tck ; Rise       ; Module_OP:OP|altsyncram:altsyncram_component|altsyncram_49u3:auto_generated|sld_mod_ram_rom:mgl_prim2|sld_rom_sr:\ram_rom_logic_gen:no_name_gen:info_rom_sr|word_counter[0] ;
; 49.693 ; 49.877       ; 0.184          ; Low Pulse Width  ; altera_reserved_tck ; Rise       ; Module_OP:OP|altsyncram:altsyncram_component|altsyncram_49u3:auto_generated|sld_mod_ram_rom:mgl_prim2|sld_rom_sr:\ram_rom_logic_gen:no_name_gen:info_rom_sr|word_counter[1] ;
; 49.693 ; 49.877       ; 0.184          ; Low Pulse Width  ; altera_reserved_tck ; Rise       ; Module_OP:OP|altsyncram:altsyncram_component|altsyncram_49u3:auto_generated|sld_mod_ram_rom:mgl_prim2|sld_rom_sr:\ram_rom_logic_gen:no_name_gen:info_rom_sr|word_counter[2] ;
; 49.693 ; 49.877       ; 0.184          ; Low Pulse Width  ; altera_reserved_tck ; Rise       ; Module_OP:OP|altsyncram:altsyncram_component|altsyncram_49u3:auto_generated|sld_mod_ram_rom:mgl_prim2|sld_rom_sr:\ram_rom_logic_gen:no_name_gen:info_rom_sr|word_counter[3] ;
; 49.693 ; 49.877       ; 0.184          ; Low Pulse Width  ; altera_reserved_tck ; Rise       ; sld_hub:auto_hub|sld_jtag_hub:\jtag_hub_gen:sld_jtag_hub_inst|clr_reg                                                                                                       ;
; 49.693 ; 49.877       ; 0.184          ; Low Pulse Width  ; altera_reserved_tck ; Rise       ; sld_hub:auto_hub|sld_jtag_hub:\jtag_hub_gen:sld_jtag_hub_inst|design_hash_reg[0]                                                                                            ;
; 49.693 ; 49.877       ; 0.184          ; Low Pulse Width  ; altera_reserved_tck ; Rise       ; sld_hub:auto_hub|sld_jtag_hub:\jtag_hub_gen:sld_jtag_hub_inst|design_hash_reg[1]                                                                                            ;
; 49.693 ; 49.877       ; 0.184          ; Low Pulse Width  ; altera_reserved_tck ; Rise       ; sld_hub:auto_hub|sld_jtag_hub:\jtag_hub_gen:sld_jtag_hub_inst|design_hash_reg[2]                                                                                            ;
; 49.693 ; 49.877       ; 0.184          ; Low Pulse Width  ; altera_reserved_tck ; Rise       ; sld_hub:auto_hub|sld_jtag_hub:\jtag_hub_gen:sld_jtag_hub_inst|design_hash_reg[3]                                                                                            ;
; 49.693 ; 49.877       ; 0.184          ; Low Pulse Width  ; altera_reserved_tck ; Rise       ; sld_hub:auto_hub|sld_jtag_hub:\jtag_hub_gen:sld_jtag_hub_inst|hub_mode_reg[2]                                                                                               ;
; 49.693 ; 49.877       ; 0.184          ; Low Pulse Width  ; altera_reserved_tck ; Rise       ; sld_hub:auto_hub|sld_jtag_hub:\jtag_hub_gen:sld_jtag_hub_inst|irsr_reg[5]                                                                                                   ;
; 49.693 ; 49.877       ; 0.184          ; Low Pulse Width  ; altera_reserved_tck ; Rise       ; sld_hub:auto_hub|sld_jtag_hub:\jtag_hub_gen:sld_jtag_hub_inst|mixer_addr_reg[0]                                                                                             ;
; 49.693 ; 49.877       ; 0.184          ; Low Pulse Width  ; altera_reserved_tck ; Rise       ; sld_hub:auto_hub|sld_jtag_hub:\jtag_hub_gen:sld_jtag_hub_inst|mixer_addr_reg[1]                                                                                             ;
; 49.693 ; 49.877       ; 0.184          ; Low Pulse Width  ; altera_reserved_tck ; Rise       ; sld_hub:auto_hub|sld_jtag_hub:\jtag_hub_gen:sld_jtag_hub_inst|mixer_addr_reg[2]                                                                                             ;
; 49.693 ; 49.877       ; 0.184          ; Low Pulse Width  ; altera_reserved_tck ; Rise       ; sld_hub:auto_hub|sld_jtag_hub:\jtag_hub_gen:sld_jtag_hub_inst|mixer_addr_reg[3]                                                                                             ;
; 49.693 ; 49.877       ; 0.184          ; Low Pulse Width  ; altera_reserved_tck ; Rise       ; sld_hub:auto_hub|sld_jtag_hub:\jtag_hub_gen:sld_jtag_hub_inst|mixer_addr_reg[4]                                                                                             ;
; 49.693 ; 49.877       ; 0.184          ; Low Pulse Width  ; altera_reserved_tck ; Rise       ; sld_hub:auto_hub|sld_jtag_hub:\jtag_hub_gen:sld_jtag_hub_inst|node_ena[1]~reg0                                                                                              ;
; 49.693 ; 49.877       ; 0.184          ; Low Pulse Width  ; altera_reserved_tck ; Rise       ; sld_hub:auto_hub|sld_jtag_hub:\jtag_hub_gen:sld_jtag_hub_inst|sld_rom_sr:hub_info_reg|WORD_SR[2]                                                                            ;
; 49.693 ; 49.877       ; 0.184          ; Low Pulse Width  ; altera_reserved_tck ; Rise       ; sld_hub:auto_hub|sld_jtag_hub:\jtag_hub_gen:sld_jtag_hub_inst|sld_rom_sr:hub_info_reg|WORD_SR[3]                                                                            ;
; 49.693 ; 49.877       ; 0.184          ; Low Pulse Width  ; altera_reserved_tck ; Rise       ; sld_hub:auto_hub|sld_jtag_hub:\jtag_hub_gen:sld_jtag_hub_inst|sld_rom_sr:hub_info_reg|word_counter[0]                                                                       ;
; 49.693 ; 49.877       ; 0.184          ; Low Pulse Width  ; altera_reserved_tck ; Rise       ; sld_hub:auto_hub|sld_jtag_hub:\jtag_hub_gen:sld_jtag_hub_inst|sld_rom_sr:hub_info_reg|word_counter[1]                                                                       ;
; 49.693 ; 49.877       ; 0.184          ; Low Pulse Width  ; altera_reserved_tck ; Rise       ; sld_hub:auto_hub|sld_jtag_hub:\jtag_hub_gen:sld_jtag_hub_inst|sld_rom_sr:hub_info_reg|word_counter[2]                                                                       ;
; 49.693 ; 49.877       ; 0.184          ; Low Pulse Width  ; altera_reserved_tck ; Rise       ; sld_hub:auto_hub|sld_jtag_hub:\jtag_hub_gen:sld_jtag_hub_inst|sld_rom_sr:hub_info_reg|word_counter[3]                                                                       ;
; 49.693 ; 49.877       ; 0.184          ; Low Pulse Width  ; altera_reserved_tck ; Rise       ; sld_hub:auto_hub|sld_jtag_hub:\jtag_hub_gen:sld_jtag_hub_inst|sld_rom_sr:hub_info_reg|word_counter[4]                                                                       ;
; 49.693 ; 49.877       ; 0.184          ; Low Pulse Width  ; altera_reserved_tck ; Rise       ; sld_hub:auto_hub|sld_jtag_hub:\jtag_hub_gen:sld_jtag_hub_inst|sld_shadow_jsm:shadow_jsm|state[0]                                                                            ;
; 49.693 ; 49.877       ; 0.184          ; Low Pulse Width  ; altera_reserved_tck ; Rise       ; sld_hub:auto_hub|sld_jtag_hub:\jtag_hub_gen:sld_jtag_hub_inst|sld_shadow_jsm:shadow_jsm|state[10]                                                                           ;
; 49.693 ; 49.877       ; 0.184          ; Low Pulse Width  ; altera_reserved_tck ; Rise       ; sld_hub:auto_hub|sld_jtag_hub:\jtag_hub_gen:sld_jtag_hub_inst|sld_shadow_jsm:shadow_jsm|state[11]                                                                           ;
; 49.693 ; 49.877       ; 0.184          ; Low Pulse Width  ; altera_reserved_tck ; Rise       ; sld_hub:auto_hub|sld_jtag_hub:\jtag_hub_gen:sld_jtag_hub_inst|sld_shadow_jsm:shadow_jsm|state[12]                                                                           ;
; 49.693 ; 49.877       ; 0.184          ; Low Pulse Width  ; altera_reserved_tck ; Rise       ; sld_hub:auto_hub|sld_jtag_hub:\jtag_hub_gen:sld_jtag_hub_inst|sld_shadow_jsm:shadow_jsm|state[13]                                                                           ;
; 49.693 ; 49.877       ; 0.184          ; Low Pulse Width  ; altera_reserved_tck ; Rise       ; sld_hub:auto_hub|sld_jtag_hub:\jtag_hub_gen:sld_jtag_hub_inst|sld_shadow_jsm:shadow_jsm|state[14]                                                                           ;
; 49.693 ; 49.877       ; 0.184          ; Low Pulse Width  ; altera_reserved_tck ; Rise       ; sld_hub:auto_hub|sld_jtag_hub:\jtag_hub_gen:sld_jtag_hub_inst|sld_shadow_jsm:shadow_jsm|state[15]                                                                           ;
; 49.693 ; 49.877       ; 0.184          ; Low Pulse Width  ; altera_reserved_tck ; Rise       ; sld_hub:auto_hub|sld_jtag_hub:\jtag_hub_gen:sld_jtag_hub_inst|sld_shadow_jsm:shadow_jsm|state[1]                                                                            ;
; 49.693 ; 49.877       ; 0.184          ; Low Pulse Width  ; altera_reserved_tck ; Rise       ; sld_hub:auto_hub|sld_jtag_hub:\jtag_hub_gen:sld_jtag_hub_inst|sld_shadow_jsm:shadow_jsm|state[2]                                                                            ;
; 49.693 ; 49.877       ; 0.184          ; Low Pulse Width  ; altera_reserved_tck ; Rise       ; sld_hub:auto_hub|sld_jtag_hub:\jtag_hub_gen:sld_jtag_hub_inst|sld_shadow_jsm:shadow_jsm|state[3]                                                                            ;
; 49.693 ; 49.877       ; 0.184          ; Low Pulse Width  ; altera_reserved_tck ; Rise       ; sld_hub:auto_hub|sld_jtag_hub:\jtag_hub_gen:sld_jtag_hub_inst|sld_shadow_jsm:shadow_jsm|state[9]                                                                            ;
; 49.693 ; 49.877       ; 0.184          ; Low Pulse Width  ; altera_reserved_tck ; Rise       ; sld_hub:auto_hub|sld_jtag_hub:\jtag_hub_gen:sld_jtag_hub_inst|sld_shadow_jsm:shadow_jsm|tms_cnt[0]                                                                          ;
; 49.693 ; 49.877       ; 0.184          ; Low Pulse Width  ; altera_reserved_tck ; Rise       ; sld_hub:auto_hub|sld_jtag_hub:\jtag_hub_gen:sld_jtag_hub_inst|sld_shadow_jsm:shadow_jsm|tms_cnt[1]                                                                          ;
; 49.693 ; 49.877       ; 0.184          ; Low Pulse Width  ; altera_reserved_tck ; Rise       ; sld_hub:auto_hub|sld_jtag_hub:\jtag_hub_gen:sld_jtag_hub_inst|sld_shadow_jsm:shadow_jsm|tms_cnt[2]                                                                          ;
; 49.694 ; 49.878       ; 0.184          ; Low Pulse Width  ; altera_reserved_tck ; Rise       ; sld_hub:auto_hub|sld_jtag_hub:\jtag_hub_gen:sld_jtag_hub_inst|hub_minor_ver_reg[0]                                                                                          ;
; 49.694 ; 49.878       ; 0.184          ; Low Pulse Width  ; altera_reserved_tck ; Rise       ; sld_hub:auto_hub|sld_jtag_hub:\jtag_hub_gen:sld_jtag_hub_inst|hub_minor_ver_reg[1]                                                                                          ;
; 49.694 ; 49.878       ; 0.184          ; Low Pulse Width  ; altera_reserved_tck ; Rise       ; sld_hub:auto_hub|sld_jtag_hub:\jtag_hub_gen:sld_jtag_hub_inst|hub_minor_ver_reg[2]                                                                                          ;
; 49.694 ; 49.878       ; 0.184          ; Low Pulse Width  ; altera_reserved_tck ; Rise       ; sld_hub:auto_hub|sld_jtag_hub:\jtag_hub_gen:sld_jtag_hub_inst|hub_minor_ver_reg[3]                                                                                          ;
; 49.694 ; 49.878       ; 0.184          ; Low Pulse Width  ; altera_reserved_tck ; Rise       ; sld_hub:auto_hub|sld_jtag_hub:\jtag_hub_gen:sld_jtag_hub_inst|hub_mode_reg[0]                                                                                               ;
; 49.694 ; 49.878       ; 0.184          ; Low Pulse Width  ; altera_reserved_tck ; Rise       ; sld_hub:auto_hub|sld_jtag_hub:\jtag_hub_gen:sld_jtag_hub_inst|hub_mode_reg[1]                                                                                               ;
; 49.694 ; 49.878       ; 0.184          ; Low Pulse Width  ; altera_reserved_tck ; Rise       ; sld_hub:auto_hub|sld_jtag_hub:\jtag_hub_gen:sld_jtag_hub_inst|jtag_ir_reg[0]                                                                                                ;
; 49.694 ; 49.878       ; 0.184          ; Low Pulse Width  ; altera_reserved_tck ; Rise       ; sld_hub:auto_hub|sld_jtag_hub:\jtag_hub_gen:sld_jtag_hub_inst|jtag_ir_reg[1]                                                                                                ;
; 49.694 ; 49.878       ; 0.184          ; Low Pulse Width  ; altera_reserved_tck ; Rise       ; sld_hub:auto_hub|sld_jtag_hub:\jtag_hub_gen:sld_jtag_hub_inst|jtag_ir_reg[2]                                                                                                ;
+--------+--------------+----------------+------------------+---------------------+------------+-----------------------------------------------------------------------------------------------------------------------------------------------------------------------------+


+----------------------------------------------------------------------------------------------+
; Setup Times                                                                                  ;
+---------------------+---------------------+-------+-------+------------+---------------------+
; Data Port           ; Clock Port          ; Rise  ; Fall  ; Clock Edge ; Clock Reference     ;
+---------------------+---------------------+-------+-------+------------+---------------------+
; altera_reserved_tdi ; altera_reserved_tck ; 3.140 ; 3.396 ; Rise       ; altera_reserved_tck ;
; altera_reserved_tms ; altera_reserved_tck ; 4.583 ; 4.805 ; Rise       ; altera_reserved_tck ;
+---------------------+---------------------+-------+-------+------------+---------------------+


+------------------------------------------------------------------------------------------------+
; Hold Times                                                                                     ;
+---------------------+---------------------+--------+--------+------------+---------------------+
; Data Port           ; Clock Port          ; Rise   ; Fall   ; Clock Edge ; Clock Reference     ;
+---------------------+---------------------+--------+--------+------------+---------------------+
; altera_reserved_tdi ; altera_reserved_tck ; 0.186  ; 0.025  ; Rise       ; altera_reserved_tck ;
; altera_reserved_tms ; altera_reserved_tck ; -0.494 ; -0.655 ; Rise       ; altera_reserved_tck ;
+---------------------+---------------------+--------+--------+------------+---------------------+


+------------------------------------------------------------------------------------------------+
; Clock to Output Times                                                                          ;
+---------------------+---------------------+--------+--------+------------+---------------------+
; Data Port           ; Clock Port          ; Rise   ; Fall   ; Clock Edge ; Clock Reference     ;
+---------------------+---------------------+--------+--------+------------+---------------------+
; altera_reserved_tdo ; altera_reserved_tck ; 10.825 ; 11.256 ; Fall       ; altera_reserved_tck ;
+---------------------+---------------------+--------+--------+------------+---------------------+


+----------------------------------------------------------------------------------------------+
; Minimum Clock to Output Times                                                                ;
+---------------------+---------------------+-------+-------+------------+---------------------+
; Data Port           ; Clock Port          ; Rise  ; Fall  ; Clock Edge ; Clock Reference     ;
+---------------------+---------------------+-------+-------+------------+---------------------+
; altera_reserved_tdo ; altera_reserved_tck ; 9.002 ; 9.435 ; Fall       ; altera_reserved_tck ;
+---------------------+---------------------+-------+-------+------------+---------------------+


----------------------------------------------
; Slow 1200mV 85C Model Metastability Report ;
----------------------------------------------
No synchronizer chains to report.


+----------------------------------------------------------+
; Slow 1200mV 0C Model Fmax Summary                        ;
+-----------+-----------------+---------------------+------+
; Fmax      ; Restricted Fmax ; Clock Name          ; Note ;
+-----------+-----------------+---------------------+------+
; 129.7 MHz ; 129.7 MHz       ; altera_reserved_tck ;      ;
+-----------+-----------------+---------------------+------+
This panel reports FMAX for every clock in the design, regardless of the user-specified clock periods.  FMAX is only computed for paths where the source and destination registers or ports are driven by the same clock.  Paths of different clocks, including generated clocks, are ignored.  For paths between a clock and its inversion, FMAX is computed as if the rising and falling edges are scaled along with FMAX, such that the duty cycle (in terms of a percentage) is maintained. Altera recommends that you always use clock constraints and other slack reports for sign-off analysis.


+----------------------------------------------+
; Slow 1200mV 0C Model Setup Summary           ;
+---------------------+--------+---------------+
; Clock               ; Slack  ; End Point TNS ;
+---------------------+--------+---------------+
; altera_reserved_tck ; 46.145 ; 0.000         ;
+---------------------+--------+---------------+


+---------------------------------------------+
; Slow 1200mV 0C Model Hold Summary           ;
+---------------------+-------+---------------+
; Clock               ; Slack ; End Point TNS ;
+---------------------+-------+---------------+
; altera_reserved_tck ; 0.310 ; 0.000         ;
+---------------------+-------+---------------+


+----------------------------------------------+
; Slow 1200mV 0C Model Recovery Summary        ;
+---------------------+--------+---------------+
; Clock               ; Slack  ; End Point TNS ;
+---------------------+--------+---------------+
; altera_reserved_tck ; 48.601 ; 0.000         ;
+---------------------+--------+---------------+


+---------------------------------------------+
; Slow 1200mV 0C Model Removal Summary        ;
+---------------------+-------+---------------+
; Clock               ; Slack ; End Point TNS ;
+---------------------+-------+---------------+
; altera_reserved_tck ; 0.894 ; 0.000         ;
+---------------------+-------+---------------+


+--------------------------------------------------+
; Slow 1200mV 0C Model Minimum Pulse Width Summary ;
+---------------------+--------+-------------------+
; Clock               ; Slack  ; End Point TNS     ;
+---------------------+--------+-------------------+
; altera_reserved_tck ; 49.604 ; 0.000             ;
+---------------------+--------+-------------------+


+----------------------------------------------------------------------------------------------------------------------------------------------------------------------------------------------------------------------------------------------------------------------------------------------------------------------------------------------------------------------------------------------------------------------------------------------------+
; Slow 1200mV 0C Model Setup: 'altera_reserved_tck'                                                                                                                                                                                                                                                                                                                                                                                                  ;
+--------+------------------------------------------------------------------------------------------------------------------------------------------------------------------------+-----------------------------------------------------------------------------------------------------------------------------------------------------------------------------+---------------------+---------------------+--------------+------------+------------+
; Slack  ; From Node                                                                                                                                                              ; To Node                                                                                                                                                                     ; Launch Clock        ; Latch Clock         ; Relationship ; Clock Skew ; Data Delay ;
+--------+------------------------------------------------------------------------------------------------------------------------------------------------------------------------+-----------------------------------------------------------------------------------------------------------------------------------------------------------------------------+---------------------+---------------------+--------------+------------+------------+
; 46.145 ; sld_hub:auto_hub|sld_jtag_hub:\jtag_hub_gen:sld_jtag_hub_inst|irf_reg[1][1]                                                                                            ; sld_hub:auto_hub|sld_jtag_hub:\jtag_hub_gen:sld_jtag_hub_inst|tdo                                                                                                           ; altera_reserved_tck ; altera_reserved_tck ; 50.000       ; 0.074      ; 3.924      ;
; 46.200 ; Module_OP:OP|altsyncram:altsyncram_component|altsyncram_49u3:auto_generated|sld_mod_ram_rom:mgl_prim2|ram_rom_data_reg[0]                                              ; sld_hub:auto_hub|sld_jtag_hub:\jtag_hub_gen:sld_jtag_hub_inst|tdo                                                                                                           ; altera_reserved_tck ; altera_reserved_tck ; 50.000       ; 0.075      ; 3.870      ;
; 46.399 ; sld_hub:auto_hub|sld_jtag_hub:\jtag_hub_gen:sld_jtag_hub_inst|irf_reg[1][2]                                                                                            ; sld_hub:auto_hub|sld_jtag_hub:\jtag_hub_gen:sld_jtag_hub_inst|tdo                                                                                                           ; altera_reserved_tck ; altera_reserved_tck ; 50.000       ; 0.074      ; 3.670      ;
; 46.461 ; sld_hub:auto_hub|sld_jtag_hub:\jtag_hub_gen:sld_jtag_hub_inst|irf_reg[1][0]                                                                                            ; sld_hub:auto_hub|sld_jtag_hub:\jtag_hub_gen:sld_jtag_hub_inst|tdo                                                                                                           ; altera_reserved_tck ; altera_reserved_tck ; 50.000       ; 0.074      ; 3.608      ;
; 46.771 ; Module_OP:OP|altsyncram:altsyncram_component|altsyncram_49u3:auto_generated|sld_mod_ram_rom:mgl_prim2|sld_rom_sr:\ram_rom_logic_gen:no_name_gen:info_rom_sr|WORD_SR[0] ; sld_hub:auto_hub|sld_jtag_hub:\jtag_hub_gen:sld_jtag_hub_inst|tdo                                                                                                           ; altera_reserved_tck ; altera_reserved_tck ; 50.000       ; 0.074      ; 3.298      ;
; 46.916 ; Module_OP:OP|altsyncram:altsyncram_component|altsyncram_49u3:auto_generated|sld_mod_ram_rom:mgl_prim2|bypass_reg_out                                                   ; sld_hub:auto_hub|sld_jtag_hub:\jtag_hub_gen:sld_jtag_hub_inst|tdo                                                                                                           ; altera_reserved_tck ; altera_reserved_tck ; 50.000       ; 0.081      ; 3.160      ;
; 47.434 ; sld_hub:auto_hub|sld_jtag_hub:\jtag_hub_gen:sld_jtag_hub_inst|irsr_reg[2]                                                                                              ; sld_hub:auto_hub|sld_jtag_hub:\jtag_hub_gen:sld_jtag_hub_inst|tdo                                                                                                           ; altera_reserved_tck ; altera_reserved_tck ; 50.000       ; 0.073      ; 2.634      ;
; 47.559 ; sld_hub:auto_hub|sld_jtag_hub:\jtag_hub_gen:sld_jtag_hub_inst|sld_rom_sr:hub_info_reg|WORD_SR[0]                                                                       ; sld_hub:auto_hub|sld_jtag_hub:\jtag_hub_gen:sld_jtag_hub_inst|tdo                                                                                                           ; altera_reserved_tck ; altera_reserved_tck ; 50.000       ; 0.073      ; 2.509      ;
; 47.566 ; sld_hub:auto_hub|sld_jtag_hub:\jtag_hub_gen:sld_jtag_hub_inst|irsr_reg[5]                                                                                              ; sld_hub:auto_hub|sld_jtag_hub:\jtag_hub_gen:sld_jtag_hub_inst|tdo                                                                                                           ; altera_reserved_tck ; altera_reserved_tck ; 50.000       ; 0.081      ; 2.510      ;
; 47.598 ; sld_hub:auto_hub|sld_jtag_hub:\jtag_hub_gen:sld_jtag_hub_inst|irsr_reg[1]                                                                                              ; sld_hub:auto_hub|sld_jtag_hub:\jtag_hub_gen:sld_jtag_hub_inst|tdo                                                                                                           ; altera_reserved_tck ; altera_reserved_tck ; 50.000       ; 0.073      ; 2.470      ;
; 47.617 ; sld_hub:auto_hub|sld_jtag_hub:\jtag_hub_gen:sld_jtag_hub_inst|irsr_reg[0]                                                                                              ; sld_hub:auto_hub|sld_jtag_hub:\jtag_hub_gen:sld_jtag_hub_inst|tdo                                                                                                           ; altera_reserved_tck ; altera_reserved_tck ; 50.000       ; 0.073      ; 2.451      ;
; 47.802 ; sld_hub:auto_hub|sld_jtag_hub:\jtag_hub_gen:sld_jtag_hub_inst|hub_minor_ver_reg[0]                                                                                     ; sld_hub:auto_hub|sld_jtag_hub:\jtag_hub_gen:sld_jtag_hub_inst|tdo                                                                                                           ; altera_reserved_tck ; altera_reserved_tck ; 50.000       ; 0.078      ; 2.271      ;
; 47.907 ; sld_hub:auto_hub|sld_jtag_hub:\jtag_hub_gen:sld_jtag_hub_inst|virtual_ir_scan_reg                                                                                      ; sld_hub:auto_hub|sld_jtag_hub:\jtag_hub_gen:sld_jtag_hub_inst|tdo                                                                                                           ; altera_reserved_tck ; altera_reserved_tck ; 50.000       ; 0.077      ; 2.165      ;
; 48.020 ; sld_hub:auto_hub|sld_jtag_hub:\jtag_hub_gen:sld_jtag_hub_inst|tdo_bypass_reg                                                                                           ; sld_hub:auto_hub|sld_jtag_hub:\jtag_hub_gen:sld_jtag_hub_inst|tdo                                                                                                           ; altera_reserved_tck ; altera_reserved_tck ; 50.000       ; 0.078      ; 2.053      ;
; 48.112 ; sld_hub:auto_hub|sld_jtag_hub:\jtag_hub_gen:sld_jtag_hub_inst|sld_shadow_jsm:shadow_jsm|state[3]                                                                       ; sld_hub:auto_hub|sld_jtag_hub:\jtag_hub_gen:sld_jtag_hub_inst|tdo                                                                                                           ; altera_reserved_tck ; altera_reserved_tck ; 50.000       ; 0.078      ; 1.961      ;
; 48.363 ; sld_hub:auto_hub|sld_jtag_hub:\jtag_hub_gen:sld_jtag_hub_inst|sld_shadow_jsm:shadow_jsm|state[4]                                                                       ; sld_hub:auto_hub|sld_jtag_hub:\jtag_hub_gen:sld_jtag_hub_inst|tdo                                                                                                           ; altera_reserved_tck ; altera_reserved_tck ; 50.000       ; 0.078      ; 1.710      ;
; 49.461 ; sld_hub:auto_hub|sld_jtag_hub:\jtag_hub_gen:sld_jtag_hub_inst|design_hash_reg[0]                                                                                       ; sld_hub:auto_hub|sld_jtag_hub:\jtag_hub_gen:sld_jtag_hub_inst|tdo                                                                                                           ; altera_reserved_tck ; altera_reserved_tck ; 50.000       ; 0.081      ; 0.615      ;
; 96.189 ; Module_OP:OP|altsyncram:altsyncram_component|altsyncram_49u3:auto_generated|altsyncram_5kr2:altsyncram1|ram_block3a0~portb_we_reg                                      ; Module_OP:OP|altsyncram:altsyncram_component|altsyncram_49u3:auto_generated|sld_mod_ram_rom:mgl_prim2|ram_rom_data_reg[3]                                                   ; altera_reserved_tck ; altera_reserved_tck ; 100.000      ; -0.275     ; 3.531      ;
; 96.311 ; Module_OP:OP|altsyncram:altsyncram_component|altsyncram_49u3:auto_generated|altsyncram_5kr2:altsyncram1|ram_block3a0~portb_we_reg                                      ; Module_OP:OP|altsyncram:altsyncram_component|altsyncram_49u3:auto_generated|sld_mod_ram_rom:mgl_prim2|ram_rom_data_reg[4]                                                   ; altera_reserved_tck ; altera_reserved_tck ; 100.000      ; -0.275     ; 3.409      ;
; 96.350 ; sld_hub:auto_hub|sld_jtag_hub:\jtag_hub_gen:sld_jtag_hub_inst|virtual_ir_scan_reg                                                                                      ; sld_hub:auto_hub|sld_jtag_hub:\jtag_hub_gen:sld_jtag_hub_inst|sld_rom_sr:hub_info_reg|WORD_SR[1]                                                                            ; altera_reserved_tck ; altera_reserved_tck ; 100.000      ; -0.054     ; 3.591      ;
; 96.350 ; sld_hub:auto_hub|sld_jtag_hub:\jtag_hub_gen:sld_jtag_hub_inst|virtual_ir_scan_reg                                                                                      ; sld_hub:auto_hub|sld_jtag_hub:\jtag_hub_gen:sld_jtag_hub_inst|sld_rom_sr:hub_info_reg|WORD_SR[0]                                                                            ; altera_reserved_tck ; altera_reserved_tck ; 100.000      ; -0.054     ; 3.591      ;
; 96.464 ; Module_OP:OP|altsyncram:altsyncram_component|altsyncram_49u3:auto_generated|altsyncram_5kr2:altsyncram1|ram_block3a0~portb_we_reg                                      ; Module_OP:OP|altsyncram:altsyncram_component|altsyncram_49u3:auto_generated|sld_mod_ram_rom:mgl_prim2|ram_rom_data_reg[2]                                                   ; altera_reserved_tck ; altera_reserved_tck ; 100.000      ; -0.275     ; 3.256      ;
; 96.470 ; Module_OP:OP|altsyncram:altsyncram_component|altsyncram_49u3:auto_generated|altsyncram_5kr2:altsyncram1|ram_block3a0~portb_we_reg                                      ; Module_OP:OP|altsyncram:altsyncram_component|altsyncram_49u3:auto_generated|sld_mod_ram_rom:mgl_prim2|ram_rom_data_reg[7]                                                   ; altera_reserved_tck ; altera_reserved_tck ; 100.000      ; -0.275     ; 3.250      ;
; 96.471 ; Module_OP:OP|altsyncram:altsyncram_component|altsyncram_49u3:auto_generated|altsyncram_5kr2:altsyncram1|ram_block3a0~portb_we_reg                                      ; Module_OP:OP|altsyncram:altsyncram_component|altsyncram_49u3:auto_generated|sld_mod_ram_rom:mgl_prim2|ram_rom_data_reg[1]                                                   ; altera_reserved_tck ; altera_reserved_tck ; 100.000      ; -0.275     ; 3.249      ;
; 96.473 ; Module_OP:OP|altsyncram:altsyncram_component|altsyncram_49u3:auto_generated|altsyncram_5kr2:altsyncram1|ram_block3a0~portb_we_reg                                      ; Module_OP:OP|altsyncram:altsyncram_component|altsyncram_49u3:auto_generated|sld_mod_ram_rom:mgl_prim2|ram_rom_data_reg[0]                                                   ; altera_reserved_tck ; altera_reserved_tck ; 100.000      ; -0.275     ; 3.247      ;
; 96.474 ; Module_OP:OP|altsyncram:altsyncram_component|altsyncram_49u3:auto_generated|altsyncram_5kr2:altsyncram1|ram_block3a0~portb_we_reg                                      ; Module_OP:OP|altsyncram:altsyncram_component|altsyncram_49u3:auto_generated|sld_mod_ram_rom:mgl_prim2|ram_rom_data_reg[5]                                                   ; altera_reserved_tck ; altera_reserved_tck ; 100.000      ; -0.275     ; 3.246      ;
; 96.493 ; Module_OP:OP|altsyncram:altsyncram_component|altsyncram_49u3:auto_generated|altsyncram_5kr2:altsyncram1|ram_block3a0~portb_we_reg                                      ; Module_OP:OP|altsyncram:altsyncram_component|altsyncram_49u3:auto_generated|sld_mod_ram_rom:mgl_prim2|ram_rom_data_reg[6]                                                   ; altera_reserved_tck ; altera_reserved_tck ; 100.000      ; -0.275     ; 3.227      ;
; 96.628 ; sld_hub:auto_hub|sld_jtag_hub:\jtag_hub_gen:sld_jtag_hub_inst|sld_shadow_jsm:shadow_jsm|state[8]                                                                       ; sld_hub:auto_hub|sld_jtag_hub:\jtag_hub_gen:sld_jtag_hub_inst|sld_rom_sr:hub_info_reg|WORD_SR[1]                                                                            ; altera_reserved_tck ; altera_reserved_tck ; 100.000      ; -0.053     ; 3.314      ;
; 96.628 ; sld_hub:auto_hub|sld_jtag_hub:\jtag_hub_gen:sld_jtag_hub_inst|sld_shadow_jsm:shadow_jsm|state[8]                                                                       ; sld_hub:auto_hub|sld_jtag_hub:\jtag_hub_gen:sld_jtag_hub_inst|sld_rom_sr:hub_info_reg|WORD_SR[0]                                                                            ; altera_reserved_tck ; altera_reserved_tck ; 100.000      ; -0.053     ; 3.314      ;
; 96.667 ; sld_hub:auto_hub|sld_jtag_hub:\jtag_hub_gen:sld_jtag_hub_inst|sld_shadow_jsm:shadow_jsm|state[8]                                                                       ; Module_OP:OP|altsyncram:altsyncram_component|altsyncram_49u3:auto_generated|sld_mod_ram_rom:mgl_prim2|sld_rom_sr:\ram_rom_logic_gen:no_name_gen:info_rom_sr|WORD_SR[0]      ; altera_reserved_tck ; altera_reserved_tck ; 100.000      ; -0.053     ; 3.275      ;
; 96.668 ; sld_hub:auto_hub|sld_jtag_hub:\jtag_hub_gen:sld_jtag_hub_inst|sld_shadow_jsm:shadow_jsm|state[8]                                                                       ; Module_OP:OP|altsyncram:altsyncram_component|altsyncram_49u3:auto_generated|sld_mod_ram_rom:mgl_prim2|sld_rom_sr:\ram_rom_logic_gen:no_name_gen:info_rom_sr|word_counter[1] ; altera_reserved_tck ; altera_reserved_tck ; 100.000      ; -0.061     ; 3.266      ;
; 96.668 ; sld_hub:auto_hub|sld_jtag_hub:\jtag_hub_gen:sld_jtag_hub_inst|sld_shadow_jsm:shadow_jsm|state[8]                                                                       ; Module_OP:OP|altsyncram:altsyncram_component|altsyncram_49u3:auto_generated|sld_mod_ram_rom:mgl_prim2|sld_rom_sr:\ram_rom_logic_gen:no_name_gen:info_rom_sr|word_counter[0] ; altera_reserved_tck ; altera_reserved_tck ; 100.000      ; -0.061     ; 3.266      ;
; 96.668 ; sld_hub:auto_hub|sld_jtag_hub:\jtag_hub_gen:sld_jtag_hub_inst|sld_shadow_jsm:shadow_jsm|state[8]                                                                       ; Module_OP:OP|altsyncram:altsyncram_component|altsyncram_49u3:auto_generated|sld_mod_ram_rom:mgl_prim2|sld_rom_sr:\ram_rom_logic_gen:no_name_gen:info_rom_sr|word_counter[2] ; altera_reserved_tck ; altera_reserved_tck ; 100.000      ; -0.061     ; 3.266      ;
; 96.668 ; sld_hub:auto_hub|sld_jtag_hub:\jtag_hub_gen:sld_jtag_hub_inst|sld_shadow_jsm:shadow_jsm|state[8]                                                                       ; Module_OP:OP|altsyncram:altsyncram_component|altsyncram_49u3:auto_generated|sld_mod_ram_rom:mgl_prim2|sld_rom_sr:\ram_rom_logic_gen:no_name_gen:info_rom_sr|word_counter[3] ; altera_reserved_tck ; altera_reserved_tck ; 100.000      ; -0.061     ; 3.266      ;
; 96.694 ; sld_hub:auto_hub|sld_jtag_hub:\jtag_hub_gen:sld_jtag_hub_inst|sld_shadow_jsm:shadow_jsm|state[8]                                                                       ; Module_OP:OP|altsyncram:altsyncram_component|altsyncram_49u3:auto_generated|sld_mod_ram_rom:mgl_prim2|sld_rom_sr:\ram_rom_logic_gen:no_name_gen:info_rom_sr|WORD_SR[3]      ; altera_reserved_tck ; altera_reserved_tck ; 100.000      ; -0.061     ; 3.240      ;
; 96.694 ; sld_hub:auto_hub|sld_jtag_hub:\jtag_hub_gen:sld_jtag_hub_inst|sld_shadow_jsm:shadow_jsm|state[8]                                                                       ; Module_OP:OP|altsyncram:altsyncram_component|altsyncram_49u3:auto_generated|sld_mod_ram_rom:mgl_prim2|sld_rom_sr:\ram_rom_logic_gen:no_name_gen:info_rom_sr|WORD_SR[1]      ; altera_reserved_tck ; altera_reserved_tck ; 100.000      ; -0.061     ; 3.240      ;
; 96.694 ; sld_hub:auto_hub|sld_jtag_hub:\jtag_hub_gen:sld_jtag_hub_inst|sld_shadow_jsm:shadow_jsm|state[8]                                                                       ; Module_OP:OP|altsyncram:altsyncram_component|altsyncram_49u3:auto_generated|sld_mod_ram_rom:mgl_prim2|sld_rom_sr:\ram_rom_logic_gen:no_name_gen:info_rom_sr|WORD_SR[2]      ; altera_reserved_tck ; altera_reserved_tck ; 100.000      ; -0.061     ; 3.240      ;
; 96.699 ; sld_hub:auto_hub|sld_jtag_hub:\jtag_hub_gen:sld_jtag_hub_inst|virtual_ir_scan_reg                                                                                      ; Module_OP:OP|altsyncram:altsyncram_component|altsyncram_49u3:auto_generated|sld_mod_ram_rom:mgl_prim2|sld_rom_sr:\ram_rom_logic_gen:no_name_gen:info_rom_sr|WORD_SR[0]      ; altera_reserved_tck ; altera_reserved_tck ; 100.000      ; -0.054     ; 3.242      ;
; 96.726 ; sld_hub:auto_hub|sld_jtag_hub:\jtag_hub_gen:sld_jtag_hub_inst|virtual_ir_scan_reg                                                                                      ; Module_OP:OP|altsyncram:altsyncram_component|altsyncram_49u3:auto_generated|sld_mod_ram_rom:mgl_prim2|sld_rom_sr:\ram_rom_logic_gen:no_name_gen:info_rom_sr|WORD_SR[3]      ; altera_reserved_tck ; altera_reserved_tck ; 100.000      ; -0.062     ; 3.207      ;
; 96.726 ; sld_hub:auto_hub|sld_jtag_hub:\jtag_hub_gen:sld_jtag_hub_inst|virtual_ir_scan_reg                                                                                      ; Module_OP:OP|altsyncram:altsyncram_component|altsyncram_49u3:auto_generated|sld_mod_ram_rom:mgl_prim2|sld_rom_sr:\ram_rom_logic_gen:no_name_gen:info_rom_sr|WORD_SR[1]      ; altera_reserved_tck ; altera_reserved_tck ; 100.000      ; -0.062     ; 3.207      ;
; 96.726 ; sld_hub:auto_hub|sld_jtag_hub:\jtag_hub_gen:sld_jtag_hub_inst|virtual_ir_scan_reg                                                                                      ; Module_OP:OP|altsyncram:altsyncram_component|altsyncram_49u3:auto_generated|sld_mod_ram_rom:mgl_prim2|sld_rom_sr:\ram_rom_logic_gen:no_name_gen:info_rom_sr|WORD_SR[2]      ; altera_reserved_tck ; altera_reserved_tck ; 100.000      ; -0.062     ; 3.207      ;
; 96.754 ; sld_hub:auto_hub|sld_jtag_hub:\jtag_hub_gen:sld_jtag_hub_inst|virtual_ir_scan_reg                                                                                      ; Module_OP:OP|altsyncram:altsyncram_component|altsyncram_49u3:auto_generated|sld_mod_ram_rom:mgl_prim2|sld_rom_sr:\ram_rom_logic_gen:no_name_gen:info_rom_sr|word_counter[1] ; altera_reserved_tck ; altera_reserved_tck ; 100.000      ; -0.062     ; 3.179      ;
; 96.754 ; sld_hub:auto_hub|sld_jtag_hub:\jtag_hub_gen:sld_jtag_hub_inst|virtual_ir_scan_reg                                                                                      ; Module_OP:OP|altsyncram:altsyncram_component|altsyncram_49u3:auto_generated|sld_mod_ram_rom:mgl_prim2|sld_rom_sr:\ram_rom_logic_gen:no_name_gen:info_rom_sr|word_counter[0] ; altera_reserved_tck ; altera_reserved_tck ; 100.000      ; -0.062     ; 3.179      ;
; 96.754 ; sld_hub:auto_hub|sld_jtag_hub:\jtag_hub_gen:sld_jtag_hub_inst|virtual_ir_scan_reg                                                                                      ; Module_OP:OP|altsyncram:altsyncram_component|altsyncram_49u3:auto_generated|sld_mod_ram_rom:mgl_prim2|sld_rom_sr:\ram_rom_logic_gen:no_name_gen:info_rom_sr|word_counter[2] ; altera_reserved_tck ; altera_reserved_tck ; 100.000      ; -0.062     ; 3.179      ;
; 96.754 ; sld_hub:auto_hub|sld_jtag_hub:\jtag_hub_gen:sld_jtag_hub_inst|virtual_ir_scan_reg                                                                                      ; Module_OP:OP|altsyncram:altsyncram_component|altsyncram_49u3:auto_generated|sld_mod_ram_rom:mgl_prim2|sld_rom_sr:\ram_rom_logic_gen:no_name_gen:info_rom_sr|word_counter[3] ; altera_reserved_tck ; altera_reserved_tck ; 100.000      ; -0.062     ; 3.179      ;
; 96.887 ; sld_hub:auto_hub|sld_jtag_hub:\jtag_hub_gen:sld_jtag_hub_inst|virtual_ir_scan_reg                                                                                      ; sld_hub:auto_hub|sld_jtag_hub:\jtag_hub_gen:sld_jtag_hub_inst|sld_rom_sr:hub_info_reg|WORD_SR[2]                                                                            ; altera_reserved_tck ; altera_reserved_tck ; 100.000      ; -0.058     ; 3.050      ;
; 96.887 ; sld_hub:auto_hub|sld_jtag_hub:\jtag_hub_gen:sld_jtag_hub_inst|virtual_ir_scan_reg                                                                                      ; sld_hub:auto_hub|sld_jtag_hub:\jtag_hub_gen:sld_jtag_hub_inst|sld_rom_sr:hub_info_reg|WORD_SR[3]                                                                            ; altera_reserved_tck ; altera_reserved_tck ; 100.000      ; -0.058     ; 3.050      ;
; 96.889 ; sld_hub:auto_hub|sld_jtag_hub:\jtag_hub_gen:sld_jtag_hub_inst|virtual_ir_scan_reg                                                                                      ; sld_hub:auto_hub|sld_jtag_hub:\jtag_hub_gen:sld_jtag_hub_inst|sld_rom_sr:hub_info_reg|word_counter[1]                                                                       ; altera_reserved_tck ; altera_reserved_tck ; 100.000      ; -0.058     ; 3.048      ;
; 96.889 ; sld_hub:auto_hub|sld_jtag_hub:\jtag_hub_gen:sld_jtag_hub_inst|virtual_ir_scan_reg                                                                                      ; sld_hub:auto_hub|sld_jtag_hub:\jtag_hub_gen:sld_jtag_hub_inst|sld_rom_sr:hub_info_reg|word_counter[4]                                                                       ; altera_reserved_tck ; altera_reserved_tck ; 100.000      ; -0.058     ; 3.048      ;
; 96.889 ; sld_hub:auto_hub|sld_jtag_hub:\jtag_hub_gen:sld_jtag_hub_inst|virtual_ir_scan_reg                                                                                      ; sld_hub:auto_hub|sld_jtag_hub:\jtag_hub_gen:sld_jtag_hub_inst|sld_rom_sr:hub_info_reg|word_counter[0]                                                                       ; altera_reserved_tck ; altera_reserved_tck ; 100.000      ; -0.058     ; 3.048      ;
; 96.889 ; sld_hub:auto_hub|sld_jtag_hub:\jtag_hub_gen:sld_jtag_hub_inst|virtual_ir_scan_reg                                                                                      ; sld_hub:auto_hub|sld_jtag_hub:\jtag_hub_gen:sld_jtag_hub_inst|sld_rom_sr:hub_info_reg|word_counter[2]                                                                       ; altera_reserved_tck ; altera_reserved_tck ; 100.000      ; -0.058     ; 3.048      ;
; 96.889 ; sld_hub:auto_hub|sld_jtag_hub:\jtag_hub_gen:sld_jtag_hub_inst|virtual_ir_scan_reg                                                                                      ; sld_hub:auto_hub|sld_jtag_hub:\jtag_hub_gen:sld_jtag_hub_inst|sld_rom_sr:hub_info_reg|word_counter[3]                                                                       ; altera_reserved_tck ; altera_reserved_tck ; 100.000      ; -0.058     ; 3.048      ;
; 96.944 ; sld_hub:auto_hub|sld_jtag_hub:\jtag_hub_gen:sld_jtag_hub_inst|virtual_dr_scan_reg                                                                                      ; sld_hub:auto_hub|sld_jtag_hub:\jtag_hub_gen:sld_jtag_hub_inst|identity_contrib_update_reg[3]                                                                                ; altera_reserved_tck ; altera_reserved_tck ; 100.000      ; -0.060     ; 2.991      ;
; 96.944 ; sld_hub:auto_hub|sld_jtag_hub:\jtag_hub_gen:sld_jtag_hub_inst|virtual_dr_scan_reg                                                                                      ; sld_hub:auto_hub|sld_jtag_hub:\jtag_hub_gen:sld_jtag_hub_inst|identity_contrib_update_reg[2]                                                                                ; altera_reserved_tck ; altera_reserved_tck ; 100.000      ; -0.060     ; 2.991      ;
; 96.944 ; sld_hub:auto_hub|sld_jtag_hub:\jtag_hub_gen:sld_jtag_hub_inst|virtual_dr_scan_reg                                                                                      ; sld_hub:auto_hub|sld_jtag_hub:\jtag_hub_gen:sld_jtag_hub_inst|identity_contrib_update_reg[1]                                                                                ; altera_reserved_tck ; altera_reserved_tck ; 100.000      ; -0.060     ; 2.991      ;
; 96.944 ; sld_hub:auto_hub|sld_jtag_hub:\jtag_hub_gen:sld_jtag_hub_inst|virtual_dr_scan_reg                                                                                      ; sld_hub:auto_hub|sld_jtag_hub:\jtag_hub_gen:sld_jtag_hub_inst|identity_contrib_update_reg[0]                                                                                ; altera_reserved_tck ; altera_reserved_tck ; 100.000      ; -0.060     ; 2.991      ;
; 96.968 ; sld_hub:auto_hub|sld_jtag_hub:\jtag_hub_gen:sld_jtag_hub_inst|virtual_ir_scan_reg                                                                                      ; Module_OP:OP|altsyncram:altsyncram_component|altsyncram_49u3:auto_generated|sld_mod_ram_rom:mgl_prim2|ram_rom_data_reg[6]                                                   ; altera_reserved_tck ; altera_reserved_tck ; 100.000      ; -0.055     ; 2.972      ;
; 96.968 ; sld_hub:auto_hub|sld_jtag_hub:\jtag_hub_gen:sld_jtag_hub_inst|virtual_ir_scan_reg                                                                                      ; Module_OP:OP|altsyncram:altsyncram_component|altsyncram_49u3:auto_generated|sld_mod_ram_rom:mgl_prim2|ram_rom_data_reg[7]                                                   ; altera_reserved_tck ; altera_reserved_tck ; 100.000      ; -0.055     ; 2.972      ;
; 96.968 ; sld_hub:auto_hub|sld_jtag_hub:\jtag_hub_gen:sld_jtag_hub_inst|virtual_ir_scan_reg                                                                                      ; Module_OP:OP|altsyncram:altsyncram_component|altsyncram_49u3:auto_generated|sld_mod_ram_rom:mgl_prim2|ram_rom_data_reg[0]                                                   ; altera_reserved_tck ; altera_reserved_tck ; 100.000      ; -0.055     ; 2.972      ;
; 96.968 ; sld_hub:auto_hub|sld_jtag_hub:\jtag_hub_gen:sld_jtag_hub_inst|virtual_ir_scan_reg                                                                                      ; Module_OP:OP|altsyncram:altsyncram_component|altsyncram_49u3:auto_generated|sld_mod_ram_rom:mgl_prim2|ram_rom_data_reg[1]                                                   ; altera_reserved_tck ; altera_reserved_tck ; 100.000      ; -0.055     ; 2.972      ;
; 96.968 ; sld_hub:auto_hub|sld_jtag_hub:\jtag_hub_gen:sld_jtag_hub_inst|virtual_ir_scan_reg                                                                                      ; Module_OP:OP|altsyncram:altsyncram_component|altsyncram_49u3:auto_generated|sld_mod_ram_rom:mgl_prim2|ram_rom_data_reg[2]                                                   ; altera_reserved_tck ; altera_reserved_tck ; 100.000      ; -0.055     ; 2.972      ;
; 96.968 ; sld_hub:auto_hub|sld_jtag_hub:\jtag_hub_gen:sld_jtag_hub_inst|virtual_ir_scan_reg                                                                                      ; Module_OP:OP|altsyncram:altsyncram_component|altsyncram_49u3:auto_generated|sld_mod_ram_rom:mgl_prim2|ram_rom_data_reg[3]                                                   ; altera_reserved_tck ; altera_reserved_tck ; 100.000      ; -0.055     ; 2.972      ;
; 96.968 ; sld_hub:auto_hub|sld_jtag_hub:\jtag_hub_gen:sld_jtag_hub_inst|virtual_ir_scan_reg                                                                                      ; Module_OP:OP|altsyncram:altsyncram_component|altsyncram_49u3:auto_generated|sld_mod_ram_rom:mgl_prim2|ram_rom_data_reg[4]                                                   ; altera_reserved_tck ; altera_reserved_tck ; 100.000      ; -0.055     ; 2.972      ;
; 96.968 ; sld_hub:auto_hub|sld_jtag_hub:\jtag_hub_gen:sld_jtag_hub_inst|virtual_ir_scan_reg                                                                                      ; Module_OP:OP|altsyncram:altsyncram_component|altsyncram_49u3:auto_generated|sld_mod_ram_rom:mgl_prim2|ram_rom_data_reg[5]                                                   ; altera_reserved_tck ; altera_reserved_tck ; 100.000      ; -0.055     ; 2.972      ;
; 97.002 ; sld_hub:auto_hub|sld_jtag_hub:\jtag_hub_gen:sld_jtag_hub_inst|virtual_dr_scan_reg                                                                                      ; sld_hub:auto_hub|sld_jtag_hub:\jtag_hub_gen:sld_jtag_hub_inst|identity_contrib_shift_reg[3]                                                                                 ; altera_reserved_tck ; altera_reserved_tck ; 100.000      ; -0.060     ; 2.933      ;
; 97.002 ; sld_hub:auto_hub|sld_jtag_hub:\jtag_hub_gen:sld_jtag_hub_inst|virtual_dr_scan_reg                                                                                      ; sld_hub:auto_hub|sld_jtag_hub:\jtag_hub_gen:sld_jtag_hub_inst|identity_contrib_shift_reg[2]                                                                                 ; altera_reserved_tck ; altera_reserved_tck ; 100.000      ; -0.060     ; 2.933      ;
; 97.002 ; sld_hub:auto_hub|sld_jtag_hub:\jtag_hub_gen:sld_jtag_hub_inst|virtual_dr_scan_reg                                                                                      ; sld_hub:auto_hub|sld_jtag_hub:\jtag_hub_gen:sld_jtag_hub_inst|identity_contrib_shift_reg[1]                                                                                 ; altera_reserved_tck ; altera_reserved_tck ; 100.000      ; -0.060     ; 2.933      ;
; 97.002 ; sld_hub:auto_hub|sld_jtag_hub:\jtag_hub_gen:sld_jtag_hub_inst|virtual_dr_scan_reg                                                                                      ; sld_hub:auto_hub|sld_jtag_hub:\jtag_hub_gen:sld_jtag_hub_inst|identity_contrib_shift_reg[0]                                                                                 ; altera_reserved_tck ; altera_reserved_tck ; 100.000      ; -0.060     ; 2.933      ;
; 97.030 ; sld_hub:auto_hub|sld_jtag_hub:\jtag_hub_gen:sld_jtag_hub_inst|node_ena[1]~reg0                                                                                         ; Module_OP:OP|altsyncram:altsyncram_component|altsyncram_49u3:auto_generated|sld_mod_ram_rom:mgl_prim2|ram_rom_data_reg[6]                                                   ; altera_reserved_tck ; altera_reserved_tck ; 100.000      ; -0.054     ; 2.911      ;
; 97.030 ; sld_hub:auto_hub|sld_jtag_hub:\jtag_hub_gen:sld_jtag_hub_inst|node_ena[1]~reg0                                                                                         ; Module_OP:OP|altsyncram:altsyncram_component|altsyncram_49u3:auto_generated|sld_mod_ram_rom:mgl_prim2|ram_rom_data_reg[7]                                                   ; altera_reserved_tck ; altera_reserved_tck ; 100.000      ; -0.054     ; 2.911      ;
; 97.030 ; sld_hub:auto_hub|sld_jtag_hub:\jtag_hub_gen:sld_jtag_hub_inst|node_ena[1]~reg0                                                                                         ; Module_OP:OP|altsyncram:altsyncram_component|altsyncram_49u3:auto_generated|sld_mod_ram_rom:mgl_prim2|ram_rom_data_reg[0]                                                   ; altera_reserved_tck ; altera_reserved_tck ; 100.000      ; -0.054     ; 2.911      ;
; 97.030 ; sld_hub:auto_hub|sld_jtag_hub:\jtag_hub_gen:sld_jtag_hub_inst|node_ena[1]~reg0                                                                                         ; Module_OP:OP|altsyncram:altsyncram_component|altsyncram_49u3:auto_generated|sld_mod_ram_rom:mgl_prim2|ram_rom_data_reg[1]                                                   ; altera_reserved_tck ; altera_reserved_tck ; 100.000      ; -0.054     ; 2.911      ;
; 97.030 ; sld_hub:auto_hub|sld_jtag_hub:\jtag_hub_gen:sld_jtag_hub_inst|node_ena[1]~reg0                                                                                         ; Module_OP:OP|altsyncram:altsyncram_component|altsyncram_49u3:auto_generated|sld_mod_ram_rom:mgl_prim2|ram_rom_data_reg[2]                                                   ; altera_reserved_tck ; altera_reserved_tck ; 100.000      ; -0.054     ; 2.911      ;
; 97.030 ; sld_hub:auto_hub|sld_jtag_hub:\jtag_hub_gen:sld_jtag_hub_inst|node_ena[1]~reg0                                                                                         ; Module_OP:OP|altsyncram:altsyncram_component|altsyncram_49u3:auto_generated|sld_mod_ram_rom:mgl_prim2|ram_rom_data_reg[3]                                                   ; altera_reserved_tck ; altera_reserved_tck ; 100.000      ; -0.054     ; 2.911      ;
; 97.030 ; sld_hub:auto_hub|sld_jtag_hub:\jtag_hub_gen:sld_jtag_hub_inst|node_ena[1]~reg0                                                                                         ; Module_OP:OP|altsyncram:altsyncram_component|altsyncram_49u3:auto_generated|sld_mod_ram_rom:mgl_prim2|ram_rom_data_reg[4]                                                   ; altera_reserved_tck ; altera_reserved_tck ; 100.000      ; -0.054     ; 2.911      ;
; 97.030 ; sld_hub:auto_hub|sld_jtag_hub:\jtag_hub_gen:sld_jtag_hub_inst|node_ena[1]~reg0                                                                                         ; Module_OP:OP|altsyncram:altsyncram_component|altsyncram_49u3:auto_generated|sld_mod_ram_rom:mgl_prim2|ram_rom_data_reg[5]                                                   ; altera_reserved_tck ; altera_reserved_tck ; 100.000      ; -0.054     ; 2.911      ;
; 97.037 ; sld_hub:auto_hub|sld_jtag_hub:\jtag_hub_gen:sld_jtag_hub_inst|sld_shadow_jsm:shadow_jsm|state[4]                                                                       ; Module_OP:OP|altsyncram:altsyncram_component|altsyncram_49u3:auto_generated|sld_mod_ram_rom:mgl_prim2|sld_rom_sr:\ram_rom_logic_gen:no_name_gen:info_rom_sr|WORD_SR[0]      ; altera_reserved_tck ; altera_reserved_tck ; 100.000      ; -0.053     ; 2.905      ;
; 97.053 ; sld_hub:auto_hub|sld_jtag_hub:\jtag_hub_gen:sld_jtag_hub_inst|irsr_reg[5]                                                                                              ; sld_hub:auto_hub|sld_jtag_hub:\jtag_hub_gen:sld_jtag_hub_inst|node_ena[1]~reg0                                                                                              ; altera_reserved_tck ; altera_reserved_tck ; 100.000      ; -0.054     ; 2.888      ;
; 97.074 ; sld_hub:auto_hub|sld_jtag_hub:\jtag_hub_gen:sld_jtag_hub_inst|irsr_reg[1]                                                                                              ; sld_hub:auto_hub|sld_jtag_hub:\jtag_hub_gen:sld_jtag_hub_inst|identity_contrib_update_reg[3]                                                                                ; altera_reserved_tck ; altera_reserved_tck ; 100.000      ; -0.064     ; 2.857      ;
; 97.074 ; sld_hub:auto_hub|sld_jtag_hub:\jtag_hub_gen:sld_jtag_hub_inst|irsr_reg[1]                                                                                              ; sld_hub:auto_hub|sld_jtag_hub:\jtag_hub_gen:sld_jtag_hub_inst|identity_contrib_update_reg[2]                                                                                ; altera_reserved_tck ; altera_reserved_tck ; 100.000      ; -0.064     ; 2.857      ;
; 97.074 ; sld_hub:auto_hub|sld_jtag_hub:\jtag_hub_gen:sld_jtag_hub_inst|irsr_reg[1]                                                                                              ; sld_hub:auto_hub|sld_jtag_hub:\jtag_hub_gen:sld_jtag_hub_inst|identity_contrib_update_reg[1]                                                                                ; altera_reserved_tck ; altera_reserved_tck ; 100.000      ; -0.064     ; 2.857      ;
; 97.074 ; sld_hub:auto_hub|sld_jtag_hub:\jtag_hub_gen:sld_jtag_hub_inst|irsr_reg[1]                                                                                              ; sld_hub:auto_hub|sld_jtag_hub:\jtag_hub_gen:sld_jtag_hub_inst|identity_contrib_update_reg[0]                                                                                ; altera_reserved_tck ; altera_reserved_tck ; 100.000      ; -0.064     ; 2.857      ;
; 97.107 ; sld_hub:auto_hub|sld_jtag_hub:\jtag_hub_gen:sld_jtag_hub_inst|irsr_reg[0]                                                                                              ; sld_hub:auto_hub|sld_jtag_hub:\jtag_hub_gen:sld_jtag_hub_inst|identity_contrib_update_reg[3]                                                                                ; altera_reserved_tck ; altera_reserved_tck ; 100.000      ; -0.064     ; 2.824      ;
; 97.107 ; sld_hub:auto_hub|sld_jtag_hub:\jtag_hub_gen:sld_jtag_hub_inst|irsr_reg[0]                                                                                              ; sld_hub:auto_hub|sld_jtag_hub:\jtag_hub_gen:sld_jtag_hub_inst|identity_contrib_update_reg[2]                                                                                ; altera_reserved_tck ; altera_reserved_tck ; 100.000      ; -0.064     ; 2.824      ;
; 97.107 ; sld_hub:auto_hub|sld_jtag_hub:\jtag_hub_gen:sld_jtag_hub_inst|irsr_reg[0]                                                                                              ; sld_hub:auto_hub|sld_jtag_hub:\jtag_hub_gen:sld_jtag_hub_inst|identity_contrib_update_reg[1]                                                                                ; altera_reserved_tck ; altera_reserved_tck ; 100.000      ; -0.064     ; 2.824      ;
; 97.107 ; sld_hub:auto_hub|sld_jtag_hub:\jtag_hub_gen:sld_jtag_hub_inst|irsr_reg[0]                                                                                              ; sld_hub:auto_hub|sld_jtag_hub:\jtag_hub_gen:sld_jtag_hub_inst|identity_contrib_update_reg[0]                                                                                ; altera_reserved_tck ; altera_reserved_tck ; 100.000      ; -0.064     ; 2.824      ;
; 97.123 ; sld_hub:auto_hub|sld_jtag_hub:\jtag_hub_gen:sld_jtag_hub_inst|virtual_ir_scan_reg                                                                                      ; Module_OP:OP|altsyncram:altsyncram_component|altsyncram_49u3:auto_generated|sld_mod_ram_rom:mgl_prim2|ram_rom_addr_reg[3]                                                   ; altera_reserved_tck ; altera_reserved_tck ; 100.000      ; -0.055     ; 2.817      ;
; 97.123 ; sld_hub:auto_hub|sld_jtag_hub:\jtag_hub_gen:sld_jtag_hub_inst|virtual_ir_scan_reg                                                                                      ; Module_OP:OP|altsyncram:altsyncram_component|altsyncram_49u3:auto_generated|sld_mod_ram_rom:mgl_prim2|ram_rom_addr_reg[4]                                                   ; altera_reserved_tck ; altera_reserved_tck ; 100.000      ; -0.055     ; 2.817      ;
; 97.123 ; sld_hub:auto_hub|sld_jtag_hub:\jtag_hub_gen:sld_jtag_hub_inst|virtual_ir_scan_reg                                                                                      ; Module_OP:OP|altsyncram:altsyncram_component|altsyncram_49u3:auto_generated|sld_mod_ram_rom:mgl_prim2|ram_rom_addr_reg[5]                                                   ; altera_reserved_tck ; altera_reserved_tck ; 100.000      ; -0.055     ; 2.817      ;
; 97.123 ; sld_hub:auto_hub|sld_jtag_hub:\jtag_hub_gen:sld_jtag_hub_inst|virtual_ir_scan_reg                                                                                      ; Module_OP:OP|altsyncram:altsyncram_component|altsyncram_49u3:auto_generated|sld_mod_ram_rom:mgl_prim2|ram_rom_addr_reg[6]                                                   ; altera_reserved_tck ; altera_reserved_tck ; 100.000      ; -0.055     ; 2.817      ;
; 97.123 ; sld_hub:auto_hub|sld_jtag_hub:\jtag_hub_gen:sld_jtag_hub_inst|virtual_ir_scan_reg                                                                                      ; Module_OP:OP|altsyncram:altsyncram_component|altsyncram_49u3:auto_generated|sld_mod_ram_rom:mgl_prim2|ram_rom_addr_reg[7]                                                   ; altera_reserved_tck ; altera_reserved_tck ; 100.000      ; -0.055     ; 2.817      ;
; 97.123 ; sld_hub:auto_hub|sld_jtag_hub:\jtag_hub_gen:sld_jtag_hub_inst|virtual_ir_scan_reg                                                                                      ; Module_OP:OP|altsyncram:altsyncram_component|altsyncram_49u3:auto_generated|sld_mod_ram_rom:mgl_prim2|ram_rom_addr_reg[0]                                                   ; altera_reserved_tck ; altera_reserved_tck ; 100.000      ; -0.055     ; 2.817      ;
; 97.123 ; sld_hub:auto_hub|sld_jtag_hub:\jtag_hub_gen:sld_jtag_hub_inst|virtual_ir_scan_reg                                                                                      ; Module_OP:OP|altsyncram:altsyncram_component|altsyncram_49u3:auto_generated|sld_mod_ram_rom:mgl_prim2|ram_rom_addr_reg[1]                                                   ; altera_reserved_tck ; altera_reserved_tck ; 100.000      ; -0.055     ; 2.817      ;
; 97.123 ; sld_hub:auto_hub|sld_jtag_hub:\jtag_hub_gen:sld_jtag_hub_inst|virtual_ir_scan_reg                                                                                      ; Module_OP:OP|altsyncram:altsyncram_component|altsyncram_49u3:auto_generated|sld_mod_ram_rom:mgl_prim2|ram_rom_addr_reg[2]                                                   ; altera_reserved_tck ; altera_reserved_tck ; 100.000      ; -0.055     ; 2.817      ;
; 97.144 ; sld_hub:auto_hub|sld_jtag_hub:\jtag_hub_gen:sld_jtag_hub_inst|irsr_reg[1]                                                                                              ; sld_hub:auto_hub|sld_jtag_hub:\jtag_hub_gen:sld_jtag_hub_inst|identity_contrib_shift_reg[3]                                                                                 ; altera_reserved_tck ; altera_reserved_tck ; 100.000      ; -0.064     ; 2.787      ;
; 97.144 ; sld_hub:auto_hub|sld_jtag_hub:\jtag_hub_gen:sld_jtag_hub_inst|irsr_reg[1]                                                                                              ; sld_hub:auto_hub|sld_jtag_hub:\jtag_hub_gen:sld_jtag_hub_inst|identity_contrib_shift_reg[2]                                                                                 ; altera_reserved_tck ; altera_reserved_tck ; 100.000      ; -0.064     ; 2.787      ;
; 97.144 ; sld_hub:auto_hub|sld_jtag_hub:\jtag_hub_gen:sld_jtag_hub_inst|irsr_reg[1]                                                                                              ; sld_hub:auto_hub|sld_jtag_hub:\jtag_hub_gen:sld_jtag_hub_inst|identity_contrib_shift_reg[1]                                                                                 ; altera_reserved_tck ; altera_reserved_tck ; 100.000      ; -0.064     ; 2.787      ;
; 97.144 ; sld_hub:auto_hub|sld_jtag_hub:\jtag_hub_gen:sld_jtag_hub_inst|irsr_reg[1]                                                                                              ; sld_hub:auto_hub|sld_jtag_hub:\jtag_hub_gen:sld_jtag_hub_inst|identity_contrib_shift_reg[0]                                                                                 ; altera_reserved_tck ; altera_reserved_tck ; 100.000      ; -0.064     ; 2.787      ;
; 97.159 ; sld_hub:auto_hub|sld_jtag_hub:\jtag_hub_gen:sld_jtag_hub_inst|virtual_ir_scan_reg                                                                                      ; sld_hub:auto_hub|sld_jtag_hub:\jtag_hub_gen:sld_jtag_hub_inst|mixer_addr_reg[0]                                                                                             ; altera_reserved_tck ; altera_reserved_tck ; 100.000      ; -0.060     ; 2.776      ;
; 97.159 ; sld_hub:auto_hub|sld_jtag_hub:\jtag_hub_gen:sld_jtag_hub_inst|virtual_ir_scan_reg                                                                                      ; sld_hub:auto_hub|sld_jtag_hub:\jtag_hub_gen:sld_jtag_hub_inst|mixer_addr_reg[4]                                                                                             ; altera_reserved_tck ; altera_reserved_tck ; 100.000      ; -0.060     ; 2.776      ;
+--------+------------------------------------------------------------------------------------------------------------------------------------------------------------------------+-----------------------------------------------------------------------------------------------------------------------------------------------------------------------------+---------------------+---------------------+--------------+------------+------------+


+--------------------------------------------------------------------------------------------------------------------------------------------------------------------------------------------------------------------------------------------------------------------------------------------------------------------------------------------------------------------------------------------------------------------------------------------------------+
; Slow 1200mV 0C Model Hold: 'altera_reserved_tck'                                                                                                                                                                                                                                                                                                                                                                                                       ;
+-------+-----------------------------------------------------------------------------------------------------------------------------------------------------------------------------+-----------------------------------------------------------------------------------------------------------------------------------------------------------------------------+---------------------+---------------------+--------------+------------+------------+
; Slack ; From Node                                                                                                                                                                   ; To Node                                                                                                                                                                     ; Launch Clock        ; Latch Clock         ; Relationship ; Clock Skew ; Data Delay ;
+-------+-----------------------------------------------------------------------------------------------------------------------------------------------------------------------------+-----------------------------------------------------------------------------------------------------------------------------------------------------------------------------+---------------------+---------------------+--------------+------------+------------+
; 0.310 ; Module_OP:OP|altsyncram:altsyncram_component|altsyncram_49u3:auto_generated|sld_mod_ram_rom:mgl_prim2|ram_rom_data_shift_cntr_reg[1]                                        ; Module_OP:OP|altsyncram:altsyncram_component|altsyncram_49u3:auto_generated|sld_mod_ram_rom:mgl_prim2|ram_rom_data_shift_cntr_reg[1]                                        ; altera_reserved_tck ; altera_reserved_tck ; 0.000        ; 0.057      ; 0.511      ;
; 0.310 ; Module_OP:OP|altsyncram:altsyncram_component|altsyncram_49u3:auto_generated|sld_mod_ram_rom:mgl_prim2|ram_rom_data_shift_cntr_reg[2]                                        ; Module_OP:OP|altsyncram:altsyncram_component|altsyncram_49u3:auto_generated|sld_mod_ram_rom:mgl_prim2|ram_rom_data_shift_cntr_reg[2]                                        ; altera_reserved_tck ; altera_reserved_tck ; 0.000        ; 0.057      ; 0.511      ;
; 0.310 ; Module_OP:OP|altsyncram:altsyncram_component|altsyncram_49u3:auto_generated|sld_mod_ram_rom:mgl_prim2|ram_rom_data_shift_cntr_reg[0]                                        ; Module_OP:OP|altsyncram:altsyncram_component|altsyncram_49u3:auto_generated|sld_mod_ram_rom:mgl_prim2|ram_rom_data_shift_cntr_reg[0]                                        ; altera_reserved_tck ; altera_reserved_tck ; 0.000        ; 0.057      ; 0.511      ;
; 0.310 ; sld_hub:auto_hub|sld_jtag_hub:\jtag_hub_gen:sld_jtag_hub_inst|irsr_reg[5]                                                                                                   ; sld_hub:auto_hub|sld_jtag_hub:\jtag_hub_gen:sld_jtag_hub_inst|irsr_reg[5]                                                                                                   ; altera_reserved_tck ; altera_reserved_tck ; 0.000        ; 0.057      ; 0.511      ;
; 0.310 ; sld_hub:auto_hub|sld_jtag_hub:\jtag_hub_gen:sld_jtag_hub_inst|hub_mode_reg[0]                                                                                               ; sld_hub:auto_hub|sld_jtag_hub:\jtag_hub_gen:sld_jtag_hub_inst|hub_mode_reg[0]                                                                                               ; altera_reserved_tck ; altera_reserved_tck ; 0.000        ; 0.057      ; 0.511      ;
; 0.310 ; sld_hub:auto_hub|sld_jtag_hub:\jtag_hub_gen:sld_jtag_hub_inst|node_ena[1]~reg0                                                                                              ; sld_hub:auto_hub|sld_jtag_hub:\jtag_hub_gen:sld_jtag_hub_inst|node_ena[1]~reg0                                                                                              ; altera_reserved_tck ; altera_reserved_tck ; 0.000        ; 0.057      ; 0.511      ;
; 0.310 ; sld_hub:auto_hub|sld_jtag_hub:\jtag_hub_gen:sld_jtag_hub_inst|hub_mode_reg[1]                                                                                               ; sld_hub:auto_hub|sld_jtag_hub:\jtag_hub_gen:sld_jtag_hub_inst|hub_mode_reg[1]                                                                                               ; altera_reserved_tck ; altera_reserved_tck ; 0.000        ; 0.057      ; 0.511      ;
; 0.310 ; Module_OP:OP|altsyncram:altsyncram_component|altsyncram_49u3:auto_generated|sld_mod_ram_rom:mgl_prim2|sld_rom_sr:\ram_rom_logic_gen:no_name_gen:info_rom_sr|word_counter[1] ; Module_OP:OP|altsyncram:altsyncram_component|altsyncram_49u3:auto_generated|sld_mod_ram_rom:mgl_prim2|sld_rom_sr:\ram_rom_logic_gen:no_name_gen:info_rom_sr|word_counter[1] ; altera_reserved_tck ; altera_reserved_tck ; 0.000        ; 0.057      ; 0.511      ;
; 0.310 ; Module_OP:OP|altsyncram:altsyncram_component|altsyncram_49u3:auto_generated|sld_mod_ram_rom:mgl_prim2|sld_rom_sr:\ram_rom_logic_gen:no_name_gen:info_rom_sr|word_counter[2] ; Module_OP:OP|altsyncram:altsyncram_component|altsyncram_49u3:auto_generated|sld_mod_ram_rom:mgl_prim2|sld_rom_sr:\ram_rom_logic_gen:no_name_gen:info_rom_sr|word_counter[2] ; altera_reserved_tck ; altera_reserved_tck ; 0.000        ; 0.057      ; 0.511      ;
; 0.310 ; Module_OP:OP|altsyncram:altsyncram_component|altsyncram_49u3:auto_generated|sld_mod_ram_rom:mgl_prim2|sld_rom_sr:\ram_rom_logic_gen:no_name_gen:info_rom_sr|word_counter[3] ; Module_OP:OP|altsyncram:altsyncram_component|altsyncram_49u3:auto_generated|sld_mod_ram_rom:mgl_prim2|sld_rom_sr:\ram_rom_logic_gen:no_name_gen:info_rom_sr|word_counter[3] ; altera_reserved_tck ; altera_reserved_tck ; 0.000        ; 0.057      ; 0.511      ;
; 0.310 ; Module_OP:OP|altsyncram:altsyncram_component|altsyncram_49u3:auto_generated|sld_mod_ram_rom:mgl_prim2|bypass_reg_out                                                        ; Module_OP:OP|altsyncram:altsyncram_component|altsyncram_49u3:auto_generated|sld_mod_ram_rom:mgl_prim2|bypass_reg_out                                                        ; altera_reserved_tck ; altera_reserved_tck ; 0.000        ; 0.057      ; 0.511      ;
; 0.310 ; sld_hub:auto_hub|sld_jtag_hub:\jtag_hub_gen:sld_jtag_hub_inst|tdo_bypass_reg                                                                                                ; sld_hub:auto_hub|sld_jtag_hub:\jtag_hub_gen:sld_jtag_hub_inst|tdo_bypass_reg                                                                                                ; altera_reserved_tck ; altera_reserved_tck ; 0.000        ; 0.057      ; 0.511      ;
; 0.310 ; Module_OP:OP|altsyncram:altsyncram_component|altsyncram_49u3:auto_generated|sld_mod_ram_rom:mgl_prim2|is_in_use_reg                                                         ; Module_OP:OP|altsyncram:altsyncram_component|altsyncram_49u3:auto_generated|sld_mod_ram_rom:mgl_prim2|is_in_use_reg                                                         ; altera_reserved_tck ; altera_reserved_tck ; 0.000        ; 0.057      ; 0.511      ;
; 0.310 ; sld_hub:auto_hub|sld_jtag_hub:\jtag_hub_gen:sld_jtag_hub_inst|sld_shadow_jsm:shadow_jsm|state[4]                                                                            ; sld_hub:auto_hub|sld_jtag_hub:\jtag_hub_gen:sld_jtag_hub_inst|sld_shadow_jsm:shadow_jsm|state[4]                                                                            ; altera_reserved_tck ; altera_reserved_tck ; 0.000        ; 0.057      ; 0.511      ;
; 0.310 ; sld_hub:auto_hub|sld_jtag_hub:\jtag_hub_gen:sld_jtag_hub_inst|sld_shadow_jsm:shadow_jsm|state[6]                                                                            ; sld_hub:auto_hub|sld_jtag_hub:\jtag_hub_gen:sld_jtag_hub_inst|sld_shadow_jsm:shadow_jsm|state[6]                                                                            ; altera_reserved_tck ; altera_reserved_tck ; 0.000        ; 0.057      ; 0.511      ;
; 0.310 ; sld_hub:auto_hub|sld_jtag_hub:\jtag_hub_gen:sld_jtag_hub_inst|sld_shadow_jsm:shadow_jsm|state[0]                                                                            ; sld_hub:auto_hub|sld_jtag_hub:\jtag_hub_gen:sld_jtag_hub_inst|sld_shadow_jsm:shadow_jsm|state[0]                                                                            ; altera_reserved_tck ; altera_reserved_tck ; 0.000        ; 0.057      ; 0.511      ;
; 0.310 ; sld_hub:auto_hub|sld_jtag_hub:\jtag_hub_gen:sld_jtag_hub_inst|sld_shadow_jsm:shadow_jsm|tms_cnt[2]                                                                          ; sld_hub:auto_hub|sld_jtag_hub:\jtag_hub_gen:sld_jtag_hub_inst|sld_shadow_jsm:shadow_jsm|tms_cnt[2]                                                                          ; altera_reserved_tck ; altera_reserved_tck ; 0.000        ; 0.057      ; 0.511      ;
; 0.310 ; sld_hub:auto_hub|sld_jtag_hub:\jtag_hub_gen:sld_jtag_hub_inst|sld_shadow_jsm:shadow_jsm|tms_cnt[1]                                                                          ; sld_hub:auto_hub|sld_jtag_hub:\jtag_hub_gen:sld_jtag_hub_inst|sld_shadow_jsm:shadow_jsm|tms_cnt[1]                                                                          ; altera_reserved_tck ; altera_reserved_tck ; 0.000        ; 0.057      ; 0.511      ;
; 0.311 ; sld_hub:auto_hub|sld_jtag_hub:\jtag_hub_gen:sld_jtag_hub_inst|hub_mode_reg[2]                                                                                               ; sld_hub:auto_hub|sld_jtag_hub:\jtag_hub_gen:sld_jtag_hub_inst|hub_mode_reg[2]                                                                                               ; altera_reserved_tck ; altera_reserved_tck ; 0.000        ; 0.056      ; 0.511      ;
; 0.311 ; sld_hub:auto_hub|sld_jtag_hub:\jtag_hub_gen:sld_jtag_hub_inst|sld_shadow_jsm:shadow_jsm|state[11]                                                                           ; sld_hub:auto_hub|sld_jtag_hub:\jtag_hub_gen:sld_jtag_hub_inst|sld_shadow_jsm:shadow_jsm|state[11]                                                                           ; altera_reserved_tck ; altera_reserved_tck ; 0.000        ; 0.056      ; 0.511      ;
; 0.311 ; sld_hub:auto_hub|sld_jtag_hub:\jtag_hub_gen:sld_jtag_hub_inst|sld_shadow_jsm:shadow_jsm|state[13]                                                                           ; sld_hub:auto_hub|sld_jtag_hub:\jtag_hub_gen:sld_jtag_hub_inst|sld_shadow_jsm:shadow_jsm|state[13]                                                                           ; altera_reserved_tck ; altera_reserved_tck ; 0.000        ; 0.056      ; 0.511      ;
; 0.311 ; sld_hub:auto_hub|sld_jtag_hub:\jtag_hub_gen:sld_jtag_hub_inst|sld_shadow_jsm:shadow_jsm|state[1]                                                                            ; sld_hub:auto_hub|sld_jtag_hub:\jtag_hub_gen:sld_jtag_hub_inst|sld_shadow_jsm:shadow_jsm|state[1]                                                                            ; altera_reserved_tck ; altera_reserved_tck ; 0.000        ; 0.056      ; 0.511      ;
; 0.318 ; Module_OP:OP|altsyncram:altsyncram_component|altsyncram_49u3:auto_generated|sld_mod_ram_rom:mgl_prim2|sld_rom_sr:\ram_rom_logic_gen:no_name_gen:info_rom_sr|word_counter[0] ; Module_OP:OP|altsyncram:altsyncram_component|altsyncram_49u3:auto_generated|sld_mod_ram_rom:mgl_prim2|sld_rom_sr:\ram_rom_logic_gen:no_name_gen:info_rom_sr|word_counter[0] ; altera_reserved_tck ; altera_reserved_tck ; 0.000        ; 0.057      ; 0.519      ;
; 0.318 ; sld_hub:auto_hub|sld_jtag_hub:\jtag_hub_gen:sld_jtag_hub_inst|sld_shadow_jsm:shadow_jsm|tms_cnt[0]                                                                          ; sld_hub:auto_hub|sld_jtag_hub:\jtag_hub_gen:sld_jtag_hub_inst|sld_shadow_jsm:shadow_jsm|tms_cnt[0]                                                                          ; altera_reserved_tck ; altera_reserved_tck ; 0.000        ; 0.057      ; 0.519      ;
; 0.334 ; sld_hub:auto_hub|sld_jtag_hub:\jtag_hub_gen:sld_jtag_hub_inst|sld_shadow_jsm:shadow_jsm|tms_cnt[0]                                                                          ; sld_hub:auto_hub|sld_jtag_hub:\jtag_hub_gen:sld_jtag_hub_inst|sld_shadow_jsm:shadow_jsm|tms_cnt[2]                                                                          ; altera_reserved_tck ; altera_reserved_tck ; 0.000        ; 0.057      ; 0.535      ;
; 0.334 ; sld_hub:auto_hub|sld_jtag_hub:\jtag_hub_gen:sld_jtag_hub_inst|sld_shadow_jsm:shadow_jsm|tms_cnt[0]                                                                          ; sld_hub:auto_hub|sld_jtag_hub:\jtag_hub_gen:sld_jtag_hub_inst|sld_shadow_jsm:shadow_jsm|tms_cnt[1]                                                                          ; altera_reserved_tck ; altera_reserved_tck ; 0.000        ; 0.057      ; 0.535      ;
; 0.335 ; sld_hub:auto_hub|sld_jtag_hub:\jtag_hub_gen:sld_jtag_hub_inst|hub_minor_ver_reg[2]                                                                                          ; sld_hub:auto_hub|sld_jtag_hub:\jtag_hub_gen:sld_jtag_hub_inst|hub_minor_ver_reg[1]                                                                                          ; altera_reserved_tck ; altera_reserved_tck ; 0.000        ; 0.057      ; 0.536      ;
; 0.335 ; sld_hub:auto_hub|sld_jtag_hub:\jtag_hub_gen:sld_jtag_hub_inst|hub_minor_ver_reg[3]                                                                                          ; sld_hub:auto_hub|sld_jtag_hub:\jtag_hub_gen:sld_jtag_hub_inst|hub_minor_ver_reg[2]                                                                                          ; altera_reserved_tck ; altera_reserved_tck ; 0.000        ; 0.057      ; 0.536      ;
; 0.336 ; sld_hub:auto_hub|sld_jtag_hub:\jtag_hub_gen:sld_jtag_hub_inst|identity_contrib_shift_reg[0]                                                                                 ; sld_hub:auto_hub|sld_jtag_hub:\jtag_hub_gen:sld_jtag_hub_inst|identity_contrib_update_reg[0]                                                                                ; altera_reserved_tck ; altera_reserved_tck ; 0.000        ; 0.057      ; 0.537      ;
; 0.336 ; sld_hub:auto_hub|sld_jtag_hub:\jtag_hub_gen:sld_jtag_hub_inst|sld_shadow_jsm:shadow_jsm|state[13]                                                                           ; sld_hub:auto_hub|sld_jtag_hub:\jtag_hub_gen:sld_jtag_hub_inst|sld_shadow_jsm:shadow_jsm|state[14]                                                                           ; altera_reserved_tck ; altera_reserved_tck ; 0.000        ; 0.056      ; 0.536      ;
; 0.336 ; sld_hub:auto_hub|sld_jtag_hub:\jtag_hub_gen:sld_jtag_hub_inst|hub_mode_reg[2]                                                                                               ; sld_hub:auto_hub|sld_jtag_hub:\jtag_hub_gen:sld_jtag_hub_inst|clr_reg                                                                                                       ; altera_reserved_tck ; altera_reserved_tck ; 0.000        ; 0.056      ; 0.536      ;
; 0.337 ; sld_hub:auto_hub|sld_jtag_hub:\jtag_hub_gen:sld_jtag_hub_inst|hub_minor_ver_reg[1]                                                                                          ; sld_hub:auto_hub|sld_jtag_hub:\jtag_hub_gen:sld_jtag_hub_inst|hub_minor_ver_reg[0]                                                                                          ; altera_reserved_tck ; altera_reserved_tck ; 0.000        ; 0.057      ; 0.538      ;
; 0.337 ; sld_hub:auto_hub|sld_jtag_hub:\jtag_hub_gen:sld_jtag_hub_inst|sld_shadow_jsm:shadow_jsm|state[6]                                                                            ; sld_hub:auto_hub|sld_jtag_hub:\jtag_hub_gen:sld_jtag_hub_inst|sld_shadow_jsm:shadow_jsm|state[7]                                                                            ; altera_reserved_tck ; altera_reserved_tck ; 0.000        ; 0.057      ; 0.538      ;
; 0.341 ; Module_OP:OP|altsyncram:altsyncram_component|altsyncram_49u3:auto_generated|sld_mod_ram_rom:mgl_prim2|sld_rom_sr:\ram_rom_logic_gen:no_name_gen:info_rom_sr|word_counter[2] ; Module_OP:OP|altsyncram:altsyncram_component|altsyncram_49u3:auto_generated|sld_mod_ram_rom:mgl_prim2|sld_rom_sr:\ram_rom_logic_gen:no_name_gen:info_rom_sr|word_counter[3] ; altera_reserved_tck ; altera_reserved_tck ; 0.000        ; 0.057      ; 0.542      ;
; 0.342 ; sld_hub:auto_hub|sld_jtag_hub:\jtag_hub_gen:sld_jtag_hub_inst|identity_contrib_shift_reg[2]                                                                                 ; sld_hub:auto_hub|sld_jtag_hub:\jtag_hub_gen:sld_jtag_hub_inst|identity_contrib_update_reg[2]                                                                                ; altera_reserved_tck ; altera_reserved_tck ; 0.000        ; 0.057      ; 0.543      ;
; 0.342 ; sld_hub:auto_hub|sld_jtag_hub:\jtag_hub_gen:sld_jtag_hub_inst|jtag_ir_reg[2]                                                                                                ; sld_hub:auto_hub|sld_jtag_hub:\jtag_hub_gen:sld_jtag_hub_inst|jtag_ir_reg[1]                                                                                                ; altera_reserved_tck ; altera_reserved_tck ; 0.000        ; 0.057      ; 0.543      ;
; 0.342 ; sld_hub:auto_hub|sld_jtag_hub:\jtag_hub_gen:sld_jtag_hub_inst|jtag_ir_reg[4]                                                                                                ; sld_hub:auto_hub|sld_jtag_hub:\jtag_hub_gen:sld_jtag_hub_inst|jtag_ir_reg[3]                                                                                                ; altera_reserved_tck ; altera_reserved_tck ; 0.000        ; 0.057      ; 0.543      ;
; 0.342 ; sld_hub:auto_hub|sld_jtag_hub:\jtag_hub_gen:sld_jtag_hub_inst|jtag_ir_reg[9]                                                                                                ; sld_hub:auto_hub|sld_jtag_hub:\jtag_hub_gen:sld_jtag_hub_inst|jtag_ir_reg[8]                                                                                                ; altera_reserved_tck ; altera_reserved_tck ; 0.000        ; 0.057      ; 0.543      ;
; 0.343 ; sld_hub:auto_hub|sld_jtag_hub:\jtag_hub_gen:sld_jtag_hub_inst|identity_contrib_shift_reg[2]                                                                                 ; sld_hub:auto_hub|sld_jtag_hub:\jtag_hub_gen:sld_jtag_hub_inst|identity_contrib_shift_reg[1]                                                                                 ; altera_reserved_tck ; altera_reserved_tck ; 0.000        ; 0.057      ; 0.544      ;
; 0.343 ; sld_hub:auto_hub|sld_jtag_hub:\jtag_hub_gen:sld_jtag_hub_inst|sld_shadow_jsm:shadow_jsm|state[14]                                                                           ; sld_hub:auto_hub|sld_jtag_hub:\jtag_hub_gen:sld_jtag_hub_inst|sld_shadow_jsm:shadow_jsm|state[15]                                                                           ; altera_reserved_tck ; altera_reserved_tck ; 0.000        ; 0.056      ; 0.543      ;
; 0.343 ; sld_hub:auto_hub|sld_jtag_hub:\jtag_hub_gen:sld_jtag_hub_inst|jtag_ir_reg[3]                                                                                                ; sld_hub:auto_hub|sld_jtag_hub:\jtag_hub_gen:sld_jtag_hub_inst|jtag_ir_reg[2]                                                                                                ; altera_reserved_tck ; altera_reserved_tck ; 0.000        ; 0.057      ; 0.544      ;
; 0.344 ; sld_hub:auto_hub|sld_jtag_hub:\jtag_hub_gen:sld_jtag_hub_inst|jtag_ir_reg[1]                                                                                                ; sld_hub:auto_hub|sld_jtag_hub:\jtag_hub_gen:sld_jtag_hub_inst|jtag_ir_reg[0]                                                                                                ; altera_reserved_tck ; altera_reserved_tck ; 0.000        ; 0.057      ; 0.545      ;
; 0.344 ; sld_hub:auto_hub|sld_jtag_hub:\jtag_hub_gen:sld_jtag_hub_inst|sld_shadow_jsm:shadow_jsm|state[12]                                                                           ; sld_hub:auto_hub|sld_jtag_hub:\jtag_hub_gen:sld_jtag_hub_inst|sld_shadow_jsm:shadow_jsm|state[13]                                                                           ; altera_reserved_tck ; altera_reserved_tck ; 0.000        ; 0.056      ; 0.544      ;
; 0.345 ; Module_OP:OP|altsyncram:altsyncram_component|altsyncram_49u3:auto_generated|sld_mod_ram_rom:mgl_prim2|ram_rom_data_shift_cntr_reg[2]                                        ; Module_OP:OP|altsyncram:altsyncram_component|altsyncram_49u3:auto_generated|sld_mod_ram_rom:mgl_prim2|ram_rom_data_shift_cntr_reg[0]                                        ; altera_reserved_tck ; altera_reserved_tck ; 0.000        ; 0.057      ; 0.546      ;
; 0.346 ; sld_hub:auto_hub|sld_jtag_hub:\jtag_hub_gen:sld_jtag_hub_inst|sld_shadow_jsm:shadow_jsm|state[10]                                                                           ; sld_hub:auto_hub|sld_jtag_hub:\jtag_hub_gen:sld_jtag_hub_inst|sld_shadow_jsm:shadow_jsm|state[11]                                                                           ; altera_reserved_tck ; altera_reserved_tck ; 0.000        ; 0.056      ; 0.546      ;
; 0.353 ; sld_hub:auto_hub|sld_jtag_hub:\jtag_hub_gen:sld_jtag_hub_inst|irsr_reg[4]                                                                                                   ; sld_hub:auto_hub|sld_jtag_hub:\jtag_hub_gen:sld_jtag_hub_inst|irf_reg[1][4]                                                                                                 ; altera_reserved_tck ; altera_reserved_tck ; 0.000        ; 0.057      ; 0.554      ;
; 0.355 ; Module_OP:OP|altsyncram:altsyncram_component|altsyncram_49u3:auto_generated|sld_mod_ram_rom:mgl_prim2|ram_rom_data_reg[4]                                                   ; Module_OP:OP|altsyncram:altsyncram_component|altsyncram_49u3:auto_generated|sld_mod_ram_rom:mgl_prim2|ram_rom_data_reg[3]                                                   ; altera_reserved_tck ; altera_reserved_tck ; 0.000        ; 0.057      ; 0.556      ;
; 0.356 ; Module_OP:OP|altsyncram:altsyncram_component|altsyncram_49u3:auto_generated|sld_mod_ram_rom:mgl_prim2|ram_rom_data_shift_cntr_reg[1]                                        ; Module_OP:OP|altsyncram:altsyncram_component|altsyncram_49u3:auto_generated|sld_mod_ram_rom:mgl_prim2|ram_rom_data_shift_cntr_reg[2]                                        ; altera_reserved_tck ; altera_reserved_tck ; 0.000        ; 0.057      ; 0.557      ;
; 0.357 ; sld_hub:auto_hub|sld_jtag_hub:\jtag_hub_gen:sld_jtag_hub_inst|sld_rom_sr:hub_info_reg|word_counter[4]                                                                       ; sld_hub:auto_hub|sld_jtag_hub:\jtag_hub_gen:sld_jtag_hub_inst|sld_rom_sr:hub_info_reg|word_counter[4]                                                                       ; altera_reserved_tck ; altera_reserved_tck ; 0.000        ; 0.056      ; 0.557      ;
; 0.361 ; sld_hub:auto_hub|sld_jtag_hub:\jtag_hub_gen:sld_jtag_hub_inst|sld_shadow_jsm:shadow_jsm|state[4]                                                                            ; sld_hub:auto_hub|sld_jtag_hub:\jtag_hub_gen:sld_jtag_hub_inst|tdo_bypass_reg                                                                                                ; altera_reserved_tck ; altera_reserved_tck ; 0.000        ; 0.057      ; 0.562      ;
; 0.362 ; Module_OP:OP|altsyncram:altsyncram_component|altsyncram_49u3:auto_generated|sld_mod_ram_rom:mgl_prim2|sld_rom_sr:\ram_rom_logic_gen:no_name_gen:info_rom_sr|word_counter[0] ; Module_OP:OP|altsyncram:altsyncram_component|altsyncram_49u3:auto_generated|sld_mod_ram_rom:mgl_prim2|sld_rom_sr:\ram_rom_logic_gen:no_name_gen:info_rom_sr|word_counter[2] ; altera_reserved_tck ; altera_reserved_tck ; 0.000        ; 0.057      ; 0.563      ;
; 0.363 ; Module_OP:OP|altsyncram:altsyncram_component|altsyncram_49u3:auto_generated|sld_mod_ram_rom:mgl_prim2|sld_rom_sr:\ram_rom_logic_gen:no_name_gen:info_rom_sr|word_counter[0] ; Module_OP:OP|altsyncram:altsyncram_component|altsyncram_49u3:auto_generated|sld_mod_ram_rom:mgl_prim2|sld_rom_sr:\ram_rom_logic_gen:no_name_gen:info_rom_sr|word_counter[1] ; altera_reserved_tck ; altera_reserved_tck ; 0.000        ; 0.057      ; 0.564      ;
; 0.371 ; sld_hub:auto_hub|sld_jtag_hub:\jtag_hub_gen:sld_jtag_hub_inst|sld_shadow_jsm:shadow_jsm|state[4]                                                                            ; sld_hub:auto_hub|sld_jtag_hub:\jtag_hub_gen:sld_jtag_hub_inst|sld_shadow_jsm:shadow_jsm|state[5]                                                                            ; altera_reserved_tck ; altera_reserved_tck ; 0.000        ; 0.057      ; 0.572      ;
; 0.376 ; Module_OP:OP|altsyncram:altsyncram_component|altsyncram_49u3:auto_generated|sld_mod_ram_rom:mgl_prim2|ram_rom_data_reg[0]                                                   ; Module_OP:OP|altsyncram:altsyncram_component|altsyncram_49u3:auto_generated|altsyncram_5kr2:altsyncram1|ram_block3a0~portb_datain_reg0                                      ; altera_reserved_tck ; altera_reserved_tck ; 0.000        ; 0.280      ; 0.825      ;
; 0.382 ; Module_OP:OP|altsyncram:altsyncram_component|altsyncram_49u3:auto_generated|sld_mod_ram_rom:mgl_prim2|ram_rom_addr_reg[7]                                                   ; Module_OP:OP|altsyncram:altsyncram_component|altsyncram_49u3:auto_generated|altsyncram_5kr2:altsyncram1|ram_block3a0~portb_address_reg0                                     ; altera_reserved_tck ; altera_reserved_tck ; 0.000        ; 0.275      ; 0.826      ;
; 0.383 ; sld_hub:auto_hub|sld_jtag_hub:\jtag_hub_gen:sld_jtag_hub_inst|mixer_addr_reg[4]                                                                                             ; sld_hub:auto_hub|sld_jtag_hub:\jtag_hub_gen:sld_jtag_hub_inst|mixer_addr_reg[4]                                                                                             ; altera_reserved_tck ; altera_reserved_tck ; 0.000        ; 0.057      ; 0.584      ;
; 0.385 ; Module_OP:OP|altsyncram:altsyncram_component|altsyncram_49u3:auto_generated|sld_mod_ram_rom:mgl_prim2|ram_rom_data_reg[6]                                                   ; Module_OP:OP|altsyncram:altsyncram_component|altsyncram_49u3:auto_generated|altsyncram_5kr2:altsyncram1|ram_block3a0~portb_datain_reg0                                      ; altera_reserved_tck ; altera_reserved_tck ; 0.000        ; 0.280      ; 0.834      ;
; 0.386 ; Module_OP:OP|altsyncram:altsyncram_component|altsyncram_49u3:auto_generated|sld_mod_ram_rom:mgl_prim2|ram_rom_addr_reg[5]                                                   ; Module_OP:OP|altsyncram:altsyncram_component|altsyncram_49u3:auto_generated|altsyncram_5kr2:altsyncram1|ram_block3a0~portb_address_reg0                                     ; altera_reserved_tck ; altera_reserved_tck ; 0.000        ; 0.275      ; 0.830      ;
; 0.388 ; Module_OP:OP|altsyncram:altsyncram_component|altsyncram_49u3:auto_generated|sld_mod_ram_rom:mgl_prim2|ram_rom_data_reg[5]                                                   ; Module_OP:OP|altsyncram:altsyncram_component|altsyncram_49u3:auto_generated|altsyncram_5kr2:altsyncram1|ram_block3a0~portb_datain_reg0                                      ; altera_reserved_tck ; altera_reserved_tck ; 0.000        ; 0.280      ; 0.837      ;
; 0.393 ; Module_OP:OP|altsyncram:altsyncram_component|altsyncram_49u3:auto_generated|sld_mod_ram_rom:mgl_prim2|ram_rom_addr_reg[3]                                                   ; Module_OP:OP|altsyncram:altsyncram_component|altsyncram_49u3:auto_generated|altsyncram_5kr2:altsyncram1|ram_block3a0~portb_address_reg0                                     ; altera_reserved_tck ; altera_reserved_tck ; 0.000        ; 0.275      ; 0.837      ;
; 0.394 ; Module_OP:OP|altsyncram:altsyncram_component|altsyncram_49u3:auto_generated|sld_mod_ram_rom:mgl_prim2|ram_rom_addr_reg[0]                                                   ; Module_OP:OP|altsyncram:altsyncram_component|altsyncram_49u3:auto_generated|altsyncram_5kr2:altsyncram1|ram_block3a0~portb_address_reg0                                     ; altera_reserved_tck ; altera_reserved_tck ; 0.000        ; 0.275      ; 0.838      ;
; 0.400 ; Module_OP:OP|altsyncram:altsyncram_component|altsyncram_49u3:auto_generated|sld_mod_ram_rom:mgl_prim2|ram_rom_data_reg[4]                                                   ; Module_OP:OP|altsyncram:altsyncram_component|altsyncram_49u3:auto_generated|altsyncram_5kr2:altsyncram1|ram_block3a0~portb_datain_reg0                                      ; altera_reserved_tck ; altera_reserved_tck ; 0.000        ; 0.280      ; 0.849      ;
; 0.403 ; Module_OP:OP|altsyncram:altsyncram_component|altsyncram_49u3:auto_generated|sld_mod_ram_rom:mgl_prim2|ram_rom_addr_reg[4]                                                   ; Module_OP:OP|altsyncram:altsyncram_component|altsyncram_49u3:auto_generated|altsyncram_5kr2:altsyncram1|ram_block3a0~portb_address_reg0                                     ; altera_reserved_tck ; altera_reserved_tck ; 0.000        ; 0.275      ; 0.847      ;
; 0.406 ; Module_OP:OP|altsyncram:altsyncram_component|altsyncram_49u3:auto_generated|sld_mod_ram_rom:mgl_prim2|ram_rom_addr_reg[2]                                                   ; Module_OP:OP|altsyncram:altsyncram_component|altsyncram_49u3:auto_generated|altsyncram_5kr2:altsyncram1|ram_block3a0~portb_address_reg0                                     ; altera_reserved_tck ; altera_reserved_tck ; 0.000        ; 0.275      ; 0.850      ;
; 0.412 ; Module_OP:OP|altsyncram:altsyncram_component|altsyncram_49u3:auto_generated|sld_mod_ram_rom:mgl_prim2|ram_rom_data_reg[2]                                                   ; Module_OP:OP|altsyncram:altsyncram_component|altsyncram_49u3:auto_generated|altsyncram_5kr2:altsyncram1|ram_block3a0~portb_datain_reg0                                      ; altera_reserved_tck ; altera_reserved_tck ; 0.000        ; 0.280      ; 0.861      ;
; 0.416 ; Module_OP:OP|altsyncram:altsyncram_component|altsyncram_49u3:auto_generated|sld_mod_ram_rom:mgl_prim2|ram_rom_addr_reg[6]                                                   ; Module_OP:OP|altsyncram:altsyncram_component|altsyncram_49u3:auto_generated|altsyncram_5kr2:altsyncram1|ram_block3a0~portb_address_reg0                                     ; altera_reserved_tck ; altera_reserved_tck ; 0.000        ; 0.275      ; 0.860      ;
; 0.428 ; Module_OP:OP|altsyncram:altsyncram_component|altsyncram_49u3:auto_generated|sld_mod_ram_rom:mgl_prim2|ram_rom_data_reg[7]                                                   ; Module_OP:OP|altsyncram:altsyncram_component|altsyncram_49u3:auto_generated|altsyncram_5kr2:altsyncram1|ram_block3a0~portb_datain_reg0                                      ; altera_reserved_tck ; altera_reserved_tck ; 0.000        ; 0.280      ; 0.877      ;
; 0.432 ; Module_OP:OP|altsyncram:altsyncram_component|altsyncram_49u3:auto_generated|sld_mod_ram_rom:mgl_prim2|ram_rom_data_reg[3]                                                   ; Module_OP:OP|altsyncram:altsyncram_component|altsyncram_49u3:auto_generated|altsyncram_5kr2:altsyncram1|ram_block3a0~portb_datain_reg0                                      ; altera_reserved_tck ; altera_reserved_tck ; 0.000        ; 0.280      ; 0.881      ;
; 0.434 ; Module_OP:OP|altsyncram:altsyncram_component|altsyncram_49u3:auto_generated|sld_mod_ram_rom:mgl_prim2|ram_rom_data_reg[1]                                                   ; Module_OP:OP|altsyncram:altsyncram_component|altsyncram_49u3:auto_generated|altsyncram_5kr2:altsyncram1|ram_block3a0~portb_datain_reg0                                      ; altera_reserved_tck ; altera_reserved_tck ; 0.000        ; 0.280      ; 0.883      ;
; 0.434 ; Module_OP:OP|altsyncram:altsyncram_component|altsyncram_49u3:auto_generated|sld_mod_ram_rom:mgl_prim2|sld_rom_sr:\ram_rom_logic_gen:no_name_gen:info_rom_sr|WORD_SR[3]      ; Module_OP:OP|altsyncram:altsyncram_component|altsyncram_49u3:auto_generated|sld_mod_ram_rom:mgl_prim2|sld_rom_sr:\ram_rom_logic_gen:no_name_gen:info_rom_sr|WORD_SR[2]      ; altera_reserved_tck ; altera_reserved_tck ; 0.000        ; 0.057      ; 0.635      ;
; 0.444 ; Module_OP:OP|altsyncram:altsyncram_component|altsyncram_49u3:auto_generated|sld_mod_ram_rom:mgl_prim2|ram_rom_addr_reg[1]                                                   ; Module_OP:OP|altsyncram:altsyncram_component|altsyncram_49u3:auto_generated|altsyncram_5kr2:altsyncram1|ram_block3a0~portb_address_reg0                                     ; altera_reserved_tck ; altera_reserved_tck ; 0.000        ; 0.275      ; 0.888      ;
; 0.451 ; Module_OP:OP|altsyncram:altsyncram_component|altsyncram_49u3:auto_generated|sld_mod_ram_rom:mgl_prim2|ram_rom_data_reg[2]                                                   ; Module_OP:OP|altsyncram:altsyncram_component|altsyncram_49u3:auto_generated|sld_mod_ram_rom:mgl_prim2|ram_rom_data_reg[1]                                                   ; altera_reserved_tck ; altera_reserved_tck ; 0.000        ; 0.057      ; 0.652      ;
; 0.457 ; sld_hub:auto_hub|sld_jtag_hub:\jtag_hub_gen:sld_jtag_hub_inst|jtag_ir_reg[0]                                                                                                ; sld_hub:auto_hub|sld_jtag_hub:\jtag_hub_gen:sld_jtag_hub_inst|virtual_ir_scan_reg                                                                                           ; altera_reserved_tck ; altera_reserved_tck ; 0.000        ; 0.057      ; 0.658      ;
; 0.460 ; sld_hub:auto_hub|sld_jtag_hub:\jtag_hub_gen:sld_jtag_hub_inst|jtag_ir_reg[0]                                                                                                ; sld_hub:auto_hub|sld_jtag_hub:\jtag_hub_gen:sld_jtag_hub_inst|virtual_dr_scan_reg                                                                                           ; altera_reserved_tck ; altera_reserved_tck ; 0.000        ; 0.057      ; 0.661      ;
; 0.462 ; sld_hub:auto_hub|sld_jtag_hub:\jtag_hub_gen:sld_jtag_hub_inst|sld_shadow_jsm:shadow_jsm|state[7]                                                                            ; sld_hub:auto_hub|sld_jtag_hub:\jtag_hub_gen:sld_jtag_hub_inst|reset_ena_reg                                                                                                 ; altera_reserved_tck ; altera_reserved_tck ; 0.000        ; 0.057      ; 0.663      ;
; 0.467 ; sld_hub:auto_hub|sld_jtag_hub:\jtag_hub_gen:sld_jtag_hub_inst|design_hash_reg[1]                                                                                            ; sld_hub:auto_hub|sld_jtag_hub:\jtag_hub_gen:sld_jtag_hub_inst|design_hash_reg[0]                                                                                            ; altera_reserved_tck ; altera_reserved_tck ; 0.000        ; 0.057      ; 0.668      ;
; 0.467 ; sld_hub:auto_hub|sld_jtag_hub:\jtag_hub_gen:sld_jtag_hub_inst|design_hash_reg[3]                                                                                            ; sld_hub:auto_hub|sld_jtag_hub:\jtag_hub_gen:sld_jtag_hub_inst|design_hash_reg[2]                                                                                            ; altera_reserved_tck ; altera_reserved_tck ; 0.000        ; 0.057      ; 0.668      ;
; 0.467 ; sld_hub:auto_hub|sld_jtag_hub:\jtag_hub_gen:sld_jtag_hub_inst|jtag_ir_reg[6]                                                                                                ; sld_hub:auto_hub|sld_jtag_hub:\jtag_hub_gen:sld_jtag_hub_inst|jtag_ir_reg[5]                                                                                                ; altera_reserved_tck ; altera_reserved_tck ; 0.000        ; 0.057      ; 0.668      ;
; 0.469 ; sld_hub:auto_hub|sld_jtag_hub:\jtag_hub_gen:sld_jtag_hub_inst|design_hash_reg[2]                                                                                            ; sld_hub:auto_hub|sld_jtag_hub:\jtag_hub_gen:sld_jtag_hub_inst|design_hash_reg[1]                                                                                            ; altera_reserved_tck ; altera_reserved_tck ; 0.000        ; 0.057      ; 0.670      ;
; 0.470 ; Module_OP:OP|altsyncram:altsyncram_component|altsyncram_49u3:auto_generated|sld_mod_ram_rom:mgl_prim2|ram_rom_data_reg[5]                                                   ; Module_OP:OP|altsyncram:altsyncram_component|altsyncram_49u3:auto_generated|sld_mod_ram_rom:mgl_prim2|ram_rom_data_reg[4]                                                   ; altera_reserved_tck ; altera_reserved_tck ; 0.000        ; 0.057      ; 0.671      ;
; 0.473 ; sld_hub:auto_hub|sld_jtag_hub:\jtag_hub_gen:sld_jtag_hub_inst|identity_contrib_update_reg[2]                                                                                ; sld_hub:auto_hub|sld_jtag_hub:\jtag_hub_gen:sld_jtag_hub_inst|design_hash_reg[2]                                                                                            ; altera_reserved_tck ; altera_reserved_tck ; 0.000        ; 0.056      ; 0.673      ;
; 0.474 ; sld_hub:auto_hub|sld_jtag_hub:\jtag_hub_gen:sld_jtag_hub_inst|identity_contrib_shift_reg[1]                                                                                 ; sld_hub:auto_hub|sld_jtag_hub:\jtag_hub_gen:sld_jtag_hub_inst|identity_contrib_update_reg[1]                                                                                ; altera_reserved_tck ; altera_reserved_tck ; 0.000        ; 0.057      ; 0.675      ;
; 0.474 ; sld_hub:auto_hub|sld_jtag_hub:\jtag_hub_gen:sld_jtag_hub_inst|identity_contrib_update_reg[0]                                                                                ; sld_hub:auto_hub|sld_jtag_hub:\jtag_hub_gen:sld_jtag_hub_inst|design_hash_reg[0]                                                                                            ; altera_reserved_tck ; altera_reserved_tck ; 0.000        ; 0.056      ; 0.674      ;
; 0.475 ; sld_hub:auto_hub|sld_jtag_hub:\jtag_hub_gen:sld_jtag_hub_inst|identity_contrib_shift_reg[1]                                                                                 ; sld_hub:auto_hub|sld_jtag_hub:\jtag_hub_gen:sld_jtag_hub_inst|identity_contrib_shift_reg[0]                                                                                 ; altera_reserved_tck ; altera_reserved_tck ; 0.000        ; 0.057      ; 0.676      ;
; 0.476 ; sld_hub:auto_hub|sld_jtag_hub:\jtag_hub_gen:sld_jtag_hub_inst|jtag_ir_reg[7]                                                                                                ; sld_hub:auto_hub|sld_jtag_hub:\jtag_hub_gen:sld_jtag_hub_inst|jtag_ir_reg[6]                                                                                                ; altera_reserved_tck ; altera_reserved_tck ; 0.000        ; 0.057      ; 0.677      ;
; 0.479 ; sld_hub:auto_hub|sld_jtag_hub:\jtag_hub_gen:sld_jtag_hub_inst|sld_shadow_jsm:shadow_jsm|state[5]                                                                            ; sld_hub:auto_hub|sld_jtag_hub:\jtag_hub_gen:sld_jtag_hub_inst|reset_ena_reg                                                                                                 ; altera_reserved_tck ; altera_reserved_tck ; 0.000        ; 0.057      ; 0.680      ;
; 0.480 ; sld_hub:auto_hub|sld_jtag_hub:\jtag_hub_gen:sld_jtag_hub_inst|sld_shadow_jsm:shadow_jsm|state[7]                                                                            ; sld_hub:auto_hub|sld_jtag_hub:\jtag_hub_gen:sld_jtag_hub_inst|sld_shadow_jsm:shadow_jsm|state[4]                                                                            ; altera_reserved_tck ; altera_reserved_tck ; 0.000        ; 0.057      ; 0.681      ;
; 0.486 ; sld_hub:auto_hub|sld_jtag_hub:\jtag_hub_gen:sld_jtag_hub_inst|jtag_ir_reg[8]                                                                                                ; sld_hub:auto_hub|sld_jtag_hub:\jtag_hub_gen:sld_jtag_hub_inst|jtag_ir_reg[7]                                                                                                ; altera_reserved_tck ; altera_reserved_tck ; 0.000        ; 0.057      ; 0.687      ;
; 0.492 ; Module_OP:OP|altsyncram:altsyncram_component|altsyncram_49u3:auto_generated|sld_mod_ram_rom:mgl_prim2|ram_rom_addr_reg[2]                                                   ; Module_OP:OP|altsyncram:altsyncram_component|altsyncram_49u3:auto_generated|sld_mod_ram_rom:mgl_prim2|ram_rom_addr_reg[1]                                                   ; altera_reserved_tck ; altera_reserved_tck ; 0.000        ; 0.057      ; 0.693      ;
; 0.493 ; Module_OP:OP|altsyncram:altsyncram_component|altsyncram_49u3:auto_generated|sld_mod_ram_rom:mgl_prim2|ram_rom_addr_reg[6]                                                   ; Module_OP:OP|altsyncram:altsyncram_component|altsyncram_49u3:auto_generated|sld_mod_ram_rom:mgl_prim2|ram_rom_addr_reg[5]                                                   ; altera_reserved_tck ; altera_reserved_tck ; 0.000        ; 0.057      ; 0.694      ;
; 0.501 ; sld_hub:auto_hub|sld_jtag_hub:\jtag_hub_gen:sld_jtag_hub_inst|sld_shadow_jsm:shadow_jsm|tms_cnt[1]                                                                          ; sld_hub:auto_hub|sld_jtag_hub:\jtag_hub_gen:sld_jtag_hub_inst|sld_shadow_jsm:shadow_jsm|tms_cnt[2]                                                                          ; altera_reserved_tck ; altera_reserved_tck ; 0.000        ; 0.057      ; 0.702      ;
; 0.507 ; sld_hub:auto_hub|sld_jtag_hub:\jtag_hub_gen:sld_jtag_hub_inst|irsr_reg[3]                                                                                                   ; sld_hub:auto_hub|sld_jtag_hub:\jtag_hub_gen:sld_jtag_hub_inst|irf_reg[1][3]                                                                                                 ; altera_reserved_tck ; altera_reserved_tck ; 0.000        ; 0.058      ; 0.709      ;
; 0.509 ; sld_hub:auto_hub|sld_jtag_hub:\jtag_hub_gen:sld_jtag_hub_inst|sld_shadow_jsm:shadow_jsm|state[1]                                                                            ; sld_hub:auto_hub|sld_jtag_hub:\jtag_hub_gen:sld_jtag_hub_inst|clr_reg                                                                                                       ; altera_reserved_tck ; altera_reserved_tck ; 0.000        ; 0.056      ; 0.709      ;
; 0.518 ; sld_hub:auto_hub|sld_jtag_hub:\jtag_hub_gen:sld_jtag_hub_inst|irsr_reg[2]                                                                                                   ; sld_hub:auto_hub|sld_jtag_hub:\jtag_hub_gen:sld_jtag_hub_inst|irsr_reg[1]                                                                                                   ; altera_reserved_tck ; altera_reserved_tck ; 0.000        ; 0.057      ; 0.719      ;
; 0.522 ; sld_hub:auto_hub|sld_jtag_hub:\jtag_hub_gen:sld_jtag_hub_inst|irsr_reg[1]                                                                                                   ; sld_hub:auto_hub|sld_jtag_hub:\jtag_hub_gen:sld_jtag_hub_inst|irsr_reg[0]                                                                                                   ; altera_reserved_tck ; altera_reserved_tck ; 0.000        ; 0.057      ; 0.723      ;
; 0.522 ; sld_hub:auto_hub|sld_jtag_hub:\jtag_hub_gen:sld_jtag_hub_inst|sld_rom_sr:hub_info_reg|word_counter[3]                                                                       ; sld_hub:auto_hub|sld_jtag_hub:\jtag_hub_gen:sld_jtag_hub_inst|sld_rom_sr:hub_info_reg|word_counter[3]                                                                       ; altera_reserved_tck ; altera_reserved_tck ; 0.000        ; 0.056      ; 0.722      ;
; 0.524 ; sld_hub:auto_hub|sld_jtag_hub:\jtag_hub_gen:sld_jtag_hub_inst|sld_shadow_jsm:shadow_jsm|state[5]                                                                            ; sld_hub:auto_hub|sld_jtag_hub:\jtag_hub_gen:sld_jtag_hub_inst|sld_shadow_jsm:shadow_jsm|state[6]                                                                            ; altera_reserved_tck ; altera_reserved_tck ; 0.000        ; 0.057      ; 0.725      ;
; 0.525 ; Module_OP:OP|altsyncram:altsyncram_component|altsyncram_49u3:auto_generated|sld_mod_ram_rom:mgl_prim2|ram_rom_addr_reg[6]                                                   ; Module_OP:OP|altsyncram:altsyncram_component|altsyncram_49u3:auto_generated|sld_mod_ram_rom:mgl_prim2|ram_rom_addr_reg[6]                                                   ; altera_reserved_tck ; altera_reserved_tck ; 0.000        ; 0.057      ; 0.726      ;
; 0.526 ; Module_OP:OP|altsyncram:altsyncram_component|altsyncram_49u3:auto_generated|sld_mod_ram_rom:mgl_prim2|ram_rom_addr_reg[2]                                                   ; Module_OP:OP|altsyncram:altsyncram_component|altsyncram_49u3:auto_generated|sld_mod_ram_rom:mgl_prim2|ram_rom_addr_reg[2]                                                   ; altera_reserved_tck ; altera_reserved_tck ; 0.000        ; 0.057      ; 0.727      ;
; 0.526 ; sld_hub:auto_hub|sld_jtag_hub:\jtag_hub_gen:sld_jtag_hub_inst|sld_shadow_jsm:shadow_jsm|state[10]                                                                           ; sld_hub:auto_hub|sld_jtag_hub:\jtag_hub_gen:sld_jtag_hub_inst|sld_shadow_jsm:shadow_jsm|state[12]                                                                           ; altera_reserved_tck ; altera_reserved_tck ; 0.000        ; 0.056      ; 0.726      ;
+-------+-----------------------------------------------------------------------------------------------------------------------------------------------------------------------------+-----------------------------------------------------------------------------------------------------------------------------------------------------------------------------+---------------------+---------------------+--------------+------------+------------+


+---------------------------------------------------------------------------------------------------------------------------------------------------------------------------------------------------------------------------------------------------------------------------------------------------------------------------------------+
; Slow 1200mV 0C Model Recovery: 'altera_reserved_tck'                                                                                                                                                                                                                                                                                  ;
+--------+--------------------------------------------------------------------------------------------------+--------------------------------------------------------------------------------------------------------------------------------------+---------------------+---------------------+--------------+------------+------------+
; Slack  ; From Node                                                                                        ; To Node                                                                                                                              ; Launch Clock        ; Latch Clock         ; Relationship ; Clock Skew ; Data Delay ;
+--------+--------------------------------------------------------------------------------------------------+--------------------------------------------------------------------------------------------------------------------------------------+---------------------+---------------------+--------------+------------+------------+
; 48.601 ; sld_hub:auto_hub|sld_jtag_hub:\jtag_hub_gen:sld_jtag_hub_inst|sld_shadow_jsm:shadow_jsm|state[8] ; sld_hub:auto_hub|sld_jtag_hub:\jtag_hub_gen:sld_jtag_hub_inst|tdo                                                                    ; altera_reserved_tck ; altera_reserved_tck ; 50.000       ; 0.078      ; 1.472      ;
; 97.477 ; sld_hub:auto_hub|sld_jtag_hub:\jtag_hub_gen:sld_jtag_hub_inst|irf_reg[1][4]                      ; Module_OP:OP|altsyncram:altsyncram_component|altsyncram_49u3:auto_generated|sld_mod_ram_rom:mgl_prim2|ir_loaded_address_reg[0]       ; altera_reserved_tck ; altera_reserved_tck ; 100.000      ; -0.058     ; 2.460      ;
; 97.477 ; sld_hub:auto_hub|sld_jtag_hub:\jtag_hub_gen:sld_jtag_hub_inst|irf_reg[1][4]                      ; Module_OP:OP|altsyncram:altsyncram_component|altsyncram_49u3:auto_generated|sld_mod_ram_rom:mgl_prim2|ir_loaded_address_reg[3]       ; altera_reserved_tck ; altera_reserved_tck ; 100.000      ; -0.058     ; 2.460      ;
; 97.477 ; sld_hub:auto_hub|sld_jtag_hub:\jtag_hub_gen:sld_jtag_hub_inst|irf_reg[1][4]                      ; Module_OP:OP|altsyncram:altsyncram_component|altsyncram_49u3:auto_generated|sld_mod_ram_rom:mgl_prim2|ir_loaded_address_reg[2]       ; altera_reserved_tck ; altera_reserved_tck ; 100.000      ; -0.058     ; 2.460      ;
; 97.477 ; sld_hub:auto_hub|sld_jtag_hub:\jtag_hub_gen:sld_jtag_hub_inst|irf_reg[1][4]                      ; Module_OP:OP|altsyncram:altsyncram_component|altsyncram_49u3:auto_generated|sld_mod_ram_rom:mgl_prim2|ir_loaded_address_reg[1]       ; altera_reserved_tck ; altera_reserved_tck ; 100.000      ; -0.058     ; 2.460      ;
; 97.835 ; sld_hub:auto_hub|sld_jtag_hub:\jtag_hub_gen:sld_jtag_hub_inst|irf_reg[1][0]                      ; Module_OP:OP|altsyncram:altsyncram_component|altsyncram_49u3:auto_generated|sld_mod_ram_rom:mgl_prim2|ir_loaded_address_reg[0]       ; altera_reserved_tck ; altera_reserved_tck ; 100.000      ; -0.057     ; 2.103      ;
; 97.835 ; sld_hub:auto_hub|sld_jtag_hub:\jtag_hub_gen:sld_jtag_hub_inst|irf_reg[1][0]                      ; Module_OP:OP|altsyncram:altsyncram_component|altsyncram_49u3:auto_generated|sld_mod_ram_rom:mgl_prim2|ir_loaded_address_reg[3]       ; altera_reserved_tck ; altera_reserved_tck ; 100.000      ; -0.057     ; 2.103      ;
; 97.835 ; sld_hub:auto_hub|sld_jtag_hub:\jtag_hub_gen:sld_jtag_hub_inst|irf_reg[1][0]                      ; Module_OP:OP|altsyncram:altsyncram_component|altsyncram_49u3:auto_generated|sld_mod_ram_rom:mgl_prim2|ir_loaded_address_reg[2]       ; altera_reserved_tck ; altera_reserved_tck ; 100.000      ; -0.057     ; 2.103      ;
; 97.835 ; sld_hub:auto_hub|sld_jtag_hub:\jtag_hub_gen:sld_jtag_hub_inst|irf_reg[1][0]                      ; Module_OP:OP|altsyncram:altsyncram_component|altsyncram_49u3:auto_generated|sld_mod_ram_rom:mgl_prim2|ir_loaded_address_reg[1]       ; altera_reserved_tck ; altera_reserved_tck ; 100.000      ; -0.057     ; 2.103      ;
; 98.231 ; sld_hub:auto_hub|sld_jtag_hub:\jtag_hub_gen:sld_jtag_hub_inst|irf_reg[1][3]                      ; Module_OP:OP|altsyncram:altsyncram_component|altsyncram_49u3:auto_generated|sld_mod_ram_rom:mgl_prim2|ram_rom_data_shift_cntr_reg[1] ; altera_reserved_tck ; altera_reserved_tck ; 100.000      ; -0.059     ; 1.705      ;
; 98.231 ; sld_hub:auto_hub|sld_jtag_hub:\jtag_hub_gen:sld_jtag_hub_inst|irf_reg[1][3]                      ; Module_OP:OP|altsyncram:altsyncram_component|altsyncram_49u3:auto_generated|sld_mod_ram_rom:mgl_prim2|ram_rom_data_shift_cntr_reg[2] ; altera_reserved_tck ; altera_reserved_tck ; 100.000      ; -0.059     ; 1.705      ;
; 98.231 ; sld_hub:auto_hub|sld_jtag_hub:\jtag_hub_gen:sld_jtag_hub_inst|irf_reg[1][3]                      ; Module_OP:OP|altsyncram:altsyncram_component|altsyncram_49u3:auto_generated|sld_mod_ram_rom:mgl_prim2|ram_rom_data_shift_cntr_reg[0] ; altera_reserved_tck ; altera_reserved_tck ; 100.000      ; -0.059     ; 1.705      ;
; 98.293 ; sld_hub:auto_hub|sld_jtag_hub:\jtag_hub_gen:sld_jtag_hub_inst|clr_reg                            ; Module_OP:OP|altsyncram:altsyncram_component|altsyncram_49u3:auto_generated|sld_mod_ram_rom:mgl_prim2|bypass_reg_out                 ; altera_reserved_tck ; altera_reserved_tck ; 100.000      ; -0.060     ; 1.642      ;
; 98.293 ; sld_hub:auto_hub|sld_jtag_hub:\jtag_hub_gen:sld_jtag_hub_inst|clr_reg                            ; Module_OP:OP|altsyncram:altsyncram_component|altsyncram_49u3:auto_generated|sld_mod_ram_rom:mgl_prim2|is_in_use_reg                  ; altera_reserved_tck ; altera_reserved_tck ; 100.000      ; -0.060     ; 1.642      ;
; 98.318 ; sld_hub:auto_hub|sld_jtag_hub:\jtag_hub_gen:sld_jtag_hub_inst|clr_reg                            ; sld_hub:auto_hub|sld_jtag_hub:\jtag_hub_gen:sld_jtag_hub_inst|irf_reg[1][2]                                                          ; altera_reserved_tck ; altera_reserved_tck ; 100.000      ; -0.053     ; 1.624      ;
; 98.318 ; sld_hub:auto_hub|sld_jtag_hub:\jtag_hub_gen:sld_jtag_hub_inst|clr_reg                            ; sld_hub:auto_hub|sld_jtag_hub:\jtag_hub_gen:sld_jtag_hub_inst|irf_reg[1][1]                                                          ; altera_reserved_tck ; altera_reserved_tck ; 100.000      ; -0.053     ; 1.624      ;
; 98.318 ; sld_hub:auto_hub|sld_jtag_hub:\jtag_hub_gen:sld_jtag_hub_inst|clr_reg                            ; sld_hub:auto_hub|sld_jtag_hub:\jtag_hub_gen:sld_jtag_hub_inst|irf_reg[1][0]                                                          ; altera_reserved_tck ; altera_reserved_tck ; 100.000      ; -0.053     ; 1.624      ;
; 98.335 ; sld_hub:auto_hub|sld_jtag_hub:\jtag_hub_gen:sld_jtag_hub_inst|clr_reg                            ; sld_hub:auto_hub|sld_jtag_hub:\jtag_hub_gen:sld_jtag_hub_inst|irsr_reg[5]                                                            ; altera_reserved_tck ; altera_reserved_tck ; 100.000      ; -0.060     ; 1.600      ;
; 98.359 ; sld_hub:auto_hub|sld_jtag_hub:\jtag_hub_gen:sld_jtag_hub_inst|clr_reg                            ; sld_hub:auto_hub|sld_jtag_hub:\jtag_hub_gen:sld_jtag_hub_inst|irsr_reg[3]                                                            ; altera_reserved_tck ; altera_reserved_tck ; 100.000      ; -0.053     ; 1.583      ;
; 98.465 ; sld_hub:auto_hub|sld_jtag_hub:\jtag_hub_gen:sld_jtag_hub_inst|clr_reg                            ; sld_hub:auto_hub|sld_jtag_hub:\jtag_hub_gen:sld_jtag_hub_inst|irsr_reg[2]                                                            ; altera_reserved_tck ; altera_reserved_tck ; 100.000      ; -0.052     ; 1.478      ;
; 98.465 ; sld_hub:auto_hub|sld_jtag_hub:\jtag_hub_gen:sld_jtag_hub_inst|clr_reg                            ; sld_hub:auto_hub|sld_jtag_hub:\jtag_hub_gen:sld_jtag_hub_inst|irsr_reg[0]                                                            ; altera_reserved_tck ; altera_reserved_tck ; 100.000      ; -0.052     ; 1.478      ;
; 98.465 ; sld_hub:auto_hub|sld_jtag_hub:\jtag_hub_gen:sld_jtag_hub_inst|clr_reg                            ; sld_hub:auto_hub|sld_jtag_hub:\jtag_hub_gen:sld_jtag_hub_inst|irsr_reg[1]                                                            ; altera_reserved_tck ; altera_reserved_tck ; 100.000      ; -0.052     ; 1.478      ;
; 98.465 ; sld_hub:auto_hub|sld_jtag_hub:\jtag_hub_gen:sld_jtag_hub_inst|clr_reg                            ; sld_hub:auto_hub|sld_jtag_hub:\jtag_hub_gen:sld_jtag_hub_inst|irsr_reg[4]                                                            ; altera_reserved_tck ; altera_reserved_tck ; 100.000      ; -0.052     ; 1.478      ;
; 98.465 ; sld_hub:auto_hub|sld_jtag_hub:\jtag_hub_gen:sld_jtag_hub_inst|clr_reg                            ; sld_hub:auto_hub|sld_jtag_hub:\jtag_hub_gen:sld_jtag_hub_inst|irf_reg[1][3]                                                          ; altera_reserved_tck ; altera_reserved_tck ; 100.000      ; -0.052     ; 1.478      ;
; 98.465 ; sld_hub:auto_hub|sld_jtag_hub:\jtag_hub_gen:sld_jtag_hub_inst|clr_reg                            ; sld_hub:auto_hub|sld_jtag_hub:\jtag_hub_gen:sld_jtag_hub_inst|irf_reg[1][4]                                                          ; altera_reserved_tck ; altera_reserved_tck ; 100.000      ; -0.052     ; 1.478      ;
; 98.528 ; sld_hub:auto_hub|sld_jtag_hub:\jtag_hub_gen:sld_jtag_hub_inst|sld_shadow_jsm:shadow_jsm|state[0] ; sld_hub:auto_hub|sld_jtag_hub:\jtag_hub_gen:sld_jtag_hub_inst|virtual_ir_scan_reg                                                    ; altera_reserved_tck ; altera_reserved_tck ; 100.000      ; -0.056     ; 1.411      ;
; 98.528 ; sld_hub:auto_hub|sld_jtag_hub:\jtag_hub_gen:sld_jtag_hub_inst|sld_shadow_jsm:shadow_jsm|state[0] ; sld_hub:auto_hub|sld_jtag_hub:\jtag_hub_gen:sld_jtag_hub_inst|virtual_dr_scan_reg                                                    ; altera_reserved_tck ; altera_reserved_tck ; 100.000      ; -0.056     ; 1.411      ;
; 98.528 ; sld_hub:auto_hub|sld_jtag_hub:\jtag_hub_gen:sld_jtag_hub_inst|sld_shadow_jsm:shadow_jsm|state[0] ; sld_hub:auto_hub|sld_jtag_hub:\jtag_hub_gen:sld_jtag_hub_inst|jtag_ir_reg[0]                                                         ; altera_reserved_tck ; altera_reserved_tck ; 100.000      ; -0.056     ; 1.411      ;
; 98.528 ; sld_hub:auto_hub|sld_jtag_hub:\jtag_hub_gen:sld_jtag_hub_inst|sld_shadow_jsm:shadow_jsm|state[0] ; sld_hub:auto_hub|sld_jtag_hub:\jtag_hub_gen:sld_jtag_hub_inst|jtag_ir_reg[1]                                                         ; altera_reserved_tck ; altera_reserved_tck ; 100.000      ; -0.056     ; 1.411      ;
; 98.528 ; sld_hub:auto_hub|sld_jtag_hub:\jtag_hub_gen:sld_jtag_hub_inst|sld_shadow_jsm:shadow_jsm|state[0] ; sld_hub:auto_hub|sld_jtag_hub:\jtag_hub_gen:sld_jtag_hub_inst|jtag_ir_reg[2]                                                         ; altera_reserved_tck ; altera_reserved_tck ; 100.000      ; -0.056     ; 1.411      ;
; 98.528 ; sld_hub:auto_hub|sld_jtag_hub:\jtag_hub_gen:sld_jtag_hub_inst|sld_shadow_jsm:shadow_jsm|state[0] ; sld_hub:auto_hub|sld_jtag_hub:\jtag_hub_gen:sld_jtag_hub_inst|jtag_ir_reg[3]                                                         ; altera_reserved_tck ; altera_reserved_tck ; 100.000      ; -0.056     ; 1.411      ;
; 98.528 ; sld_hub:auto_hub|sld_jtag_hub:\jtag_hub_gen:sld_jtag_hub_inst|sld_shadow_jsm:shadow_jsm|state[0] ; sld_hub:auto_hub|sld_jtag_hub:\jtag_hub_gen:sld_jtag_hub_inst|jtag_ir_reg[4]                                                         ; altera_reserved_tck ; altera_reserved_tck ; 100.000      ; -0.056     ; 1.411      ;
; 98.528 ; sld_hub:auto_hub|sld_jtag_hub:\jtag_hub_gen:sld_jtag_hub_inst|sld_shadow_jsm:shadow_jsm|state[0] ; sld_hub:auto_hub|sld_jtag_hub:\jtag_hub_gen:sld_jtag_hub_inst|jtag_ir_reg[5]                                                         ; altera_reserved_tck ; altera_reserved_tck ; 100.000      ; -0.056     ; 1.411      ;
; 98.528 ; sld_hub:auto_hub|sld_jtag_hub:\jtag_hub_gen:sld_jtag_hub_inst|sld_shadow_jsm:shadow_jsm|state[0] ; sld_hub:auto_hub|sld_jtag_hub:\jtag_hub_gen:sld_jtag_hub_inst|jtag_ir_reg[6]                                                         ; altera_reserved_tck ; altera_reserved_tck ; 100.000      ; -0.056     ; 1.411      ;
; 98.528 ; sld_hub:auto_hub|sld_jtag_hub:\jtag_hub_gen:sld_jtag_hub_inst|sld_shadow_jsm:shadow_jsm|state[0] ; sld_hub:auto_hub|sld_jtag_hub:\jtag_hub_gen:sld_jtag_hub_inst|jtag_ir_reg[7]                                                         ; altera_reserved_tck ; altera_reserved_tck ; 100.000      ; -0.056     ; 1.411      ;
; 98.528 ; sld_hub:auto_hub|sld_jtag_hub:\jtag_hub_gen:sld_jtag_hub_inst|sld_shadow_jsm:shadow_jsm|state[0] ; sld_hub:auto_hub|sld_jtag_hub:\jtag_hub_gen:sld_jtag_hub_inst|jtag_ir_reg[8]                                                         ; altera_reserved_tck ; altera_reserved_tck ; 100.000      ; -0.056     ; 1.411      ;
; 98.528 ; sld_hub:auto_hub|sld_jtag_hub:\jtag_hub_gen:sld_jtag_hub_inst|sld_shadow_jsm:shadow_jsm|state[0] ; sld_hub:auto_hub|sld_jtag_hub:\jtag_hub_gen:sld_jtag_hub_inst|jtag_ir_reg[9]                                                         ; altera_reserved_tck ; altera_reserved_tck ; 100.000      ; -0.056     ; 1.411      ;
; 98.559 ; sld_hub:auto_hub|sld_jtag_hub:\jtag_hub_gen:sld_jtag_hub_inst|irf_reg[1][0]                      ; Module_OP:OP|altsyncram:altsyncram_component|altsyncram_49u3:auto_generated|sld_mod_ram_rom:mgl_prim2|ram_rom_addr_reg[3]            ; altera_reserved_tck ; altera_reserved_tck ; 100.000      ; -0.058     ; 1.378      ;
; 98.559 ; sld_hub:auto_hub|sld_jtag_hub:\jtag_hub_gen:sld_jtag_hub_inst|irf_reg[1][0]                      ; Module_OP:OP|altsyncram:altsyncram_component|altsyncram_49u3:auto_generated|sld_mod_ram_rom:mgl_prim2|ram_rom_addr_reg[4]            ; altera_reserved_tck ; altera_reserved_tck ; 100.000      ; -0.058     ; 1.378      ;
; 98.559 ; sld_hub:auto_hub|sld_jtag_hub:\jtag_hub_gen:sld_jtag_hub_inst|irf_reg[1][0]                      ; Module_OP:OP|altsyncram:altsyncram_component|altsyncram_49u3:auto_generated|sld_mod_ram_rom:mgl_prim2|ram_rom_addr_reg[5]            ; altera_reserved_tck ; altera_reserved_tck ; 100.000      ; -0.058     ; 1.378      ;
; 98.559 ; sld_hub:auto_hub|sld_jtag_hub:\jtag_hub_gen:sld_jtag_hub_inst|irf_reg[1][0]                      ; Module_OP:OP|altsyncram:altsyncram_component|altsyncram_49u3:auto_generated|sld_mod_ram_rom:mgl_prim2|ram_rom_addr_reg[6]            ; altera_reserved_tck ; altera_reserved_tck ; 100.000      ; -0.058     ; 1.378      ;
; 98.559 ; sld_hub:auto_hub|sld_jtag_hub:\jtag_hub_gen:sld_jtag_hub_inst|irf_reg[1][0]                      ; Module_OP:OP|altsyncram:altsyncram_component|altsyncram_49u3:auto_generated|sld_mod_ram_rom:mgl_prim2|ram_rom_addr_reg[7]            ; altera_reserved_tck ; altera_reserved_tck ; 100.000      ; -0.058     ; 1.378      ;
; 98.559 ; sld_hub:auto_hub|sld_jtag_hub:\jtag_hub_gen:sld_jtag_hub_inst|irf_reg[1][0]                      ; Module_OP:OP|altsyncram:altsyncram_component|altsyncram_49u3:auto_generated|sld_mod_ram_rom:mgl_prim2|ram_rom_addr_reg[0]            ; altera_reserved_tck ; altera_reserved_tck ; 100.000      ; -0.058     ; 1.378      ;
; 98.559 ; sld_hub:auto_hub|sld_jtag_hub:\jtag_hub_gen:sld_jtag_hub_inst|irf_reg[1][0]                      ; Module_OP:OP|altsyncram:altsyncram_component|altsyncram_49u3:auto_generated|sld_mod_ram_rom:mgl_prim2|ram_rom_addr_reg[1]            ; altera_reserved_tck ; altera_reserved_tck ; 100.000      ; -0.058     ; 1.378      ;
; 98.559 ; sld_hub:auto_hub|sld_jtag_hub:\jtag_hub_gen:sld_jtag_hub_inst|irf_reg[1][0]                      ; Module_OP:OP|altsyncram:altsyncram_component|altsyncram_49u3:auto_generated|sld_mod_ram_rom:mgl_prim2|ram_rom_addr_reg[2]            ; altera_reserved_tck ; altera_reserved_tck ; 100.000      ; -0.058     ; 1.378      ;
; 98.574 ; sld_hub:auto_hub|sld_jtag_hub:\jtag_hub_gen:sld_jtag_hub_inst|clr_reg                            ; sld_hub:auto_hub|sld_jtag_hub:\jtag_hub_gen:sld_jtag_hub_inst|hub_mode_reg[0]                                                        ; altera_reserved_tck ; altera_reserved_tck ; 100.000      ; -0.057     ; 1.364      ;
; 98.574 ; sld_hub:auto_hub|sld_jtag_hub:\jtag_hub_gen:sld_jtag_hub_inst|clr_reg                            ; sld_hub:auto_hub|sld_jtag_hub:\jtag_hub_gen:sld_jtag_hub_inst|hub_mode_reg[1]                                                        ; altera_reserved_tck ; altera_reserved_tck ; 100.000      ; -0.057     ; 1.364      ;
; 98.683 ; sld_hub:auto_hub|sld_jtag_hub:\jtag_hub_gen:sld_jtag_hub_inst|virtual_ir_scan_reg                ; sld_hub:auto_hub|sld_jtag_hub:\jtag_hub_gen:sld_jtag_hub_inst|hub_mode_reg[2]                                                        ; altera_reserved_tck ; altera_reserved_tck ; 100.000      ; -0.057     ; 1.255      ;
; 98.742 ; sld_hub:auto_hub|sld_jtag_hub:\jtag_hub_gen:sld_jtag_hub_inst|clr_reg                            ; sld_hub:auto_hub|sld_jtag_hub:\jtag_hub_gen:sld_jtag_hub_inst|node_ena[1]~reg0                                                       ; altera_reserved_tck ; altera_reserved_tck ; 100.000      ; -0.057     ; 1.196      ;
+--------+--------------------------------------------------------------------------------------------------+--------------------------------------------------------------------------------------------------------------------------------------+---------------------+---------------------+--------------+------------+------------+


+---------------------------------------------------------------------------------------------------------------------------------------------------------------------------------------------------------------------------------------------------------------------------------------------------------------------------------------+
; Slow 1200mV 0C Model Removal: 'altera_reserved_tck'                                                                                                                                                                                                                                                                                   ;
+--------+--------------------------------------------------------------------------------------------------+--------------------------------------------------------------------------------------------------------------------------------------+---------------------+---------------------+--------------+------------+------------+
; Slack  ; From Node                                                                                        ; To Node                                                                                                                              ; Launch Clock        ; Latch Clock         ; Relationship ; Clock Skew ; Data Delay ;
+--------+--------------------------------------------------------------------------------------------------+--------------------------------------------------------------------------------------------------------------------------------------+---------------------+---------------------+--------------+------------+------------+
; 0.894  ; sld_hub:auto_hub|sld_jtag_hub:\jtag_hub_gen:sld_jtag_hub_inst|clr_reg                            ; sld_hub:auto_hub|sld_jtag_hub:\jtag_hub_gen:sld_jtag_hub_inst|node_ena[1]~reg0                                                       ; altera_reserved_tck ; altera_reserved_tck ; 0.000        ; 0.056      ; 1.094      ;
; 0.954  ; sld_hub:auto_hub|sld_jtag_hub:\jtag_hub_gen:sld_jtag_hub_inst|virtual_ir_scan_reg                ; sld_hub:auto_hub|sld_jtag_hub:\jtag_hub_gen:sld_jtag_hub_inst|hub_mode_reg[2]                                                        ; altera_reserved_tck ; altera_reserved_tck ; 0.000        ; 0.056      ; 1.154      ;
; 1.065  ; sld_hub:auto_hub|sld_jtag_hub:\jtag_hub_gen:sld_jtag_hub_inst|clr_reg                            ; sld_hub:auto_hub|sld_jtag_hub:\jtag_hub_gen:sld_jtag_hub_inst|hub_mode_reg[0]                                                        ; altera_reserved_tck ; altera_reserved_tck ; 0.000        ; 0.056      ; 1.265      ;
; 1.065  ; sld_hub:auto_hub|sld_jtag_hub:\jtag_hub_gen:sld_jtag_hub_inst|clr_reg                            ; sld_hub:auto_hub|sld_jtag_hub:\jtag_hub_gen:sld_jtag_hub_inst|hub_mode_reg[1]                                                        ; altera_reserved_tck ; altera_reserved_tck ; 0.000        ; 0.056      ; 1.265      ;
; 1.090  ; sld_hub:auto_hub|sld_jtag_hub:\jtag_hub_gen:sld_jtag_hub_inst|irf_reg[1][0]                      ; Module_OP:OP|altsyncram:altsyncram_component|altsyncram_49u3:auto_generated|sld_mod_ram_rom:mgl_prim2|ram_rom_addr_reg[3]            ; altera_reserved_tck ; altera_reserved_tck ; 0.000        ; 0.056      ; 1.290      ;
; 1.090  ; sld_hub:auto_hub|sld_jtag_hub:\jtag_hub_gen:sld_jtag_hub_inst|irf_reg[1][0]                      ; Module_OP:OP|altsyncram:altsyncram_component|altsyncram_49u3:auto_generated|sld_mod_ram_rom:mgl_prim2|ram_rom_addr_reg[4]            ; altera_reserved_tck ; altera_reserved_tck ; 0.000        ; 0.056      ; 1.290      ;
; 1.090  ; sld_hub:auto_hub|sld_jtag_hub:\jtag_hub_gen:sld_jtag_hub_inst|irf_reg[1][0]                      ; Module_OP:OP|altsyncram:altsyncram_component|altsyncram_49u3:auto_generated|sld_mod_ram_rom:mgl_prim2|ram_rom_addr_reg[5]            ; altera_reserved_tck ; altera_reserved_tck ; 0.000        ; 0.056      ; 1.290      ;
; 1.090  ; sld_hub:auto_hub|sld_jtag_hub:\jtag_hub_gen:sld_jtag_hub_inst|irf_reg[1][0]                      ; Module_OP:OP|altsyncram:altsyncram_component|altsyncram_49u3:auto_generated|sld_mod_ram_rom:mgl_prim2|ram_rom_addr_reg[6]            ; altera_reserved_tck ; altera_reserved_tck ; 0.000        ; 0.056      ; 1.290      ;
; 1.090  ; sld_hub:auto_hub|sld_jtag_hub:\jtag_hub_gen:sld_jtag_hub_inst|irf_reg[1][0]                      ; Module_OP:OP|altsyncram:altsyncram_component|altsyncram_49u3:auto_generated|sld_mod_ram_rom:mgl_prim2|ram_rom_addr_reg[7]            ; altera_reserved_tck ; altera_reserved_tck ; 0.000        ; 0.056      ; 1.290      ;
; 1.090  ; sld_hub:auto_hub|sld_jtag_hub:\jtag_hub_gen:sld_jtag_hub_inst|irf_reg[1][0]                      ; Module_OP:OP|altsyncram:altsyncram_component|altsyncram_49u3:auto_generated|sld_mod_ram_rom:mgl_prim2|ram_rom_addr_reg[0]            ; altera_reserved_tck ; altera_reserved_tck ; 0.000        ; 0.056      ; 1.290      ;
; 1.090  ; sld_hub:auto_hub|sld_jtag_hub:\jtag_hub_gen:sld_jtag_hub_inst|irf_reg[1][0]                      ; Module_OP:OP|altsyncram:altsyncram_component|altsyncram_49u3:auto_generated|sld_mod_ram_rom:mgl_prim2|ram_rom_addr_reg[1]            ; altera_reserved_tck ; altera_reserved_tck ; 0.000        ; 0.056      ; 1.290      ;
; 1.090  ; sld_hub:auto_hub|sld_jtag_hub:\jtag_hub_gen:sld_jtag_hub_inst|irf_reg[1][0]                      ; Module_OP:OP|altsyncram:altsyncram_component|altsyncram_49u3:auto_generated|sld_mod_ram_rom:mgl_prim2|ram_rom_addr_reg[2]            ; altera_reserved_tck ; altera_reserved_tck ; 0.000        ; 0.056      ; 1.290      ;
; 1.118  ; sld_hub:auto_hub|sld_jtag_hub:\jtag_hub_gen:sld_jtag_hub_inst|sld_shadow_jsm:shadow_jsm|state[0] ; sld_hub:auto_hub|sld_jtag_hub:\jtag_hub_gen:sld_jtag_hub_inst|virtual_ir_scan_reg                                                    ; altera_reserved_tck ; altera_reserved_tck ; 0.000        ; 0.058      ; 1.320      ;
; 1.118  ; sld_hub:auto_hub|sld_jtag_hub:\jtag_hub_gen:sld_jtag_hub_inst|sld_shadow_jsm:shadow_jsm|state[0] ; sld_hub:auto_hub|sld_jtag_hub:\jtag_hub_gen:sld_jtag_hub_inst|virtual_dr_scan_reg                                                    ; altera_reserved_tck ; altera_reserved_tck ; 0.000        ; 0.058      ; 1.320      ;
; 1.118  ; sld_hub:auto_hub|sld_jtag_hub:\jtag_hub_gen:sld_jtag_hub_inst|sld_shadow_jsm:shadow_jsm|state[0] ; sld_hub:auto_hub|sld_jtag_hub:\jtag_hub_gen:sld_jtag_hub_inst|jtag_ir_reg[0]                                                         ; altera_reserved_tck ; altera_reserved_tck ; 0.000        ; 0.058      ; 1.320      ;
; 1.118  ; sld_hub:auto_hub|sld_jtag_hub:\jtag_hub_gen:sld_jtag_hub_inst|sld_shadow_jsm:shadow_jsm|state[0] ; sld_hub:auto_hub|sld_jtag_hub:\jtag_hub_gen:sld_jtag_hub_inst|jtag_ir_reg[1]                                                         ; altera_reserved_tck ; altera_reserved_tck ; 0.000        ; 0.058      ; 1.320      ;
; 1.118  ; sld_hub:auto_hub|sld_jtag_hub:\jtag_hub_gen:sld_jtag_hub_inst|sld_shadow_jsm:shadow_jsm|state[0] ; sld_hub:auto_hub|sld_jtag_hub:\jtag_hub_gen:sld_jtag_hub_inst|jtag_ir_reg[2]                                                         ; altera_reserved_tck ; altera_reserved_tck ; 0.000        ; 0.058      ; 1.320      ;
; 1.118  ; sld_hub:auto_hub|sld_jtag_hub:\jtag_hub_gen:sld_jtag_hub_inst|sld_shadow_jsm:shadow_jsm|state[0] ; sld_hub:auto_hub|sld_jtag_hub:\jtag_hub_gen:sld_jtag_hub_inst|jtag_ir_reg[3]                                                         ; altera_reserved_tck ; altera_reserved_tck ; 0.000        ; 0.058      ; 1.320      ;
; 1.118  ; sld_hub:auto_hub|sld_jtag_hub:\jtag_hub_gen:sld_jtag_hub_inst|sld_shadow_jsm:shadow_jsm|state[0] ; sld_hub:auto_hub|sld_jtag_hub:\jtag_hub_gen:sld_jtag_hub_inst|jtag_ir_reg[4]                                                         ; altera_reserved_tck ; altera_reserved_tck ; 0.000        ; 0.058      ; 1.320      ;
; 1.118  ; sld_hub:auto_hub|sld_jtag_hub:\jtag_hub_gen:sld_jtag_hub_inst|sld_shadow_jsm:shadow_jsm|state[0] ; sld_hub:auto_hub|sld_jtag_hub:\jtag_hub_gen:sld_jtag_hub_inst|jtag_ir_reg[5]                                                         ; altera_reserved_tck ; altera_reserved_tck ; 0.000        ; 0.058      ; 1.320      ;
; 1.118  ; sld_hub:auto_hub|sld_jtag_hub:\jtag_hub_gen:sld_jtag_hub_inst|sld_shadow_jsm:shadow_jsm|state[0] ; sld_hub:auto_hub|sld_jtag_hub:\jtag_hub_gen:sld_jtag_hub_inst|jtag_ir_reg[6]                                                         ; altera_reserved_tck ; altera_reserved_tck ; 0.000        ; 0.058      ; 1.320      ;
; 1.118  ; sld_hub:auto_hub|sld_jtag_hub:\jtag_hub_gen:sld_jtag_hub_inst|sld_shadow_jsm:shadow_jsm|state[0] ; sld_hub:auto_hub|sld_jtag_hub:\jtag_hub_gen:sld_jtag_hub_inst|jtag_ir_reg[7]                                                         ; altera_reserved_tck ; altera_reserved_tck ; 0.000        ; 0.058      ; 1.320      ;
; 1.118  ; sld_hub:auto_hub|sld_jtag_hub:\jtag_hub_gen:sld_jtag_hub_inst|sld_shadow_jsm:shadow_jsm|state[0] ; sld_hub:auto_hub|sld_jtag_hub:\jtag_hub_gen:sld_jtag_hub_inst|jtag_ir_reg[8]                                                         ; altera_reserved_tck ; altera_reserved_tck ; 0.000        ; 0.058      ; 1.320      ;
; 1.118  ; sld_hub:auto_hub|sld_jtag_hub:\jtag_hub_gen:sld_jtag_hub_inst|sld_shadow_jsm:shadow_jsm|state[0] ; sld_hub:auto_hub|sld_jtag_hub:\jtag_hub_gen:sld_jtag_hub_inst|jtag_ir_reg[9]                                                         ; altera_reserved_tck ; altera_reserved_tck ; 0.000        ; 0.058      ; 1.320      ;
; 1.152  ; sld_hub:auto_hub|sld_jtag_hub:\jtag_hub_gen:sld_jtag_hub_inst|clr_reg                            ; sld_hub:auto_hub|sld_jtag_hub:\jtag_hub_gen:sld_jtag_hub_inst|irsr_reg[2]                                                            ; altera_reserved_tck ; altera_reserved_tck ; 0.000        ; 0.061      ; 1.357      ;
; 1.152  ; sld_hub:auto_hub|sld_jtag_hub:\jtag_hub_gen:sld_jtag_hub_inst|clr_reg                            ; sld_hub:auto_hub|sld_jtag_hub:\jtag_hub_gen:sld_jtag_hub_inst|irsr_reg[0]                                                            ; altera_reserved_tck ; altera_reserved_tck ; 0.000        ; 0.061      ; 1.357      ;
; 1.152  ; sld_hub:auto_hub|sld_jtag_hub:\jtag_hub_gen:sld_jtag_hub_inst|clr_reg                            ; sld_hub:auto_hub|sld_jtag_hub:\jtag_hub_gen:sld_jtag_hub_inst|irsr_reg[1]                                                            ; altera_reserved_tck ; altera_reserved_tck ; 0.000        ; 0.061      ; 1.357      ;
; 1.152  ; sld_hub:auto_hub|sld_jtag_hub:\jtag_hub_gen:sld_jtag_hub_inst|clr_reg                            ; sld_hub:auto_hub|sld_jtag_hub:\jtag_hub_gen:sld_jtag_hub_inst|irsr_reg[4]                                                            ; altera_reserved_tck ; altera_reserved_tck ; 0.000        ; 0.061      ; 1.357      ;
; 1.152  ; sld_hub:auto_hub|sld_jtag_hub:\jtag_hub_gen:sld_jtag_hub_inst|clr_reg                            ; sld_hub:auto_hub|sld_jtag_hub:\jtag_hub_gen:sld_jtag_hub_inst|irf_reg[1][3]                                                          ; altera_reserved_tck ; altera_reserved_tck ; 0.000        ; 0.061      ; 1.357      ;
; 1.152  ; sld_hub:auto_hub|sld_jtag_hub:\jtag_hub_gen:sld_jtag_hub_inst|clr_reg                            ; sld_hub:auto_hub|sld_jtag_hub:\jtag_hub_gen:sld_jtag_hub_inst|irf_reg[1][4]                                                          ; altera_reserved_tck ; altera_reserved_tck ; 0.000        ; 0.061      ; 1.357      ;
; 1.279  ; sld_hub:auto_hub|sld_jtag_hub:\jtag_hub_gen:sld_jtag_hub_inst|clr_reg                            ; sld_hub:auto_hub|sld_jtag_hub:\jtag_hub_gen:sld_jtag_hub_inst|irsr_reg[3]                                                            ; altera_reserved_tck ; altera_reserved_tck ; 0.000        ; 0.061      ; 1.484      ;
; 1.303  ; sld_hub:auto_hub|sld_jtag_hub:\jtag_hub_gen:sld_jtag_hub_inst|clr_reg                            ; sld_hub:auto_hub|sld_jtag_hub:\jtag_hub_gen:sld_jtag_hub_inst|irsr_reg[5]                                                            ; altera_reserved_tck ; altera_reserved_tck ; 0.000        ; 0.053      ; 1.500      ;
; 1.309  ; sld_hub:auto_hub|sld_jtag_hub:\jtag_hub_gen:sld_jtag_hub_inst|clr_reg                            ; sld_hub:auto_hub|sld_jtag_hub:\jtag_hub_gen:sld_jtag_hub_inst|irf_reg[1][2]                                                          ; altera_reserved_tck ; altera_reserved_tck ; 0.000        ; 0.060      ; 1.513      ;
; 1.309  ; sld_hub:auto_hub|sld_jtag_hub:\jtag_hub_gen:sld_jtag_hub_inst|clr_reg                            ; sld_hub:auto_hub|sld_jtag_hub:\jtag_hub_gen:sld_jtag_hub_inst|irf_reg[1][1]                                                          ; altera_reserved_tck ; altera_reserved_tck ; 0.000        ; 0.060      ; 1.513      ;
; 1.309  ; sld_hub:auto_hub|sld_jtag_hub:\jtag_hub_gen:sld_jtag_hub_inst|clr_reg                            ; sld_hub:auto_hub|sld_jtag_hub:\jtag_hub_gen:sld_jtag_hub_inst|irf_reg[1][0]                                                          ; altera_reserved_tck ; altera_reserved_tck ; 0.000        ; 0.060      ; 1.513      ;
; 1.334  ; sld_hub:auto_hub|sld_jtag_hub:\jtag_hub_gen:sld_jtag_hub_inst|clr_reg                            ; Module_OP:OP|altsyncram:altsyncram_component|altsyncram_49u3:auto_generated|sld_mod_ram_rom:mgl_prim2|bypass_reg_out                 ; altera_reserved_tck ; altera_reserved_tck ; 0.000        ; 0.053      ; 1.531      ;
; 1.334  ; sld_hub:auto_hub|sld_jtag_hub:\jtag_hub_gen:sld_jtag_hub_inst|clr_reg                            ; Module_OP:OP|altsyncram:altsyncram_component|altsyncram_49u3:auto_generated|sld_mod_ram_rom:mgl_prim2|is_in_use_reg                  ; altera_reserved_tck ; altera_reserved_tck ; 0.000        ; 0.053      ; 1.531      ;
; 1.393  ; sld_hub:auto_hub|sld_jtag_hub:\jtag_hub_gen:sld_jtag_hub_inst|irf_reg[1][3]                      ; Module_OP:OP|altsyncram:altsyncram_component|altsyncram_49u3:auto_generated|sld_mod_ram_rom:mgl_prim2|ram_rom_data_shift_cntr_reg[1] ; altera_reserved_tck ; altera_reserved_tck ; 0.000        ; 0.055      ; 1.592      ;
; 1.393  ; sld_hub:auto_hub|sld_jtag_hub:\jtag_hub_gen:sld_jtag_hub_inst|irf_reg[1][3]                      ; Module_OP:OP|altsyncram:altsyncram_component|altsyncram_49u3:auto_generated|sld_mod_ram_rom:mgl_prim2|ram_rom_data_shift_cntr_reg[2] ; altera_reserved_tck ; altera_reserved_tck ; 0.000        ; 0.055      ; 1.592      ;
; 1.393  ; sld_hub:auto_hub|sld_jtag_hub:\jtag_hub_gen:sld_jtag_hub_inst|irf_reg[1][3]                      ; Module_OP:OP|altsyncram:altsyncram_component|altsyncram_49u3:auto_generated|sld_mod_ram_rom:mgl_prim2|ram_rom_data_shift_cntr_reg[0] ; altera_reserved_tck ; altera_reserved_tck ; 0.000        ; 0.055      ; 1.592      ;
; 1.785  ; sld_hub:auto_hub|sld_jtag_hub:\jtag_hub_gen:sld_jtag_hub_inst|irf_reg[1][0]                      ; Module_OP:OP|altsyncram:altsyncram_component|altsyncram_49u3:auto_generated|sld_mod_ram_rom:mgl_prim2|ir_loaded_address_reg[0]       ; altera_reserved_tck ; altera_reserved_tck ; 0.000        ; 0.057      ; 1.986      ;
; 1.785  ; sld_hub:auto_hub|sld_jtag_hub:\jtag_hub_gen:sld_jtag_hub_inst|irf_reg[1][0]                      ; Module_OP:OP|altsyncram:altsyncram_component|altsyncram_49u3:auto_generated|sld_mod_ram_rom:mgl_prim2|ir_loaded_address_reg[3]       ; altera_reserved_tck ; altera_reserved_tck ; 0.000        ; 0.057      ; 1.986      ;
; 1.785  ; sld_hub:auto_hub|sld_jtag_hub:\jtag_hub_gen:sld_jtag_hub_inst|irf_reg[1][0]                      ; Module_OP:OP|altsyncram:altsyncram_component|altsyncram_49u3:auto_generated|sld_mod_ram_rom:mgl_prim2|ir_loaded_address_reg[2]       ; altera_reserved_tck ; altera_reserved_tck ; 0.000        ; 0.057      ; 1.986      ;
; 1.785  ; sld_hub:auto_hub|sld_jtag_hub:\jtag_hub_gen:sld_jtag_hub_inst|irf_reg[1][0]                      ; Module_OP:OP|altsyncram:altsyncram_component|altsyncram_49u3:auto_generated|sld_mod_ram_rom:mgl_prim2|ir_loaded_address_reg[1]       ; altera_reserved_tck ; altera_reserved_tck ; 0.000        ; 0.057      ; 1.986      ;
; 2.097  ; sld_hub:auto_hub|sld_jtag_hub:\jtag_hub_gen:sld_jtag_hub_inst|irf_reg[1][4]                      ; Module_OP:OP|altsyncram:altsyncram_component|altsyncram_49u3:auto_generated|sld_mod_ram_rom:mgl_prim2|ir_loaded_address_reg[0]       ; altera_reserved_tck ; altera_reserved_tck ; 0.000        ; 0.056      ; 2.297      ;
; 2.097  ; sld_hub:auto_hub|sld_jtag_hub:\jtag_hub_gen:sld_jtag_hub_inst|irf_reg[1][4]                      ; Module_OP:OP|altsyncram:altsyncram_component|altsyncram_49u3:auto_generated|sld_mod_ram_rom:mgl_prim2|ir_loaded_address_reg[3]       ; altera_reserved_tck ; altera_reserved_tck ; 0.000        ; 0.056      ; 2.297      ;
; 2.097  ; sld_hub:auto_hub|sld_jtag_hub:\jtag_hub_gen:sld_jtag_hub_inst|irf_reg[1][4]                      ; Module_OP:OP|altsyncram:altsyncram_component|altsyncram_49u3:auto_generated|sld_mod_ram_rom:mgl_prim2|ir_loaded_address_reg[2]       ; altera_reserved_tck ; altera_reserved_tck ; 0.000        ; 0.056      ; 2.297      ;
; 2.097  ; sld_hub:auto_hub|sld_jtag_hub:\jtag_hub_gen:sld_jtag_hub_inst|irf_reg[1][4]                      ; Module_OP:OP|altsyncram:altsyncram_component|altsyncram_49u3:auto_generated|sld_mod_ram_rom:mgl_prim2|ir_loaded_address_reg[1]       ; altera_reserved_tck ; altera_reserved_tck ; 0.000        ; 0.056      ; 2.297      ;
; 51.003 ; sld_hub:auto_hub|sld_jtag_hub:\jtag_hub_gen:sld_jtag_hub_inst|sld_shadow_jsm:shadow_jsm|state[8] ; sld_hub:auto_hub|sld_jtag_hub:\jtag_hub_gen:sld_jtag_hub_inst|tdo                                                                    ; altera_reserved_tck ; altera_reserved_tck ; -50.000      ; 0.191      ; 1.358      ;
+--------+--------------------------------------------------------------------------------------------------+--------------------------------------------------------------------------------------------------------------------------------------+---------------------+---------------------+--------------+------------+------------+


+----------------------------------------------------------------------------------------------------------------------------------------------------------------------------------------------------------------------------------------------------------------------------+
; Slow 1200mV 0C Model Minimum Pulse Width: 'altera_reserved_tck'                                                                                                                                                                                                            ;
+--------+--------------+----------------+------------------+---------------------+------------+-----------------------------------------------------------------------------------------------------------------------------------------------------------------------------+
; Slack  ; Actual Width ; Required Width ; Type             ; Clock               ; Clock Edge ; Target                                                                                                                                                                      ;
+--------+--------------+----------------+------------------+---------------------+------------+-----------------------------------------------------------------------------------------------------------------------------------------------------------------------------+
; 49.604 ; 49.834       ; 0.230          ; Low Pulse Width  ; altera_reserved_tck ; Rise       ; Module_OP:OP|altsyncram:altsyncram_component|altsyncram_49u3:auto_generated|altsyncram_5kr2:altsyncram1|ram_block3a0~portb_address_reg0                                     ;
; 49.604 ; 49.834       ; 0.230          ; Low Pulse Width  ; altera_reserved_tck ; Rise       ; Module_OP:OP|altsyncram:altsyncram_component|altsyncram_49u3:auto_generated|altsyncram_5kr2:altsyncram1|ram_block3a0~portb_we_reg                                           ;
; 49.607 ; 49.837       ; 0.230          ; Low Pulse Width  ; altera_reserved_tck ; Rise       ; Module_OP:OP|altsyncram:altsyncram_component|altsyncram_49u3:auto_generated|altsyncram_5kr2:altsyncram1|ram_block3a0~portb_datain_reg0                                      ;
; 49.659 ; 49.875       ; 0.216          ; High Pulse Width ; altera_reserved_tck ; Fall       ; sld_hub:auto_hub|sld_jtag_hub:\jtag_hub_gen:sld_jtag_hub_inst|tdo                                                                                                           ;
; 49.701 ; 49.885       ; 0.184          ; Low Pulse Width  ; altera_reserved_tck ; Rise       ; Module_OP:OP|altsyncram:altsyncram_component|altsyncram_49u3:auto_generated|sld_mod_ram_rom:mgl_prim2|sld_rom_sr:\ram_rom_logic_gen:no_name_gen:info_rom_sr|WORD_SR[1]      ;
; 49.701 ; 49.885       ; 0.184          ; Low Pulse Width  ; altera_reserved_tck ; Rise       ; Module_OP:OP|altsyncram:altsyncram_component|altsyncram_49u3:auto_generated|sld_mod_ram_rom:mgl_prim2|sld_rom_sr:\ram_rom_logic_gen:no_name_gen:info_rom_sr|WORD_SR[2]      ;
; 49.701 ; 49.885       ; 0.184          ; Low Pulse Width  ; altera_reserved_tck ; Rise       ; Module_OP:OP|altsyncram:altsyncram_component|altsyncram_49u3:auto_generated|sld_mod_ram_rom:mgl_prim2|sld_rom_sr:\ram_rom_logic_gen:no_name_gen:info_rom_sr|WORD_SR[3]      ;
; 49.701 ; 49.885       ; 0.184          ; Low Pulse Width  ; altera_reserved_tck ; Rise       ; Module_OP:OP|altsyncram:altsyncram_component|altsyncram_49u3:auto_generated|sld_mod_ram_rom:mgl_prim2|sld_rom_sr:\ram_rom_logic_gen:no_name_gen:info_rom_sr|word_counter[0] ;
; 49.701 ; 49.885       ; 0.184          ; Low Pulse Width  ; altera_reserved_tck ; Rise       ; Module_OP:OP|altsyncram:altsyncram_component|altsyncram_49u3:auto_generated|sld_mod_ram_rom:mgl_prim2|sld_rom_sr:\ram_rom_logic_gen:no_name_gen:info_rom_sr|word_counter[1] ;
; 49.701 ; 49.885       ; 0.184          ; Low Pulse Width  ; altera_reserved_tck ; Rise       ; Module_OP:OP|altsyncram:altsyncram_component|altsyncram_49u3:auto_generated|sld_mod_ram_rom:mgl_prim2|sld_rom_sr:\ram_rom_logic_gen:no_name_gen:info_rom_sr|word_counter[2] ;
; 49.701 ; 49.885       ; 0.184          ; Low Pulse Width  ; altera_reserved_tck ; Rise       ; Module_OP:OP|altsyncram:altsyncram_component|altsyncram_49u3:auto_generated|sld_mod_ram_rom:mgl_prim2|sld_rom_sr:\ram_rom_logic_gen:no_name_gen:info_rom_sr|word_counter[3] ;
; 49.701 ; 49.885       ; 0.184          ; Low Pulse Width  ; altera_reserved_tck ; Rise       ; sld_hub:auto_hub|sld_jtag_hub:\jtag_hub_gen:sld_jtag_hub_inst|design_hash_reg[0]                                                                                            ;
; 49.701 ; 49.885       ; 0.184          ; Low Pulse Width  ; altera_reserved_tck ; Rise       ; sld_hub:auto_hub|sld_jtag_hub:\jtag_hub_gen:sld_jtag_hub_inst|design_hash_reg[1]                                                                                            ;
; 49.701 ; 49.885       ; 0.184          ; Low Pulse Width  ; altera_reserved_tck ; Rise       ; sld_hub:auto_hub|sld_jtag_hub:\jtag_hub_gen:sld_jtag_hub_inst|design_hash_reg[2]                                                                                            ;
; 49.701 ; 49.885       ; 0.184          ; Low Pulse Width  ; altera_reserved_tck ; Rise       ; sld_hub:auto_hub|sld_jtag_hub:\jtag_hub_gen:sld_jtag_hub_inst|design_hash_reg[3]                                                                                            ;
; 49.702 ; 49.886       ; 0.184          ; Low Pulse Width  ; altera_reserved_tck ; Rise       ; Module_OP:OP|altsyncram:altsyncram_component|altsyncram_49u3:auto_generated|sld_mod_ram_rom:mgl_prim2|bypass_reg_out                                                        ;
; 49.702 ; 49.886       ; 0.184          ; Low Pulse Width  ; altera_reserved_tck ; Rise       ; Module_OP:OP|altsyncram:altsyncram_component|altsyncram_49u3:auto_generated|sld_mod_ram_rom:mgl_prim2|is_in_use_reg                                                         ;
; 49.702 ; 49.886       ; 0.184          ; Low Pulse Width  ; altera_reserved_tck ; Rise       ; Module_OP:OP|altsyncram:altsyncram_component|altsyncram_49u3:auto_generated|sld_mod_ram_rom:mgl_prim2|ram_rom_addr_reg[0]                                                   ;
; 49.702 ; 49.886       ; 0.184          ; Low Pulse Width  ; altera_reserved_tck ; Rise       ; Module_OP:OP|altsyncram:altsyncram_component|altsyncram_49u3:auto_generated|sld_mod_ram_rom:mgl_prim2|ram_rom_addr_reg[1]                                                   ;
; 49.702 ; 49.886       ; 0.184          ; Low Pulse Width  ; altera_reserved_tck ; Rise       ; Module_OP:OP|altsyncram:altsyncram_component|altsyncram_49u3:auto_generated|sld_mod_ram_rom:mgl_prim2|ram_rom_addr_reg[2]                                                   ;
; 49.702 ; 49.886       ; 0.184          ; Low Pulse Width  ; altera_reserved_tck ; Rise       ; Module_OP:OP|altsyncram:altsyncram_component|altsyncram_49u3:auto_generated|sld_mod_ram_rom:mgl_prim2|ram_rom_addr_reg[3]                                                   ;
; 49.702 ; 49.886       ; 0.184          ; Low Pulse Width  ; altera_reserved_tck ; Rise       ; Module_OP:OP|altsyncram:altsyncram_component|altsyncram_49u3:auto_generated|sld_mod_ram_rom:mgl_prim2|ram_rom_addr_reg[4]                                                   ;
; 49.702 ; 49.886       ; 0.184          ; Low Pulse Width  ; altera_reserved_tck ; Rise       ; Module_OP:OP|altsyncram:altsyncram_component|altsyncram_49u3:auto_generated|sld_mod_ram_rom:mgl_prim2|ram_rom_addr_reg[5]                                                   ;
; 49.702 ; 49.886       ; 0.184          ; Low Pulse Width  ; altera_reserved_tck ; Rise       ; Module_OP:OP|altsyncram:altsyncram_component|altsyncram_49u3:auto_generated|sld_mod_ram_rom:mgl_prim2|ram_rom_addr_reg[6]                                                   ;
; 49.702 ; 49.886       ; 0.184          ; Low Pulse Width  ; altera_reserved_tck ; Rise       ; Module_OP:OP|altsyncram:altsyncram_component|altsyncram_49u3:auto_generated|sld_mod_ram_rom:mgl_prim2|ram_rom_addr_reg[7]                                                   ;
; 49.702 ; 49.886       ; 0.184          ; Low Pulse Width  ; altera_reserved_tck ; Rise       ; Module_OP:OP|altsyncram:altsyncram_component|altsyncram_49u3:auto_generated|sld_mod_ram_rom:mgl_prim2|sld_rom_sr:\ram_rom_logic_gen:no_name_gen:info_rom_sr|WORD_SR[0]      ;
; 49.702 ; 49.886       ; 0.184          ; Low Pulse Width  ; altera_reserved_tck ; Rise       ; sld_hub:auto_hub|sld_jtag_hub:\jtag_hub_gen:sld_jtag_hub_inst|identity_contrib_shift_reg[0]                                                                                 ;
; 49.702 ; 49.886       ; 0.184          ; Low Pulse Width  ; altera_reserved_tck ; Rise       ; sld_hub:auto_hub|sld_jtag_hub:\jtag_hub_gen:sld_jtag_hub_inst|identity_contrib_shift_reg[1]                                                                                 ;
; 49.702 ; 49.886       ; 0.184          ; Low Pulse Width  ; altera_reserved_tck ; Rise       ; sld_hub:auto_hub|sld_jtag_hub:\jtag_hub_gen:sld_jtag_hub_inst|identity_contrib_shift_reg[2]                                                                                 ;
; 49.702 ; 49.886       ; 0.184          ; Low Pulse Width  ; altera_reserved_tck ; Rise       ; sld_hub:auto_hub|sld_jtag_hub:\jtag_hub_gen:sld_jtag_hub_inst|identity_contrib_shift_reg[3]                                                                                 ;
; 49.702 ; 49.886       ; 0.184          ; Low Pulse Width  ; altera_reserved_tck ; Rise       ; sld_hub:auto_hub|sld_jtag_hub:\jtag_hub_gen:sld_jtag_hub_inst|identity_contrib_update_reg[0]                                                                                ;
; 49.702 ; 49.886       ; 0.184          ; Low Pulse Width  ; altera_reserved_tck ; Rise       ; sld_hub:auto_hub|sld_jtag_hub:\jtag_hub_gen:sld_jtag_hub_inst|identity_contrib_update_reg[1]                                                                                ;
; 49.702 ; 49.886       ; 0.184          ; Low Pulse Width  ; altera_reserved_tck ; Rise       ; sld_hub:auto_hub|sld_jtag_hub:\jtag_hub_gen:sld_jtag_hub_inst|identity_contrib_update_reg[2]                                                                                ;
; 49.702 ; 49.886       ; 0.184          ; Low Pulse Width  ; altera_reserved_tck ; Rise       ; sld_hub:auto_hub|sld_jtag_hub:\jtag_hub_gen:sld_jtag_hub_inst|identity_contrib_update_reg[3]                                                                                ;
; 49.702 ; 49.886       ; 0.184          ; Low Pulse Width  ; altera_reserved_tck ; Rise       ; sld_hub:auto_hub|sld_jtag_hub:\jtag_hub_gen:sld_jtag_hub_inst|irf_reg[1][0]                                                                                                 ;
; 49.702 ; 49.886       ; 0.184          ; Low Pulse Width  ; altera_reserved_tck ; Rise       ; sld_hub:auto_hub|sld_jtag_hub:\jtag_hub_gen:sld_jtag_hub_inst|irf_reg[1][1]                                                                                                 ;
; 49.702 ; 49.886       ; 0.184          ; Low Pulse Width  ; altera_reserved_tck ; Rise       ; sld_hub:auto_hub|sld_jtag_hub:\jtag_hub_gen:sld_jtag_hub_inst|irf_reg[1][2]                                                                                                 ;
; 49.702 ; 49.886       ; 0.184          ; Low Pulse Width  ; altera_reserved_tck ; Rise       ; sld_hub:auto_hub|sld_jtag_hub:\jtag_hub_gen:sld_jtag_hub_inst|irsr_reg[3]                                                                                                   ;
; 49.702 ; 49.886       ; 0.184          ; Low Pulse Width  ; altera_reserved_tck ; Rise       ; sld_hub:auto_hub|sld_jtag_hub:\jtag_hub_gen:sld_jtag_hub_inst|irsr_reg[5]                                                                                                   ;
; 49.702 ; 49.886       ; 0.184          ; Low Pulse Width  ; altera_reserved_tck ; Rise       ; sld_hub:auto_hub|sld_jtag_hub:\jtag_hub_gen:sld_jtag_hub_inst|mixer_addr_reg[0]                                                                                             ;
; 49.702 ; 49.886       ; 0.184          ; Low Pulse Width  ; altera_reserved_tck ; Rise       ; sld_hub:auto_hub|sld_jtag_hub:\jtag_hub_gen:sld_jtag_hub_inst|mixer_addr_reg[1]                                                                                             ;
; 49.702 ; 49.886       ; 0.184          ; Low Pulse Width  ; altera_reserved_tck ; Rise       ; sld_hub:auto_hub|sld_jtag_hub:\jtag_hub_gen:sld_jtag_hub_inst|mixer_addr_reg[2]                                                                                             ;
; 49.702 ; 49.886       ; 0.184          ; Low Pulse Width  ; altera_reserved_tck ; Rise       ; sld_hub:auto_hub|sld_jtag_hub:\jtag_hub_gen:sld_jtag_hub_inst|mixer_addr_reg[3]                                                                                             ;
; 49.702 ; 49.886       ; 0.184          ; Low Pulse Width  ; altera_reserved_tck ; Rise       ; sld_hub:auto_hub|sld_jtag_hub:\jtag_hub_gen:sld_jtag_hub_inst|mixer_addr_reg[4]                                                                                             ;
; 49.702 ; 49.886       ; 0.184          ; Low Pulse Width  ; altera_reserved_tck ; Rise       ; sld_hub:auto_hub|sld_jtag_hub:\jtag_hub_gen:sld_jtag_hub_inst|node_ena[1]~reg0                                                                                              ;
; 49.702 ; 49.886       ; 0.184          ; Low Pulse Width  ; altera_reserved_tck ; Rise       ; sld_hub:auto_hub|sld_jtag_hub:\jtag_hub_gen:sld_jtag_hub_inst|sld_rom_sr:hub_info_reg|WORD_SR[0]                                                                            ;
; 49.702 ; 49.886       ; 0.184          ; Low Pulse Width  ; altera_reserved_tck ; Rise       ; sld_hub:auto_hub|sld_jtag_hub:\jtag_hub_gen:sld_jtag_hub_inst|sld_rom_sr:hub_info_reg|WORD_SR[1]                                                                            ;
; 49.702 ; 49.886       ; 0.184          ; Low Pulse Width  ; altera_reserved_tck ; Rise       ; sld_hub:auto_hub|sld_jtag_hub:\jtag_hub_gen:sld_jtag_hub_inst|sld_shadow_jsm:shadow_jsm|state[0]                                                                            ;
; 49.702 ; 49.886       ; 0.184          ; Low Pulse Width  ; altera_reserved_tck ; Rise       ; sld_hub:auto_hub|sld_jtag_hub:\jtag_hub_gen:sld_jtag_hub_inst|sld_shadow_jsm:shadow_jsm|state[3]                                                                            ;
; 49.702 ; 49.886       ; 0.184          ; Low Pulse Width  ; altera_reserved_tck ; Rise       ; sld_hub:auto_hub|sld_jtag_hub:\jtag_hub_gen:sld_jtag_hub_inst|sld_shadow_jsm:shadow_jsm|state[9]                                                                            ;
; 49.702 ; 49.886       ; 0.184          ; Low Pulse Width  ; altera_reserved_tck ; Rise       ; sld_hub:auto_hub|sld_jtag_hub:\jtag_hub_gen:sld_jtag_hub_inst|sld_shadow_jsm:shadow_jsm|tms_cnt[0]                                                                          ;
; 49.702 ; 49.886       ; 0.184          ; Low Pulse Width  ; altera_reserved_tck ; Rise       ; sld_hub:auto_hub|sld_jtag_hub:\jtag_hub_gen:sld_jtag_hub_inst|sld_shadow_jsm:shadow_jsm|tms_cnt[1]                                                                          ;
; 49.702 ; 49.886       ; 0.184          ; Low Pulse Width  ; altera_reserved_tck ; Rise       ; sld_hub:auto_hub|sld_jtag_hub:\jtag_hub_gen:sld_jtag_hub_inst|sld_shadow_jsm:shadow_jsm|tms_cnt[2]                                                                          ;
; 49.703 ; 49.887       ; 0.184          ; Low Pulse Width  ; altera_reserved_tck ; Rise       ; Module_OP:OP|altsyncram:altsyncram_component|altsyncram_49u3:auto_generated|sld_mod_ram_rom:mgl_prim2|ir_loaded_address_reg[0]                                              ;
; 49.703 ; 49.887       ; 0.184          ; Low Pulse Width  ; altera_reserved_tck ; Rise       ; Module_OP:OP|altsyncram:altsyncram_component|altsyncram_49u3:auto_generated|sld_mod_ram_rom:mgl_prim2|ir_loaded_address_reg[1]                                              ;
; 49.703 ; 49.887       ; 0.184          ; Low Pulse Width  ; altera_reserved_tck ; Rise       ; Module_OP:OP|altsyncram:altsyncram_component|altsyncram_49u3:auto_generated|sld_mod_ram_rom:mgl_prim2|ir_loaded_address_reg[2]                                              ;
; 49.703 ; 49.887       ; 0.184          ; Low Pulse Width  ; altera_reserved_tck ; Rise       ; Module_OP:OP|altsyncram:altsyncram_component|altsyncram_49u3:auto_generated|sld_mod_ram_rom:mgl_prim2|ir_loaded_address_reg[3]                                              ;
; 49.703 ; 49.887       ; 0.184          ; Low Pulse Width  ; altera_reserved_tck ; Rise       ; Module_OP:OP|altsyncram:altsyncram_component|altsyncram_49u3:auto_generated|sld_mod_ram_rom:mgl_prim2|ram_rom_data_reg[0]                                                   ;
; 49.703 ; 49.887       ; 0.184          ; Low Pulse Width  ; altera_reserved_tck ; Rise       ; Module_OP:OP|altsyncram:altsyncram_component|altsyncram_49u3:auto_generated|sld_mod_ram_rom:mgl_prim2|ram_rom_data_reg[1]                                                   ;
; 49.703 ; 49.887       ; 0.184          ; Low Pulse Width  ; altera_reserved_tck ; Rise       ; Module_OP:OP|altsyncram:altsyncram_component|altsyncram_49u3:auto_generated|sld_mod_ram_rom:mgl_prim2|ram_rom_data_reg[2]                                                   ;
; 49.703 ; 49.887       ; 0.184          ; Low Pulse Width  ; altera_reserved_tck ; Rise       ; Module_OP:OP|altsyncram:altsyncram_component|altsyncram_49u3:auto_generated|sld_mod_ram_rom:mgl_prim2|ram_rom_data_reg[3]                                                   ;
; 49.703 ; 49.887       ; 0.184          ; Low Pulse Width  ; altera_reserved_tck ; Rise       ; Module_OP:OP|altsyncram:altsyncram_component|altsyncram_49u3:auto_generated|sld_mod_ram_rom:mgl_prim2|ram_rom_data_reg[4]                                                   ;
; 49.703 ; 49.887       ; 0.184          ; Low Pulse Width  ; altera_reserved_tck ; Rise       ; Module_OP:OP|altsyncram:altsyncram_component|altsyncram_49u3:auto_generated|sld_mod_ram_rom:mgl_prim2|ram_rom_data_reg[5]                                                   ;
; 49.703 ; 49.887       ; 0.184          ; Low Pulse Width  ; altera_reserved_tck ; Rise       ; Module_OP:OP|altsyncram:altsyncram_component|altsyncram_49u3:auto_generated|sld_mod_ram_rom:mgl_prim2|ram_rom_data_reg[6]                                                   ;
; 49.703 ; 49.887       ; 0.184          ; Low Pulse Width  ; altera_reserved_tck ; Rise       ; Module_OP:OP|altsyncram:altsyncram_component|altsyncram_49u3:auto_generated|sld_mod_ram_rom:mgl_prim2|ram_rom_data_reg[7]                                                   ;
; 49.703 ; 49.887       ; 0.184          ; Low Pulse Width  ; altera_reserved_tck ; Rise       ; Module_OP:OP|altsyncram:altsyncram_component|altsyncram_49u3:auto_generated|sld_mod_ram_rom:mgl_prim2|ram_rom_data_shift_cntr_reg[0]                                        ;
; 49.703 ; 49.887       ; 0.184          ; Low Pulse Width  ; altera_reserved_tck ; Rise       ; Module_OP:OP|altsyncram:altsyncram_component|altsyncram_49u3:auto_generated|sld_mod_ram_rom:mgl_prim2|ram_rom_data_shift_cntr_reg[1]                                        ;
; 49.703 ; 49.887       ; 0.184          ; Low Pulse Width  ; altera_reserved_tck ; Rise       ; Module_OP:OP|altsyncram:altsyncram_component|altsyncram_49u3:auto_generated|sld_mod_ram_rom:mgl_prim2|ram_rom_data_shift_cntr_reg[2]                                        ;
; 49.703 ; 49.887       ; 0.184          ; Low Pulse Width  ; altera_reserved_tck ; Rise       ; sld_hub:auto_hub|sld_jtag_hub:\jtag_hub_gen:sld_jtag_hub_inst|clr_reg                                                                                                       ;
; 49.703 ; 49.887       ; 0.184          ; Low Pulse Width  ; altera_reserved_tck ; Rise       ; sld_hub:auto_hub|sld_jtag_hub:\jtag_hub_gen:sld_jtag_hub_inst|hub_minor_ver_reg[0]                                                                                          ;
; 49.703 ; 49.887       ; 0.184          ; Low Pulse Width  ; altera_reserved_tck ; Rise       ; sld_hub:auto_hub|sld_jtag_hub:\jtag_hub_gen:sld_jtag_hub_inst|hub_minor_ver_reg[1]                                                                                          ;
; 49.703 ; 49.887       ; 0.184          ; Low Pulse Width  ; altera_reserved_tck ; Rise       ; sld_hub:auto_hub|sld_jtag_hub:\jtag_hub_gen:sld_jtag_hub_inst|hub_minor_ver_reg[2]                                                                                          ;
; 49.703 ; 49.887       ; 0.184          ; Low Pulse Width  ; altera_reserved_tck ; Rise       ; sld_hub:auto_hub|sld_jtag_hub:\jtag_hub_gen:sld_jtag_hub_inst|hub_minor_ver_reg[3]                                                                                          ;
; 49.703 ; 49.887       ; 0.184          ; Low Pulse Width  ; altera_reserved_tck ; Rise       ; sld_hub:auto_hub|sld_jtag_hub:\jtag_hub_gen:sld_jtag_hub_inst|hub_mode_reg[0]                                                                                               ;
; 49.703 ; 49.887       ; 0.184          ; Low Pulse Width  ; altera_reserved_tck ; Rise       ; sld_hub:auto_hub|sld_jtag_hub:\jtag_hub_gen:sld_jtag_hub_inst|hub_mode_reg[1]                                                                                               ;
; 49.703 ; 49.887       ; 0.184          ; Low Pulse Width  ; altera_reserved_tck ; Rise       ; sld_hub:auto_hub|sld_jtag_hub:\jtag_hub_gen:sld_jtag_hub_inst|hub_mode_reg[2]                                                                                               ;
; 49.703 ; 49.887       ; 0.184          ; Low Pulse Width  ; altera_reserved_tck ; Rise       ; sld_hub:auto_hub|sld_jtag_hub:\jtag_hub_gen:sld_jtag_hub_inst|irf_reg[1][3]                                                                                                 ;
; 49.703 ; 49.887       ; 0.184          ; Low Pulse Width  ; altera_reserved_tck ; Rise       ; sld_hub:auto_hub|sld_jtag_hub:\jtag_hub_gen:sld_jtag_hub_inst|irf_reg[1][4]                                                                                                 ;
; 49.703 ; 49.887       ; 0.184          ; Low Pulse Width  ; altera_reserved_tck ; Rise       ; sld_hub:auto_hub|sld_jtag_hub:\jtag_hub_gen:sld_jtag_hub_inst|irsr_reg[0]                                                                                                   ;
; 49.703 ; 49.887       ; 0.184          ; Low Pulse Width  ; altera_reserved_tck ; Rise       ; sld_hub:auto_hub|sld_jtag_hub:\jtag_hub_gen:sld_jtag_hub_inst|irsr_reg[1]                                                                                                   ;
; 49.703 ; 49.887       ; 0.184          ; Low Pulse Width  ; altera_reserved_tck ; Rise       ; sld_hub:auto_hub|sld_jtag_hub:\jtag_hub_gen:sld_jtag_hub_inst|irsr_reg[2]                                                                                                   ;
; 49.703 ; 49.887       ; 0.184          ; Low Pulse Width  ; altera_reserved_tck ; Rise       ; sld_hub:auto_hub|sld_jtag_hub:\jtag_hub_gen:sld_jtag_hub_inst|irsr_reg[4]                                                                                                   ;
; 49.703 ; 49.887       ; 0.184          ; Low Pulse Width  ; altera_reserved_tck ; Rise       ; sld_hub:auto_hub|sld_jtag_hub:\jtag_hub_gen:sld_jtag_hub_inst|jtag_ir_reg[0]                                                                                                ;
; 49.703 ; 49.887       ; 0.184          ; Low Pulse Width  ; altera_reserved_tck ; Rise       ; sld_hub:auto_hub|sld_jtag_hub:\jtag_hub_gen:sld_jtag_hub_inst|jtag_ir_reg[1]                                                                                                ;
; 49.703 ; 49.887       ; 0.184          ; Low Pulse Width  ; altera_reserved_tck ; Rise       ; sld_hub:auto_hub|sld_jtag_hub:\jtag_hub_gen:sld_jtag_hub_inst|jtag_ir_reg[2]                                                                                                ;
; 49.703 ; 49.887       ; 0.184          ; Low Pulse Width  ; altera_reserved_tck ; Rise       ; sld_hub:auto_hub|sld_jtag_hub:\jtag_hub_gen:sld_jtag_hub_inst|jtag_ir_reg[3]                                                                                                ;
; 49.703 ; 49.887       ; 0.184          ; Low Pulse Width  ; altera_reserved_tck ; Rise       ; sld_hub:auto_hub|sld_jtag_hub:\jtag_hub_gen:sld_jtag_hub_inst|jtag_ir_reg[4]                                                                                                ;
; 49.703 ; 49.887       ; 0.184          ; Low Pulse Width  ; altera_reserved_tck ; Rise       ; sld_hub:auto_hub|sld_jtag_hub:\jtag_hub_gen:sld_jtag_hub_inst|jtag_ir_reg[5]                                                                                                ;
; 49.703 ; 49.887       ; 0.184          ; Low Pulse Width  ; altera_reserved_tck ; Rise       ; sld_hub:auto_hub|sld_jtag_hub:\jtag_hub_gen:sld_jtag_hub_inst|jtag_ir_reg[6]                                                                                                ;
; 49.703 ; 49.887       ; 0.184          ; Low Pulse Width  ; altera_reserved_tck ; Rise       ; sld_hub:auto_hub|sld_jtag_hub:\jtag_hub_gen:sld_jtag_hub_inst|jtag_ir_reg[7]                                                                                                ;
; 49.703 ; 49.887       ; 0.184          ; Low Pulse Width  ; altera_reserved_tck ; Rise       ; sld_hub:auto_hub|sld_jtag_hub:\jtag_hub_gen:sld_jtag_hub_inst|jtag_ir_reg[8]                                                                                                ;
; 49.703 ; 49.887       ; 0.184          ; Low Pulse Width  ; altera_reserved_tck ; Rise       ; sld_hub:auto_hub|sld_jtag_hub:\jtag_hub_gen:sld_jtag_hub_inst|jtag_ir_reg[9]                                                                                                ;
; 49.703 ; 49.887       ; 0.184          ; Low Pulse Width  ; altera_reserved_tck ; Rise       ; sld_hub:auto_hub|sld_jtag_hub:\jtag_hub_gen:sld_jtag_hub_inst|reset_ena_reg                                                                                                 ;
; 49.703 ; 49.887       ; 0.184          ; Low Pulse Width  ; altera_reserved_tck ; Rise       ; sld_hub:auto_hub|sld_jtag_hub:\jtag_hub_gen:sld_jtag_hub_inst|sld_rom_sr:hub_info_reg|WORD_SR[2]                                                                            ;
; 49.703 ; 49.887       ; 0.184          ; Low Pulse Width  ; altera_reserved_tck ; Rise       ; sld_hub:auto_hub|sld_jtag_hub:\jtag_hub_gen:sld_jtag_hub_inst|sld_rom_sr:hub_info_reg|WORD_SR[3]                                                                            ;
; 49.703 ; 49.887       ; 0.184          ; Low Pulse Width  ; altera_reserved_tck ; Rise       ; sld_hub:auto_hub|sld_jtag_hub:\jtag_hub_gen:sld_jtag_hub_inst|sld_rom_sr:hub_info_reg|word_counter[0]                                                                       ;
; 49.703 ; 49.887       ; 0.184          ; Low Pulse Width  ; altera_reserved_tck ; Rise       ; sld_hub:auto_hub|sld_jtag_hub:\jtag_hub_gen:sld_jtag_hub_inst|sld_rom_sr:hub_info_reg|word_counter[1]                                                                       ;
; 49.703 ; 49.887       ; 0.184          ; Low Pulse Width  ; altera_reserved_tck ; Rise       ; sld_hub:auto_hub|sld_jtag_hub:\jtag_hub_gen:sld_jtag_hub_inst|sld_rom_sr:hub_info_reg|word_counter[2]                                                                       ;
; 49.703 ; 49.887       ; 0.184          ; Low Pulse Width  ; altera_reserved_tck ; Rise       ; sld_hub:auto_hub|sld_jtag_hub:\jtag_hub_gen:sld_jtag_hub_inst|sld_rom_sr:hub_info_reg|word_counter[3]                                                                       ;
; 49.703 ; 49.887       ; 0.184          ; Low Pulse Width  ; altera_reserved_tck ; Rise       ; sld_hub:auto_hub|sld_jtag_hub:\jtag_hub_gen:sld_jtag_hub_inst|sld_rom_sr:hub_info_reg|word_counter[4]                                                                       ;
+--------+--------------+----------------+------------------+---------------------+------------+-----------------------------------------------------------------------------------------------------------------------------------------------------------------------------+


+----------------------------------------------------------------------------------------------+
; Setup Times                                                                                  ;
+---------------------+---------------------+-------+-------+------------+---------------------+
; Data Port           ; Clock Port          ; Rise  ; Fall  ; Clock Edge ; Clock Reference     ;
+---------------------+---------------------+-------+-------+------------+---------------------+
; altera_reserved_tdi ; altera_reserved_tck ; 3.176 ; 3.353 ; Rise       ; altera_reserved_tck ;
; altera_reserved_tms ; altera_reserved_tck ; 4.571 ; 4.739 ; Rise       ; altera_reserved_tck ;
+---------------------+---------------------+-------+-------+------------+---------------------+


+------------------------------------------------------------------------------------------------+
; Hold Times                                                                                     ;
+---------------------+---------------------+--------+--------+------------+---------------------+
; Data Port           ; Clock Port          ; Rise   ; Fall   ; Clock Edge ; Clock Reference     ;
+---------------------+---------------------+--------+--------+------------+---------------------+
; altera_reserved_tdi ; altera_reserved_tck ; 0.000  ; -0.138 ; Rise       ; altera_reserved_tck ;
; altera_reserved_tms ; altera_reserved_tck ; -0.680 ; -0.818 ; Rise       ; altera_reserved_tck ;
+---------------------+---------------------+--------+--------+------------+---------------------+


+------------------------------------------------------------------------------------------------+
; Clock to Output Times                                                                          ;
+---------------------+---------------------+--------+--------+------------+---------------------+
; Data Port           ; Clock Port          ; Rise   ; Fall   ; Clock Edge ; Clock Reference     ;
+---------------------+---------------------+--------+--------+------------+---------------------+
; altera_reserved_tdo ; altera_reserved_tck ; 10.001 ; 10.340 ; Fall       ; altera_reserved_tck ;
+---------------------+---------------------+--------+--------+------------+---------------------+


+----------------------------------------------------------------------------------------------+
; Minimum Clock to Output Times                                                                ;
+---------------------+---------------------+-------+-------+------------+---------------------+
; Data Port           ; Clock Port          ; Rise  ; Fall  ; Clock Edge ; Clock Reference     ;
+---------------------+---------------------+-------+-------+------------+---------------------+
; altera_reserved_tdo ; altera_reserved_tck ; 8.201 ; 8.540 ; Fall       ; altera_reserved_tck ;
+---------------------+---------------------+-------+-------+------------+---------------------+


---------------------------------------------
; Slow 1200mV 0C Model Metastability Report ;
---------------------------------------------
No synchronizer chains to report.


+----------------------------------------------+
; Fast 1200mV 0C Model Setup Summary           ;
+---------------------+--------+---------------+
; Clock               ; Slack  ; End Point TNS ;
+---------------------+--------+---------------+
; altera_reserved_tck ; 47.834 ; 0.000         ;
+---------------------+--------+---------------+


+---------------------------------------------+
; Fast 1200mV 0C Model Hold Summary           ;
+---------------------+-------+---------------+
; Clock               ; Slack ; End Point TNS ;
+---------------------+-------+---------------+
; altera_reserved_tck ; 0.185 ; 0.000         ;
+---------------------+-------+---------------+


+----------------------------------------------+
; Fast 1200mV 0C Model Recovery Summary        ;
+---------------------+--------+---------------+
; Clock               ; Slack  ; End Point TNS ;
+---------------------+--------+---------------+
; altera_reserved_tck ; 49.381 ; 0.000         ;
+---------------------+--------+---------------+


+---------------------------------------------+
; Fast 1200mV 0C Model Removal Summary        ;
+---------------------+-------+---------------+
; Clock               ; Slack ; End Point TNS ;
+---------------------+-------+---------------+
; altera_reserved_tck ; 0.546 ; 0.000         ;
+---------------------+-------+---------------+


+--------------------------------------------------+
; Fast 1200mV 0C Model Minimum Pulse Width Summary ;
+---------------------+--------+-------------------+
; Clock               ; Slack  ; End Point TNS     ;
+---------------------+--------+-------------------+
; altera_reserved_tck ; 49.398 ; 0.000             ;
+---------------------+--------+-------------------+


+----------------------------------------------------------------------------------------------------------------------------------------------------------------------------------------------------------------------------------------------------------------------------------------------------------------------------------------------------------------------------------------------------------------------------------------------------+
; Fast 1200mV 0C Model Setup: 'altera_reserved_tck'                                                                                                                                                                                                                                                                                                                                                                                                  ;
+--------+------------------------------------------------------------------------------------------------------------------------------------------------------------------------+-----------------------------------------------------------------------------------------------------------------------------------------------------------------------------+---------------------+---------------------+--------------+------------+------------+
; Slack  ; From Node                                                                                                                                                              ; To Node                                                                                                                                                                     ; Launch Clock        ; Latch Clock         ; Relationship ; Clock Skew ; Data Delay ;
+--------+------------------------------------------------------------------------------------------------------------------------------------------------------------------------+-----------------------------------------------------------------------------------------------------------------------------------------------------------------------------+---------------------+---------------------+--------------+------------+------------+
; 47.834 ; sld_hub:auto_hub|sld_jtag_hub:\jtag_hub_gen:sld_jtag_hub_inst|irf_reg[1][1]                                                                                            ; sld_hub:auto_hub|sld_jtag_hub:\jtag_hub_gen:sld_jtag_hub_inst|tdo                                                                                                           ; altera_reserved_tck ; altera_reserved_tck ; 50.000       ; 0.331      ; 2.484      ;
; 47.858 ; Module_OP:OP|altsyncram:altsyncram_component|altsyncram_49u3:auto_generated|sld_mod_ram_rom:mgl_prim2|ram_rom_data_reg[0]                                              ; sld_hub:auto_hub|sld_jtag_hub:\jtag_hub_gen:sld_jtag_hub_inst|tdo                                                                                                           ; altera_reserved_tck ; altera_reserved_tck ; 50.000       ; 0.333      ; 2.462      ;
; 48.004 ; sld_hub:auto_hub|sld_jtag_hub:\jtag_hub_gen:sld_jtag_hub_inst|irf_reg[1][2]                                                                                            ; sld_hub:auto_hub|sld_jtag_hub:\jtag_hub_gen:sld_jtag_hub_inst|tdo                                                                                                           ; altera_reserved_tck ; altera_reserved_tck ; 50.000       ; 0.331      ; 2.314      ;
; 48.028 ; sld_hub:auto_hub|sld_jtag_hub:\jtag_hub_gen:sld_jtag_hub_inst|irf_reg[1][0]                                                                                            ; sld_hub:auto_hub|sld_jtag_hub:\jtag_hub_gen:sld_jtag_hub_inst|tdo                                                                                                           ; altera_reserved_tck ; altera_reserved_tck ; 50.000       ; 0.331      ; 2.290      ;
; 48.221 ; Module_OP:OP|altsyncram:altsyncram_component|altsyncram_49u3:auto_generated|sld_mod_ram_rom:mgl_prim2|sld_rom_sr:\ram_rom_logic_gen:no_name_gen:info_rom_sr|WORD_SR[0] ; sld_hub:auto_hub|sld_jtag_hub:\jtag_hub_gen:sld_jtag_hub_inst|tdo                                                                                                           ; altera_reserved_tck ; altera_reserved_tck ; 50.000       ; 0.331      ; 2.097      ;
; 48.300 ; Module_OP:OP|altsyncram:altsyncram_component|altsyncram_49u3:auto_generated|sld_mod_ram_rom:mgl_prim2|bypass_reg_out                                                   ; sld_hub:auto_hub|sld_jtag_hub:\jtag_hub_gen:sld_jtag_hub_inst|tdo                                                                                                           ; altera_reserved_tck ; altera_reserved_tck ; 50.000       ; 0.335      ; 2.022      ;
; 48.667 ; sld_hub:auto_hub|sld_jtag_hub:\jtag_hub_gen:sld_jtag_hub_inst|irsr_reg[2]                                                                                              ; sld_hub:auto_hub|sld_jtag_hub:\jtag_hub_gen:sld_jtag_hub_inst|tdo                                                                                                           ; altera_reserved_tck ; altera_reserved_tck ; 50.000       ; 0.330      ; 1.650      ;
; 48.723 ; sld_hub:auto_hub|sld_jtag_hub:\jtag_hub_gen:sld_jtag_hub_inst|irsr_reg[5]                                                                                              ; sld_hub:auto_hub|sld_jtag_hub:\jtag_hub_gen:sld_jtag_hub_inst|tdo                                                                                                           ; altera_reserved_tck ; altera_reserved_tck ; 50.000       ; 0.335      ; 1.599      ;
; 48.757 ; sld_hub:auto_hub|sld_jtag_hub:\jtag_hub_gen:sld_jtag_hub_inst|irsr_reg[1]                                                                                              ; sld_hub:auto_hub|sld_jtag_hub:\jtag_hub_gen:sld_jtag_hub_inst|tdo                                                                                                           ; altera_reserved_tck ; altera_reserved_tck ; 50.000       ; 0.330      ; 1.560      ;
; 48.765 ; sld_hub:auto_hub|sld_jtag_hub:\jtag_hub_gen:sld_jtag_hub_inst|sld_rom_sr:hub_info_reg|WORD_SR[0]                                                                       ; sld_hub:auto_hub|sld_jtag_hub:\jtag_hub_gen:sld_jtag_hub_inst|tdo                                                                                                           ; altera_reserved_tck ; altera_reserved_tck ; 50.000       ; 0.331      ; 1.553      ;
; 48.796 ; sld_hub:auto_hub|sld_jtag_hub:\jtag_hub_gen:sld_jtag_hub_inst|irsr_reg[0]                                                                                              ; sld_hub:auto_hub|sld_jtag_hub:\jtag_hub_gen:sld_jtag_hub_inst|tdo                                                                                                           ; altera_reserved_tck ; altera_reserved_tck ; 50.000       ; 0.330      ; 1.521      ;
; 48.919 ; sld_hub:auto_hub|sld_jtag_hub:\jtag_hub_gen:sld_jtag_hub_inst|hub_minor_ver_reg[0]                                                                                     ; sld_hub:auto_hub|sld_jtag_hub:\jtag_hub_gen:sld_jtag_hub_inst|tdo                                                                                                           ; altera_reserved_tck ; altera_reserved_tck ; 50.000       ; 0.333      ; 1.401      ;
; 48.923 ; sld_hub:auto_hub|sld_jtag_hub:\jtag_hub_gen:sld_jtag_hub_inst|virtual_ir_scan_reg                                                                                      ; sld_hub:auto_hub|sld_jtag_hub:\jtag_hub_gen:sld_jtag_hub_inst|tdo                                                                                                           ; altera_reserved_tck ; altera_reserved_tck ; 50.000       ; 0.332      ; 1.396      ;
; 49.016 ; sld_hub:auto_hub|sld_jtag_hub:\jtag_hub_gen:sld_jtag_hub_inst|tdo_bypass_reg                                                                                           ; sld_hub:auto_hub|sld_jtag_hub:\jtag_hub_gen:sld_jtag_hub_inst|tdo                                                                                                           ; altera_reserved_tck ; altera_reserved_tck ; 50.000       ; 0.333      ; 1.304      ;
; 49.090 ; sld_hub:auto_hub|sld_jtag_hub:\jtag_hub_gen:sld_jtag_hub_inst|sld_shadow_jsm:shadow_jsm|state[3]                                                                       ; sld_hub:auto_hub|sld_jtag_hub:\jtag_hub_gen:sld_jtag_hub_inst|tdo                                                                                                           ; altera_reserved_tck ; altera_reserved_tck ; 50.000       ; 0.333      ; 1.230      ;
; 49.252 ; sld_hub:auto_hub|sld_jtag_hub:\jtag_hub_gen:sld_jtag_hub_inst|sld_shadow_jsm:shadow_jsm|state[4]                                                                       ; sld_hub:auto_hub|sld_jtag_hub:\jtag_hub_gen:sld_jtag_hub_inst|tdo                                                                                                           ; altera_reserved_tck ; altera_reserved_tck ; 50.000       ; 0.333      ; 1.068      ;
; 49.954 ; sld_hub:auto_hub|sld_jtag_hub:\jtag_hub_gen:sld_jtag_hub_inst|design_hash_reg[0]                                                                                       ; sld_hub:auto_hub|sld_jtag_hub:\jtag_hub_gen:sld_jtag_hub_inst|tdo                                                                                                           ; altera_reserved_tck ; altera_reserved_tck ; 50.000       ; 0.335      ; 0.368      ;
; 97.622 ; sld_hub:auto_hub|sld_jtag_hub:\jtag_hub_gen:sld_jtag_hub_inst|virtual_ir_scan_reg                                                                                      ; sld_hub:auto_hub|sld_jtag_hub:\jtag_hub_gen:sld_jtag_hub_inst|sld_rom_sr:hub_info_reg|WORD_SR[1]                                                                            ; altera_reserved_tck ; altera_reserved_tck ; 100.000      ; -0.037     ; 2.328      ;
; 97.622 ; sld_hub:auto_hub|sld_jtag_hub:\jtag_hub_gen:sld_jtag_hub_inst|virtual_ir_scan_reg                                                                                      ; sld_hub:auto_hub|sld_jtag_hub:\jtag_hub_gen:sld_jtag_hub_inst|sld_rom_sr:hub_info_reg|WORD_SR[0]                                                                            ; altera_reserved_tck ; altera_reserved_tck ; 100.000      ; -0.037     ; 2.328      ;
; 97.793 ; Module_OP:OP|altsyncram:altsyncram_component|altsyncram_49u3:auto_generated|altsyncram_5kr2:altsyncram1|ram_block3a0~portb_we_reg                                      ; Module_OP:OP|altsyncram:altsyncram_component|altsyncram_49u3:auto_generated|sld_mod_ram_rom:mgl_prim2|ram_rom_data_reg[3]                                                   ; altera_reserved_tck ; altera_reserved_tck ; 100.000      ; -0.177     ; 2.017      ;
; 97.801 ; sld_hub:auto_hub|sld_jtag_hub:\jtag_hub_gen:sld_jtag_hub_inst|sld_shadow_jsm:shadow_jsm|state[8]                                                                       ; sld_hub:auto_hub|sld_jtag_hub:\jtag_hub_gen:sld_jtag_hub_inst|sld_rom_sr:hub_info_reg|WORD_SR[1]                                                                            ; altera_reserved_tck ; altera_reserved_tck ; 100.000      ; -0.036     ; 2.150      ;
; 97.801 ; sld_hub:auto_hub|sld_jtag_hub:\jtag_hub_gen:sld_jtag_hub_inst|sld_shadow_jsm:shadow_jsm|state[8]                                                                       ; sld_hub:auto_hub|sld_jtag_hub:\jtag_hub_gen:sld_jtag_hub_inst|sld_rom_sr:hub_info_reg|WORD_SR[0]                                                                            ; altera_reserved_tck ; altera_reserved_tck ; 100.000      ; -0.036     ; 2.150      ;
; 97.849 ; sld_hub:auto_hub|sld_jtag_hub:\jtag_hub_gen:sld_jtag_hub_inst|sld_shadow_jsm:shadow_jsm|state[8]                                                                       ; Module_OP:OP|altsyncram:altsyncram_component|altsyncram_49u3:auto_generated|sld_mod_ram_rom:mgl_prim2|sld_rom_sr:\ram_rom_logic_gen:no_name_gen:info_rom_sr|WORD_SR[0]      ; altera_reserved_tck ; altera_reserved_tck ; 100.000      ; -0.036     ; 2.102      ;
; 97.860 ; sld_hub:auto_hub|sld_jtag_hub:\jtag_hub_gen:sld_jtag_hub_inst|sld_shadow_jsm:shadow_jsm|state[8]                                                                       ; Module_OP:OP|altsyncram:altsyncram_component|altsyncram_49u3:auto_generated|sld_mod_ram_rom:mgl_prim2|sld_rom_sr:\ram_rom_logic_gen:no_name_gen:info_rom_sr|word_counter[1] ; altera_reserved_tck ; altera_reserved_tck ; 100.000      ; -0.041     ; 2.086      ;
; 97.860 ; sld_hub:auto_hub|sld_jtag_hub:\jtag_hub_gen:sld_jtag_hub_inst|sld_shadow_jsm:shadow_jsm|state[8]                                                                       ; Module_OP:OP|altsyncram:altsyncram_component|altsyncram_49u3:auto_generated|sld_mod_ram_rom:mgl_prim2|sld_rom_sr:\ram_rom_logic_gen:no_name_gen:info_rom_sr|word_counter[0] ; altera_reserved_tck ; altera_reserved_tck ; 100.000      ; -0.041     ; 2.086      ;
; 97.860 ; sld_hub:auto_hub|sld_jtag_hub:\jtag_hub_gen:sld_jtag_hub_inst|sld_shadow_jsm:shadow_jsm|state[8]                                                                       ; Module_OP:OP|altsyncram:altsyncram_component|altsyncram_49u3:auto_generated|sld_mod_ram_rom:mgl_prim2|sld_rom_sr:\ram_rom_logic_gen:no_name_gen:info_rom_sr|word_counter[2] ; altera_reserved_tck ; altera_reserved_tck ; 100.000      ; -0.041     ; 2.086      ;
; 97.860 ; sld_hub:auto_hub|sld_jtag_hub:\jtag_hub_gen:sld_jtag_hub_inst|sld_shadow_jsm:shadow_jsm|state[8]                                                                       ; Module_OP:OP|altsyncram:altsyncram_component|altsyncram_49u3:auto_generated|sld_mod_ram_rom:mgl_prim2|sld_rom_sr:\ram_rom_logic_gen:no_name_gen:info_rom_sr|word_counter[3] ; altera_reserved_tck ; altera_reserved_tck ; 100.000      ; -0.041     ; 2.086      ;
; 97.875 ; Module_OP:OP|altsyncram:altsyncram_component|altsyncram_49u3:auto_generated|altsyncram_5kr2:altsyncram1|ram_block3a0~portb_we_reg                                      ; Module_OP:OP|altsyncram:altsyncram_component|altsyncram_49u3:auto_generated|sld_mod_ram_rom:mgl_prim2|ram_rom_data_reg[4]                                                   ; altera_reserved_tck ; altera_reserved_tck ; 100.000      ; -0.177     ; 1.935      ;
; 97.881 ; sld_hub:auto_hub|sld_jtag_hub:\jtag_hub_gen:sld_jtag_hub_inst|sld_shadow_jsm:shadow_jsm|state[8]                                                                       ; Module_OP:OP|altsyncram:altsyncram_component|altsyncram_49u3:auto_generated|sld_mod_ram_rom:mgl_prim2|sld_rom_sr:\ram_rom_logic_gen:no_name_gen:info_rom_sr|WORD_SR[3]      ; altera_reserved_tck ; altera_reserved_tck ; 100.000      ; -0.041     ; 2.065      ;
; 97.881 ; sld_hub:auto_hub|sld_jtag_hub:\jtag_hub_gen:sld_jtag_hub_inst|sld_shadow_jsm:shadow_jsm|state[8]                                                                       ; Module_OP:OP|altsyncram:altsyncram_component|altsyncram_49u3:auto_generated|sld_mod_ram_rom:mgl_prim2|sld_rom_sr:\ram_rom_logic_gen:no_name_gen:info_rom_sr|WORD_SR[1]      ; altera_reserved_tck ; altera_reserved_tck ; 100.000      ; -0.041     ; 2.065      ;
; 97.881 ; sld_hub:auto_hub|sld_jtag_hub:\jtag_hub_gen:sld_jtag_hub_inst|sld_shadow_jsm:shadow_jsm|state[8]                                                                       ; Module_OP:OP|altsyncram:altsyncram_component|altsyncram_49u3:auto_generated|sld_mod_ram_rom:mgl_prim2|sld_rom_sr:\ram_rom_logic_gen:no_name_gen:info_rom_sr|WORD_SR[2]      ; altera_reserved_tck ; altera_reserved_tck ; 100.000      ; -0.041     ; 2.065      ;
; 97.908 ; sld_hub:auto_hub|sld_jtag_hub:\jtag_hub_gen:sld_jtag_hub_inst|virtual_ir_scan_reg                                                                                      ; Module_OP:OP|altsyncram:altsyncram_component|altsyncram_49u3:auto_generated|sld_mod_ram_rom:mgl_prim2|sld_rom_sr:\ram_rom_logic_gen:no_name_gen:info_rom_sr|WORD_SR[0]      ; altera_reserved_tck ; altera_reserved_tck ; 100.000      ; -0.037     ; 2.042      ;
; 97.940 ; sld_hub:auto_hub|sld_jtag_hub:\jtag_hub_gen:sld_jtag_hub_inst|virtual_ir_scan_reg                                                                                      ; Module_OP:OP|altsyncram:altsyncram_component|altsyncram_49u3:auto_generated|sld_mod_ram_rom:mgl_prim2|sld_rom_sr:\ram_rom_logic_gen:no_name_gen:info_rom_sr|WORD_SR[3]      ; altera_reserved_tck ; altera_reserved_tck ; 100.000      ; -0.042     ; 2.005      ;
; 97.940 ; sld_hub:auto_hub|sld_jtag_hub:\jtag_hub_gen:sld_jtag_hub_inst|virtual_ir_scan_reg                                                                                      ; Module_OP:OP|altsyncram:altsyncram_component|altsyncram_49u3:auto_generated|sld_mod_ram_rom:mgl_prim2|sld_rom_sr:\ram_rom_logic_gen:no_name_gen:info_rom_sr|WORD_SR[1]      ; altera_reserved_tck ; altera_reserved_tck ; 100.000      ; -0.042     ; 2.005      ;
; 97.940 ; sld_hub:auto_hub|sld_jtag_hub:\jtag_hub_gen:sld_jtag_hub_inst|virtual_ir_scan_reg                                                                                      ; Module_OP:OP|altsyncram:altsyncram_component|altsyncram_49u3:auto_generated|sld_mod_ram_rom:mgl_prim2|sld_rom_sr:\ram_rom_logic_gen:no_name_gen:info_rom_sr|WORD_SR[2]      ; altera_reserved_tck ; altera_reserved_tck ; 100.000      ; -0.042     ; 2.005      ;
; 97.962 ; sld_hub:auto_hub|sld_jtag_hub:\jtag_hub_gen:sld_jtag_hub_inst|virtual_ir_scan_reg                                                                                      ; Module_OP:OP|altsyncram:altsyncram_component|altsyncram_49u3:auto_generated|sld_mod_ram_rom:mgl_prim2|sld_rom_sr:\ram_rom_logic_gen:no_name_gen:info_rom_sr|word_counter[1] ; altera_reserved_tck ; altera_reserved_tck ; 100.000      ; -0.042     ; 1.983      ;
; 97.962 ; sld_hub:auto_hub|sld_jtag_hub:\jtag_hub_gen:sld_jtag_hub_inst|virtual_ir_scan_reg                                                                                      ; Module_OP:OP|altsyncram:altsyncram_component|altsyncram_49u3:auto_generated|sld_mod_ram_rom:mgl_prim2|sld_rom_sr:\ram_rom_logic_gen:no_name_gen:info_rom_sr|word_counter[0] ; altera_reserved_tck ; altera_reserved_tck ; 100.000      ; -0.042     ; 1.983      ;
; 97.962 ; sld_hub:auto_hub|sld_jtag_hub:\jtag_hub_gen:sld_jtag_hub_inst|virtual_ir_scan_reg                                                                                      ; Module_OP:OP|altsyncram:altsyncram_component|altsyncram_49u3:auto_generated|sld_mod_ram_rom:mgl_prim2|sld_rom_sr:\ram_rom_logic_gen:no_name_gen:info_rom_sr|word_counter[2] ; altera_reserved_tck ; altera_reserved_tck ; 100.000      ; -0.042     ; 1.983      ;
; 97.962 ; sld_hub:auto_hub|sld_jtag_hub:\jtag_hub_gen:sld_jtag_hub_inst|virtual_ir_scan_reg                                                                                      ; Module_OP:OP|altsyncram:altsyncram_component|altsyncram_49u3:auto_generated|sld_mod_ram_rom:mgl_prim2|sld_rom_sr:\ram_rom_logic_gen:no_name_gen:info_rom_sr|word_counter[3] ; altera_reserved_tck ; altera_reserved_tck ; 100.000      ; -0.042     ; 1.983      ;
; 97.965 ; Module_OP:OP|altsyncram:altsyncram_component|altsyncram_49u3:auto_generated|altsyncram_5kr2:altsyncram1|ram_block3a0~portb_we_reg                                      ; Module_OP:OP|altsyncram:altsyncram_component|altsyncram_49u3:auto_generated|sld_mod_ram_rom:mgl_prim2|ram_rom_data_reg[2]                                                   ; altera_reserved_tck ; altera_reserved_tck ; 100.000      ; -0.177     ; 1.845      ;
; 97.971 ; Module_OP:OP|altsyncram:altsyncram_component|altsyncram_49u3:auto_generated|altsyncram_5kr2:altsyncram1|ram_block3a0~portb_we_reg                                      ; Module_OP:OP|altsyncram:altsyncram_component|altsyncram_49u3:auto_generated|sld_mod_ram_rom:mgl_prim2|ram_rom_data_reg[1]                                                   ; altera_reserved_tck ; altera_reserved_tck ; 100.000      ; -0.177     ; 1.839      ;
; 97.972 ; Module_OP:OP|altsyncram:altsyncram_component|altsyncram_49u3:auto_generated|altsyncram_5kr2:altsyncram1|ram_block3a0~portb_we_reg                                      ; Module_OP:OP|altsyncram:altsyncram_component|altsyncram_49u3:auto_generated|sld_mod_ram_rom:mgl_prim2|ram_rom_data_reg[7]                                                   ; altera_reserved_tck ; altera_reserved_tck ; 100.000      ; -0.177     ; 1.838      ;
; 97.973 ; Module_OP:OP|altsyncram:altsyncram_component|altsyncram_49u3:auto_generated|altsyncram_5kr2:altsyncram1|ram_block3a0~portb_we_reg                                      ; Module_OP:OP|altsyncram:altsyncram_component|altsyncram_49u3:auto_generated|sld_mod_ram_rom:mgl_prim2|ram_rom_data_reg[5]                                                   ; altera_reserved_tck ; altera_reserved_tck ; 100.000      ; -0.177     ; 1.837      ;
; 97.974 ; Module_OP:OP|altsyncram:altsyncram_component|altsyncram_49u3:auto_generated|altsyncram_5kr2:altsyncram1|ram_block3a0~portb_we_reg                                      ; Module_OP:OP|altsyncram:altsyncram_component|altsyncram_49u3:auto_generated|sld_mod_ram_rom:mgl_prim2|ram_rom_data_reg[0]                                                   ; altera_reserved_tck ; altera_reserved_tck ; 100.000      ; -0.177     ; 1.836      ;
; 97.986 ; sld_hub:auto_hub|sld_jtag_hub:\jtag_hub_gen:sld_jtag_hub_inst|virtual_ir_scan_reg                                                                                      ; sld_hub:auto_hub|sld_jtag_hub:\jtag_hub_gen:sld_jtag_hub_inst|sld_rom_sr:hub_info_reg|word_counter[1]                                                                       ; altera_reserved_tck ; altera_reserved_tck ; 100.000      ; -0.039     ; 1.962      ;
; 97.986 ; sld_hub:auto_hub|sld_jtag_hub:\jtag_hub_gen:sld_jtag_hub_inst|virtual_ir_scan_reg                                                                                      ; sld_hub:auto_hub|sld_jtag_hub:\jtag_hub_gen:sld_jtag_hub_inst|sld_rom_sr:hub_info_reg|word_counter[4]                                                                       ; altera_reserved_tck ; altera_reserved_tck ; 100.000      ; -0.039     ; 1.962      ;
; 97.986 ; sld_hub:auto_hub|sld_jtag_hub:\jtag_hub_gen:sld_jtag_hub_inst|virtual_ir_scan_reg                                                                                      ; sld_hub:auto_hub|sld_jtag_hub:\jtag_hub_gen:sld_jtag_hub_inst|sld_rom_sr:hub_info_reg|word_counter[0]                                                                       ; altera_reserved_tck ; altera_reserved_tck ; 100.000      ; -0.039     ; 1.962      ;
; 97.986 ; sld_hub:auto_hub|sld_jtag_hub:\jtag_hub_gen:sld_jtag_hub_inst|virtual_ir_scan_reg                                                                                      ; sld_hub:auto_hub|sld_jtag_hub:\jtag_hub_gen:sld_jtag_hub_inst|sld_rom_sr:hub_info_reg|word_counter[2]                                                                       ; altera_reserved_tck ; altera_reserved_tck ; 100.000      ; -0.039     ; 1.962      ;
; 97.986 ; sld_hub:auto_hub|sld_jtag_hub:\jtag_hub_gen:sld_jtag_hub_inst|virtual_ir_scan_reg                                                                                      ; sld_hub:auto_hub|sld_jtag_hub:\jtag_hub_gen:sld_jtag_hub_inst|sld_rom_sr:hub_info_reg|word_counter[3]                                                                       ; altera_reserved_tck ; altera_reserved_tck ; 100.000      ; -0.039     ; 1.962      ;
; 97.987 ; Module_OP:OP|altsyncram:altsyncram_component|altsyncram_49u3:auto_generated|altsyncram_5kr2:altsyncram1|ram_block3a0~portb_we_reg                                      ; Module_OP:OP|altsyncram:altsyncram_component|altsyncram_49u3:auto_generated|sld_mod_ram_rom:mgl_prim2|ram_rom_data_reg[6]                                                   ; altera_reserved_tck ; altera_reserved_tck ; 100.000      ; -0.177     ; 1.823      ;
; 98.001 ; sld_hub:auto_hub|sld_jtag_hub:\jtag_hub_gen:sld_jtag_hub_inst|virtual_ir_scan_reg                                                                                      ; sld_hub:auto_hub|sld_jtag_hub:\jtag_hub_gen:sld_jtag_hub_inst|sld_rom_sr:hub_info_reg|WORD_SR[2]                                                                            ; altera_reserved_tck ; altera_reserved_tck ; 100.000      ; -0.039     ; 1.947      ;
; 98.001 ; sld_hub:auto_hub|sld_jtag_hub:\jtag_hub_gen:sld_jtag_hub_inst|virtual_ir_scan_reg                                                                                      ; sld_hub:auto_hub|sld_jtag_hub:\jtag_hub_gen:sld_jtag_hub_inst|sld_rom_sr:hub_info_reg|WORD_SR[3]                                                                            ; altera_reserved_tck ; altera_reserved_tck ; 100.000      ; -0.039     ; 1.947      ;
; 98.020 ; sld_hub:auto_hub|sld_jtag_hub:\jtag_hub_gen:sld_jtag_hub_inst|virtual_dr_scan_reg                                                                                      ; sld_hub:auto_hub|sld_jtag_hub:\jtag_hub_gen:sld_jtag_hub_inst|identity_contrib_update_reg[3]                                                                                ; altera_reserved_tck ; altera_reserved_tck ; 100.000      ; -0.040     ; 1.927      ;
; 98.020 ; sld_hub:auto_hub|sld_jtag_hub:\jtag_hub_gen:sld_jtag_hub_inst|virtual_dr_scan_reg                                                                                      ; sld_hub:auto_hub|sld_jtag_hub:\jtag_hub_gen:sld_jtag_hub_inst|identity_contrib_update_reg[2]                                                                                ; altera_reserved_tck ; altera_reserved_tck ; 100.000      ; -0.040     ; 1.927      ;
; 98.020 ; sld_hub:auto_hub|sld_jtag_hub:\jtag_hub_gen:sld_jtag_hub_inst|virtual_dr_scan_reg                                                                                      ; sld_hub:auto_hub|sld_jtag_hub:\jtag_hub_gen:sld_jtag_hub_inst|identity_contrib_update_reg[1]                                                                                ; altera_reserved_tck ; altera_reserved_tck ; 100.000      ; -0.040     ; 1.927      ;
; 98.020 ; sld_hub:auto_hub|sld_jtag_hub:\jtag_hub_gen:sld_jtag_hub_inst|virtual_dr_scan_reg                                                                                      ; sld_hub:auto_hub|sld_jtag_hub:\jtag_hub_gen:sld_jtag_hub_inst|identity_contrib_update_reg[0]                                                                                ; altera_reserved_tck ; altera_reserved_tck ; 100.000      ; -0.040     ; 1.927      ;
; 98.072 ; sld_hub:auto_hub|sld_jtag_hub:\jtag_hub_gen:sld_jtag_hub_inst|virtual_dr_scan_reg                                                                                      ; sld_hub:auto_hub|sld_jtag_hub:\jtag_hub_gen:sld_jtag_hub_inst|identity_contrib_shift_reg[3]                                                                                 ; altera_reserved_tck ; altera_reserved_tck ; 100.000      ; -0.040     ; 1.875      ;
; 98.072 ; sld_hub:auto_hub|sld_jtag_hub:\jtag_hub_gen:sld_jtag_hub_inst|virtual_dr_scan_reg                                                                                      ; sld_hub:auto_hub|sld_jtag_hub:\jtag_hub_gen:sld_jtag_hub_inst|identity_contrib_shift_reg[2]                                                                                 ; altera_reserved_tck ; altera_reserved_tck ; 100.000      ; -0.040     ; 1.875      ;
; 98.072 ; sld_hub:auto_hub|sld_jtag_hub:\jtag_hub_gen:sld_jtag_hub_inst|virtual_dr_scan_reg                                                                                      ; sld_hub:auto_hub|sld_jtag_hub:\jtag_hub_gen:sld_jtag_hub_inst|identity_contrib_shift_reg[1]                                                                                 ; altera_reserved_tck ; altera_reserved_tck ; 100.000      ; -0.040     ; 1.875      ;
; 98.072 ; sld_hub:auto_hub|sld_jtag_hub:\jtag_hub_gen:sld_jtag_hub_inst|virtual_dr_scan_reg                                                                                      ; sld_hub:auto_hub|sld_jtag_hub:\jtag_hub_gen:sld_jtag_hub_inst|identity_contrib_shift_reg[0]                                                                                 ; altera_reserved_tck ; altera_reserved_tck ; 100.000      ; -0.040     ; 1.875      ;
; 98.087 ; sld_hub:auto_hub|sld_jtag_hub:\jtag_hub_gen:sld_jtag_hub_inst|irsr_reg[5]                                                                                              ; sld_hub:auto_hub|sld_jtag_hub:\jtag_hub_gen:sld_jtag_hub_inst|node_ena[1]~reg0                                                                                              ; altera_reserved_tck ; altera_reserved_tck ; 100.000      ; -0.036     ; 1.864      ;
; 98.096 ; sld_hub:auto_hub|sld_jtag_hub:\jtag_hub_gen:sld_jtag_hub_inst|sld_shadow_jsm:shadow_jsm|state[4]                                                                       ; Module_OP:OP|altsyncram:altsyncram_component|altsyncram_49u3:auto_generated|sld_mod_ram_rom:mgl_prim2|sld_rom_sr:\ram_rom_logic_gen:no_name_gen:info_rom_sr|WORD_SR[0]      ; altera_reserved_tck ; altera_reserved_tck ; 100.000      ; -0.036     ; 1.855      ;
; 98.098 ; sld_hub:auto_hub|sld_jtag_hub:\jtag_hub_gen:sld_jtag_hub_inst|virtual_ir_scan_reg                                                                                      ; Module_OP:OP|altsyncram:altsyncram_component|altsyncram_49u3:auto_generated|sld_mod_ram_rom:mgl_prim2|ram_rom_data_reg[6]                                                   ; altera_reserved_tck ; altera_reserved_tck ; 100.000      ; -0.038     ; 1.851      ;
; 98.098 ; sld_hub:auto_hub|sld_jtag_hub:\jtag_hub_gen:sld_jtag_hub_inst|virtual_ir_scan_reg                                                                                      ; Module_OP:OP|altsyncram:altsyncram_component|altsyncram_49u3:auto_generated|sld_mod_ram_rom:mgl_prim2|ram_rom_data_reg[7]                                                   ; altera_reserved_tck ; altera_reserved_tck ; 100.000      ; -0.038     ; 1.851      ;
; 98.098 ; sld_hub:auto_hub|sld_jtag_hub:\jtag_hub_gen:sld_jtag_hub_inst|virtual_ir_scan_reg                                                                                      ; Module_OP:OP|altsyncram:altsyncram_component|altsyncram_49u3:auto_generated|sld_mod_ram_rom:mgl_prim2|ram_rom_data_reg[0]                                                   ; altera_reserved_tck ; altera_reserved_tck ; 100.000      ; -0.038     ; 1.851      ;
; 98.098 ; sld_hub:auto_hub|sld_jtag_hub:\jtag_hub_gen:sld_jtag_hub_inst|virtual_ir_scan_reg                                                                                      ; Module_OP:OP|altsyncram:altsyncram_component|altsyncram_49u3:auto_generated|sld_mod_ram_rom:mgl_prim2|ram_rom_data_reg[1]                                                   ; altera_reserved_tck ; altera_reserved_tck ; 100.000      ; -0.038     ; 1.851      ;
; 98.098 ; sld_hub:auto_hub|sld_jtag_hub:\jtag_hub_gen:sld_jtag_hub_inst|virtual_ir_scan_reg                                                                                      ; Module_OP:OP|altsyncram:altsyncram_component|altsyncram_49u3:auto_generated|sld_mod_ram_rom:mgl_prim2|ram_rom_data_reg[2]                                                   ; altera_reserved_tck ; altera_reserved_tck ; 100.000      ; -0.038     ; 1.851      ;
; 98.098 ; sld_hub:auto_hub|sld_jtag_hub:\jtag_hub_gen:sld_jtag_hub_inst|virtual_ir_scan_reg                                                                                      ; Module_OP:OP|altsyncram:altsyncram_component|altsyncram_49u3:auto_generated|sld_mod_ram_rom:mgl_prim2|ram_rom_data_reg[3]                                                   ; altera_reserved_tck ; altera_reserved_tck ; 100.000      ; -0.038     ; 1.851      ;
; 98.098 ; sld_hub:auto_hub|sld_jtag_hub:\jtag_hub_gen:sld_jtag_hub_inst|virtual_ir_scan_reg                                                                                      ; Module_OP:OP|altsyncram:altsyncram_component|altsyncram_49u3:auto_generated|sld_mod_ram_rom:mgl_prim2|ram_rom_data_reg[4]                                                   ; altera_reserved_tck ; altera_reserved_tck ; 100.000      ; -0.038     ; 1.851      ;
; 98.098 ; sld_hub:auto_hub|sld_jtag_hub:\jtag_hub_gen:sld_jtag_hub_inst|virtual_ir_scan_reg                                                                                      ; Module_OP:OP|altsyncram:altsyncram_component|altsyncram_49u3:auto_generated|sld_mod_ram_rom:mgl_prim2|ram_rom_data_reg[5]                                                   ; altera_reserved_tck ; altera_reserved_tck ; 100.000      ; -0.038     ; 1.851      ;
; 98.113 ; sld_hub:auto_hub|sld_jtag_hub:\jtag_hub_gen:sld_jtag_hub_inst|irsr_reg[1]                                                                                              ; sld_hub:auto_hub|sld_jtag_hub:\jtag_hub_gen:sld_jtag_hub_inst|identity_contrib_update_reg[3]                                                                                ; altera_reserved_tck ; altera_reserved_tck ; 100.000      ; -0.042     ; 1.832      ;
; 98.113 ; sld_hub:auto_hub|sld_jtag_hub:\jtag_hub_gen:sld_jtag_hub_inst|irsr_reg[1]                                                                                              ; sld_hub:auto_hub|sld_jtag_hub:\jtag_hub_gen:sld_jtag_hub_inst|identity_contrib_update_reg[2]                                                                                ; altera_reserved_tck ; altera_reserved_tck ; 100.000      ; -0.042     ; 1.832      ;
; 98.113 ; sld_hub:auto_hub|sld_jtag_hub:\jtag_hub_gen:sld_jtag_hub_inst|irsr_reg[1]                                                                                              ; sld_hub:auto_hub|sld_jtag_hub:\jtag_hub_gen:sld_jtag_hub_inst|identity_contrib_update_reg[1]                                                                                ; altera_reserved_tck ; altera_reserved_tck ; 100.000      ; -0.042     ; 1.832      ;
; 98.113 ; sld_hub:auto_hub|sld_jtag_hub:\jtag_hub_gen:sld_jtag_hub_inst|irsr_reg[1]                                                                                              ; sld_hub:auto_hub|sld_jtag_hub:\jtag_hub_gen:sld_jtag_hub_inst|identity_contrib_update_reg[0]                                                                                ; altera_reserved_tck ; altera_reserved_tck ; 100.000      ; -0.042     ; 1.832      ;
; 98.120 ; sld_hub:auto_hub|sld_jtag_hub:\jtag_hub_gen:sld_jtag_hub_inst|node_ena[1]~reg0                                                                                         ; Module_OP:OP|altsyncram:altsyncram_component|altsyncram_49u3:auto_generated|sld_mod_ram_rom:mgl_prim2|ram_rom_data_reg[6]                                                   ; altera_reserved_tck ; altera_reserved_tck ; 100.000      ; -0.037     ; 1.830      ;
; 98.120 ; sld_hub:auto_hub|sld_jtag_hub:\jtag_hub_gen:sld_jtag_hub_inst|node_ena[1]~reg0                                                                                         ; Module_OP:OP|altsyncram:altsyncram_component|altsyncram_49u3:auto_generated|sld_mod_ram_rom:mgl_prim2|ram_rom_data_reg[7]                                                   ; altera_reserved_tck ; altera_reserved_tck ; 100.000      ; -0.037     ; 1.830      ;
; 98.120 ; sld_hub:auto_hub|sld_jtag_hub:\jtag_hub_gen:sld_jtag_hub_inst|node_ena[1]~reg0                                                                                         ; Module_OP:OP|altsyncram:altsyncram_component|altsyncram_49u3:auto_generated|sld_mod_ram_rom:mgl_prim2|ram_rom_data_reg[0]                                                   ; altera_reserved_tck ; altera_reserved_tck ; 100.000      ; -0.037     ; 1.830      ;
; 98.120 ; sld_hub:auto_hub|sld_jtag_hub:\jtag_hub_gen:sld_jtag_hub_inst|node_ena[1]~reg0                                                                                         ; Module_OP:OP|altsyncram:altsyncram_component|altsyncram_49u3:auto_generated|sld_mod_ram_rom:mgl_prim2|ram_rom_data_reg[1]                                                   ; altera_reserved_tck ; altera_reserved_tck ; 100.000      ; -0.037     ; 1.830      ;
; 98.120 ; sld_hub:auto_hub|sld_jtag_hub:\jtag_hub_gen:sld_jtag_hub_inst|node_ena[1]~reg0                                                                                         ; Module_OP:OP|altsyncram:altsyncram_component|altsyncram_49u3:auto_generated|sld_mod_ram_rom:mgl_prim2|ram_rom_data_reg[2]                                                   ; altera_reserved_tck ; altera_reserved_tck ; 100.000      ; -0.037     ; 1.830      ;
; 98.120 ; sld_hub:auto_hub|sld_jtag_hub:\jtag_hub_gen:sld_jtag_hub_inst|node_ena[1]~reg0                                                                                         ; Module_OP:OP|altsyncram:altsyncram_component|altsyncram_49u3:auto_generated|sld_mod_ram_rom:mgl_prim2|ram_rom_data_reg[3]                                                   ; altera_reserved_tck ; altera_reserved_tck ; 100.000      ; -0.037     ; 1.830      ;
; 98.120 ; sld_hub:auto_hub|sld_jtag_hub:\jtag_hub_gen:sld_jtag_hub_inst|node_ena[1]~reg0                                                                                         ; Module_OP:OP|altsyncram:altsyncram_component|altsyncram_49u3:auto_generated|sld_mod_ram_rom:mgl_prim2|ram_rom_data_reg[4]                                                   ; altera_reserved_tck ; altera_reserved_tck ; 100.000      ; -0.037     ; 1.830      ;
; 98.120 ; sld_hub:auto_hub|sld_jtag_hub:\jtag_hub_gen:sld_jtag_hub_inst|node_ena[1]~reg0                                                                                         ; Module_OP:OP|altsyncram:altsyncram_component|altsyncram_49u3:auto_generated|sld_mod_ram_rom:mgl_prim2|ram_rom_data_reg[5]                                                   ; altera_reserved_tck ; altera_reserved_tck ; 100.000      ; -0.037     ; 1.830      ;
; 98.165 ; sld_hub:auto_hub|sld_jtag_hub:\jtag_hub_gen:sld_jtag_hub_inst|sld_shadow_jsm:shadow_jsm|state[8]                                                                       ; sld_hub:auto_hub|sld_jtag_hub:\jtag_hub_gen:sld_jtag_hub_inst|sld_rom_sr:hub_info_reg|word_counter[1]                                                                       ; altera_reserved_tck ; altera_reserved_tck ; 100.000      ; -0.038     ; 1.784      ;
; 98.165 ; sld_hub:auto_hub|sld_jtag_hub:\jtag_hub_gen:sld_jtag_hub_inst|sld_shadow_jsm:shadow_jsm|state[8]                                                                       ; sld_hub:auto_hub|sld_jtag_hub:\jtag_hub_gen:sld_jtag_hub_inst|sld_rom_sr:hub_info_reg|word_counter[4]                                                                       ; altera_reserved_tck ; altera_reserved_tck ; 100.000      ; -0.038     ; 1.784      ;
; 98.165 ; sld_hub:auto_hub|sld_jtag_hub:\jtag_hub_gen:sld_jtag_hub_inst|sld_shadow_jsm:shadow_jsm|state[8]                                                                       ; sld_hub:auto_hub|sld_jtag_hub:\jtag_hub_gen:sld_jtag_hub_inst|sld_rom_sr:hub_info_reg|word_counter[0]                                                                       ; altera_reserved_tck ; altera_reserved_tck ; 100.000      ; -0.038     ; 1.784      ;
; 98.165 ; sld_hub:auto_hub|sld_jtag_hub:\jtag_hub_gen:sld_jtag_hub_inst|sld_shadow_jsm:shadow_jsm|state[8]                                                                       ; sld_hub:auto_hub|sld_jtag_hub:\jtag_hub_gen:sld_jtag_hub_inst|sld_rom_sr:hub_info_reg|word_counter[2]                                                                       ; altera_reserved_tck ; altera_reserved_tck ; 100.000      ; -0.038     ; 1.784      ;
; 98.165 ; sld_hub:auto_hub|sld_jtag_hub:\jtag_hub_gen:sld_jtag_hub_inst|sld_shadow_jsm:shadow_jsm|state[8]                                                                       ; sld_hub:auto_hub|sld_jtag_hub:\jtag_hub_gen:sld_jtag_hub_inst|sld_rom_sr:hub_info_reg|word_counter[3]                                                                       ; altera_reserved_tck ; altera_reserved_tck ; 100.000      ; -0.038     ; 1.784      ;
; 98.165 ; sld_hub:auto_hub|sld_jtag_hub:\jtag_hub_gen:sld_jtag_hub_inst|irsr_reg[1]                                                                                              ; sld_hub:auto_hub|sld_jtag_hub:\jtag_hub_gen:sld_jtag_hub_inst|identity_contrib_shift_reg[3]                                                                                 ; altera_reserved_tck ; altera_reserved_tck ; 100.000      ; -0.042     ; 1.780      ;
; 98.165 ; sld_hub:auto_hub|sld_jtag_hub:\jtag_hub_gen:sld_jtag_hub_inst|irsr_reg[1]                                                                                              ; sld_hub:auto_hub|sld_jtag_hub:\jtag_hub_gen:sld_jtag_hub_inst|identity_contrib_shift_reg[2]                                                                                 ; altera_reserved_tck ; altera_reserved_tck ; 100.000      ; -0.042     ; 1.780      ;
; 98.165 ; sld_hub:auto_hub|sld_jtag_hub:\jtag_hub_gen:sld_jtag_hub_inst|irsr_reg[1]                                                                                              ; sld_hub:auto_hub|sld_jtag_hub:\jtag_hub_gen:sld_jtag_hub_inst|identity_contrib_shift_reg[1]                                                                                 ; altera_reserved_tck ; altera_reserved_tck ; 100.000      ; -0.042     ; 1.780      ;
; 98.165 ; sld_hub:auto_hub|sld_jtag_hub:\jtag_hub_gen:sld_jtag_hub_inst|irsr_reg[1]                                                                                              ; sld_hub:auto_hub|sld_jtag_hub:\jtag_hub_gen:sld_jtag_hub_inst|identity_contrib_shift_reg[0]                                                                                 ; altera_reserved_tck ; altera_reserved_tck ; 100.000      ; -0.042     ; 1.780      ;
; 98.167 ; sld_hub:auto_hub|sld_jtag_hub:\jtag_hub_gen:sld_jtag_hub_inst|virtual_ir_scan_reg                                                                                      ; sld_hub:auto_hub|sld_jtag_hub:\jtag_hub_gen:sld_jtag_hub_inst|mixer_addr_reg[0]                                                                                             ; altera_reserved_tck ; altera_reserved_tck ; 100.000      ; -0.040     ; 1.780      ;
; 98.167 ; sld_hub:auto_hub|sld_jtag_hub:\jtag_hub_gen:sld_jtag_hub_inst|virtual_ir_scan_reg                                                                                      ; sld_hub:auto_hub|sld_jtag_hub:\jtag_hub_gen:sld_jtag_hub_inst|mixer_addr_reg[4]                                                                                             ; altera_reserved_tck ; altera_reserved_tck ; 100.000      ; -0.040     ; 1.780      ;
; 98.167 ; sld_hub:auto_hub|sld_jtag_hub:\jtag_hub_gen:sld_jtag_hub_inst|virtual_ir_scan_reg                                                                                      ; sld_hub:auto_hub|sld_jtag_hub:\jtag_hub_gen:sld_jtag_hub_inst|mixer_addr_reg[1]                                                                                             ; altera_reserved_tck ; altera_reserved_tck ; 100.000      ; -0.040     ; 1.780      ;
; 98.167 ; sld_hub:auto_hub|sld_jtag_hub:\jtag_hub_gen:sld_jtag_hub_inst|virtual_ir_scan_reg                                                                                      ; sld_hub:auto_hub|sld_jtag_hub:\jtag_hub_gen:sld_jtag_hub_inst|mixer_addr_reg[2]                                                                                             ; altera_reserved_tck ; altera_reserved_tck ; 100.000      ; -0.040     ; 1.780      ;
; 98.167 ; sld_hub:auto_hub|sld_jtag_hub:\jtag_hub_gen:sld_jtag_hub_inst|virtual_ir_scan_reg                                                                                      ; sld_hub:auto_hub|sld_jtag_hub:\jtag_hub_gen:sld_jtag_hub_inst|mixer_addr_reg[3]                                                                                             ; altera_reserved_tck ; altera_reserved_tck ; 100.000      ; -0.040     ; 1.780      ;
; 98.174 ; sld_hub:auto_hub|sld_jtag_hub:\jtag_hub_gen:sld_jtag_hub_inst|virtual_ir_scan_reg                                                                                      ; Module_OP:OP|altsyncram:altsyncram_component|altsyncram_49u3:auto_generated|sld_mod_ram_rom:mgl_prim2|ram_rom_addr_reg[3]                                                   ; altera_reserved_tck ; altera_reserved_tck ; 100.000      ; -0.038     ; 1.775      ;
; 98.174 ; sld_hub:auto_hub|sld_jtag_hub:\jtag_hub_gen:sld_jtag_hub_inst|virtual_ir_scan_reg                                                                                      ; Module_OP:OP|altsyncram:altsyncram_component|altsyncram_49u3:auto_generated|sld_mod_ram_rom:mgl_prim2|ram_rom_addr_reg[4]                                                   ; altera_reserved_tck ; altera_reserved_tck ; 100.000      ; -0.038     ; 1.775      ;
; 98.174 ; sld_hub:auto_hub|sld_jtag_hub:\jtag_hub_gen:sld_jtag_hub_inst|virtual_ir_scan_reg                                                                                      ; Module_OP:OP|altsyncram:altsyncram_component|altsyncram_49u3:auto_generated|sld_mod_ram_rom:mgl_prim2|ram_rom_addr_reg[5]                                                   ; altera_reserved_tck ; altera_reserved_tck ; 100.000      ; -0.038     ; 1.775      ;
; 98.174 ; sld_hub:auto_hub|sld_jtag_hub:\jtag_hub_gen:sld_jtag_hub_inst|virtual_ir_scan_reg                                                                                      ; Module_OP:OP|altsyncram:altsyncram_component|altsyncram_49u3:auto_generated|sld_mod_ram_rom:mgl_prim2|ram_rom_addr_reg[6]                                                   ; altera_reserved_tck ; altera_reserved_tck ; 100.000      ; -0.038     ; 1.775      ;
+--------+------------------------------------------------------------------------------------------------------------------------------------------------------------------------+-----------------------------------------------------------------------------------------------------------------------------------------------------------------------------+---------------------+---------------------+--------------+------------+------------+


+--------------------------------------------------------------------------------------------------------------------------------------------------------------------------------------------------------------------------------------------------------------------------------------------------------------------------------------------------------------------------------------------------------------------------------------------------------+
; Fast 1200mV 0C Model Hold: 'altera_reserved_tck'                                                                                                                                                                                                                                                                                                                                                                                                       ;
+-------+-----------------------------------------------------------------------------------------------------------------------------------------------------------------------------+-----------------------------------------------------------------------------------------------------------------------------------------------------------------------------+---------------------+---------------------+--------------+------------+------------+
; Slack ; From Node                                                                                                                                                                   ; To Node                                                                                                                                                                     ; Launch Clock        ; Latch Clock         ; Relationship ; Clock Skew ; Data Delay ;
+-------+-----------------------------------------------------------------------------------------------------------------------------------------------------------------------------+-----------------------------------------------------------------------------------------------------------------------------------------------------------------------------+---------------------+---------------------+--------------+------------+------------+
; 0.185 ; sld_hub:auto_hub|sld_jtag_hub:\jtag_hub_gen:sld_jtag_hub_inst|irsr_reg[5]                                                                                                   ; sld_hub:auto_hub|sld_jtag_hub:\jtag_hub_gen:sld_jtag_hub_inst|irsr_reg[5]                                                                                                   ; altera_reserved_tck ; altera_reserved_tck ; 0.000        ; 0.038      ; 0.307      ;
; 0.185 ; sld_hub:auto_hub|sld_jtag_hub:\jtag_hub_gen:sld_jtag_hub_inst|hub_mode_reg[0]                                                                                               ; sld_hub:auto_hub|sld_jtag_hub:\jtag_hub_gen:sld_jtag_hub_inst|hub_mode_reg[0]                                                                                               ; altera_reserved_tck ; altera_reserved_tck ; 0.000        ; 0.038      ; 0.307      ;
; 0.185 ; sld_hub:auto_hub|sld_jtag_hub:\jtag_hub_gen:sld_jtag_hub_inst|node_ena[1]~reg0                                                                                              ; sld_hub:auto_hub|sld_jtag_hub:\jtag_hub_gen:sld_jtag_hub_inst|node_ena[1]~reg0                                                                                              ; altera_reserved_tck ; altera_reserved_tck ; 0.000        ; 0.038      ; 0.307      ;
; 0.185 ; sld_hub:auto_hub|sld_jtag_hub:\jtag_hub_gen:sld_jtag_hub_inst|hub_mode_reg[1]                                                                                               ; sld_hub:auto_hub|sld_jtag_hub:\jtag_hub_gen:sld_jtag_hub_inst|hub_mode_reg[1]                                                                                               ; altera_reserved_tck ; altera_reserved_tck ; 0.000        ; 0.038      ; 0.307      ;
; 0.185 ; Module_OP:OP|altsyncram:altsyncram_component|altsyncram_49u3:auto_generated|sld_mod_ram_rom:mgl_prim2|sld_rom_sr:\ram_rom_logic_gen:no_name_gen:info_rom_sr|word_counter[1] ; Module_OP:OP|altsyncram:altsyncram_component|altsyncram_49u3:auto_generated|sld_mod_ram_rom:mgl_prim2|sld_rom_sr:\ram_rom_logic_gen:no_name_gen:info_rom_sr|word_counter[1] ; altera_reserved_tck ; altera_reserved_tck ; 0.000        ; 0.038      ; 0.307      ;
; 0.185 ; Module_OP:OP|altsyncram:altsyncram_component|altsyncram_49u3:auto_generated|sld_mod_ram_rom:mgl_prim2|sld_rom_sr:\ram_rom_logic_gen:no_name_gen:info_rom_sr|word_counter[2] ; Module_OP:OP|altsyncram:altsyncram_component|altsyncram_49u3:auto_generated|sld_mod_ram_rom:mgl_prim2|sld_rom_sr:\ram_rom_logic_gen:no_name_gen:info_rom_sr|word_counter[2] ; altera_reserved_tck ; altera_reserved_tck ; 0.000        ; 0.038      ; 0.307      ;
; 0.185 ; Module_OP:OP|altsyncram:altsyncram_component|altsyncram_49u3:auto_generated|sld_mod_ram_rom:mgl_prim2|sld_rom_sr:\ram_rom_logic_gen:no_name_gen:info_rom_sr|word_counter[3] ; Module_OP:OP|altsyncram:altsyncram_component|altsyncram_49u3:auto_generated|sld_mod_ram_rom:mgl_prim2|sld_rom_sr:\ram_rom_logic_gen:no_name_gen:info_rom_sr|word_counter[3] ; altera_reserved_tck ; altera_reserved_tck ; 0.000        ; 0.038      ; 0.307      ;
; 0.185 ; Module_OP:OP|altsyncram:altsyncram_component|altsyncram_49u3:auto_generated|sld_mod_ram_rom:mgl_prim2|bypass_reg_out                                                        ; Module_OP:OP|altsyncram:altsyncram_component|altsyncram_49u3:auto_generated|sld_mod_ram_rom:mgl_prim2|bypass_reg_out                                                        ; altera_reserved_tck ; altera_reserved_tck ; 0.000        ; 0.038      ; 0.307      ;
; 0.185 ; sld_hub:auto_hub|sld_jtag_hub:\jtag_hub_gen:sld_jtag_hub_inst|tdo_bypass_reg                                                                                                ; sld_hub:auto_hub|sld_jtag_hub:\jtag_hub_gen:sld_jtag_hub_inst|tdo_bypass_reg                                                                                                ; altera_reserved_tck ; altera_reserved_tck ; 0.000        ; 0.038      ; 0.307      ;
; 0.185 ; Module_OP:OP|altsyncram:altsyncram_component|altsyncram_49u3:auto_generated|sld_mod_ram_rom:mgl_prim2|is_in_use_reg                                                         ; Module_OP:OP|altsyncram:altsyncram_component|altsyncram_49u3:auto_generated|sld_mod_ram_rom:mgl_prim2|is_in_use_reg                                                         ; altera_reserved_tck ; altera_reserved_tck ; 0.000        ; 0.038      ; 0.307      ;
; 0.185 ; sld_hub:auto_hub|sld_jtag_hub:\jtag_hub_gen:sld_jtag_hub_inst|sld_shadow_jsm:shadow_jsm|state[4]                                                                            ; sld_hub:auto_hub|sld_jtag_hub:\jtag_hub_gen:sld_jtag_hub_inst|sld_shadow_jsm:shadow_jsm|state[4]                                                                            ; altera_reserved_tck ; altera_reserved_tck ; 0.000        ; 0.038      ; 0.307      ;
; 0.185 ; sld_hub:auto_hub|sld_jtag_hub:\jtag_hub_gen:sld_jtag_hub_inst|sld_shadow_jsm:shadow_jsm|state[6]                                                                            ; sld_hub:auto_hub|sld_jtag_hub:\jtag_hub_gen:sld_jtag_hub_inst|sld_shadow_jsm:shadow_jsm|state[6]                                                                            ; altera_reserved_tck ; altera_reserved_tck ; 0.000        ; 0.038      ; 0.307      ;
; 0.185 ; sld_hub:auto_hub|sld_jtag_hub:\jtag_hub_gen:sld_jtag_hub_inst|sld_shadow_jsm:shadow_jsm|state[0]                                                                            ; sld_hub:auto_hub|sld_jtag_hub:\jtag_hub_gen:sld_jtag_hub_inst|sld_shadow_jsm:shadow_jsm|state[0]                                                                            ; altera_reserved_tck ; altera_reserved_tck ; 0.000        ; 0.038      ; 0.307      ;
; 0.185 ; sld_hub:auto_hub|sld_jtag_hub:\jtag_hub_gen:sld_jtag_hub_inst|sld_shadow_jsm:shadow_jsm|tms_cnt[2]                                                                          ; sld_hub:auto_hub|sld_jtag_hub:\jtag_hub_gen:sld_jtag_hub_inst|sld_shadow_jsm:shadow_jsm|tms_cnt[2]                                                                          ; altera_reserved_tck ; altera_reserved_tck ; 0.000        ; 0.038      ; 0.307      ;
; 0.185 ; sld_hub:auto_hub|sld_jtag_hub:\jtag_hub_gen:sld_jtag_hub_inst|sld_shadow_jsm:shadow_jsm|tms_cnt[1]                                                                          ; sld_hub:auto_hub|sld_jtag_hub:\jtag_hub_gen:sld_jtag_hub_inst|sld_shadow_jsm:shadow_jsm|tms_cnt[1]                                                                          ; altera_reserved_tck ; altera_reserved_tck ; 0.000        ; 0.038      ; 0.307      ;
; 0.186 ; Module_OP:OP|altsyncram:altsyncram_component|altsyncram_49u3:auto_generated|sld_mod_ram_rom:mgl_prim2|ram_rom_data_shift_cntr_reg[1]                                        ; Module_OP:OP|altsyncram:altsyncram_component|altsyncram_49u3:auto_generated|sld_mod_ram_rom:mgl_prim2|ram_rom_data_shift_cntr_reg[1]                                        ; altera_reserved_tck ; altera_reserved_tck ; 0.000        ; 0.037      ; 0.307      ;
; 0.186 ; Module_OP:OP|altsyncram:altsyncram_component|altsyncram_49u3:auto_generated|sld_mod_ram_rom:mgl_prim2|ram_rom_data_shift_cntr_reg[2]                                        ; Module_OP:OP|altsyncram:altsyncram_component|altsyncram_49u3:auto_generated|sld_mod_ram_rom:mgl_prim2|ram_rom_data_shift_cntr_reg[2]                                        ; altera_reserved_tck ; altera_reserved_tck ; 0.000        ; 0.037      ; 0.307      ;
; 0.186 ; Module_OP:OP|altsyncram:altsyncram_component|altsyncram_49u3:auto_generated|sld_mod_ram_rom:mgl_prim2|ram_rom_data_shift_cntr_reg[0]                                        ; Module_OP:OP|altsyncram:altsyncram_component|altsyncram_49u3:auto_generated|sld_mod_ram_rom:mgl_prim2|ram_rom_data_shift_cntr_reg[0]                                        ; altera_reserved_tck ; altera_reserved_tck ; 0.000        ; 0.037      ; 0.307      ;
; 0.186 ; sld_hub:auto_hub|sld_jtag_hub:\jtag_hub_gen:sld_jtag_hub_inst|hub_mode_reg[2]                                                                                               ; sld_hub:auto_hub|sld_jtag_hub:\jtag_hub_gen:sld_jtag_hub_inst|hub_mode_reg[2]                                                                                               ; altera_reserved_tck ; altera_reserved_tck ; 0.000        ; 0.037      ; 0.307      ;
; 0.186 ; sld_hub:auto_hub|sld_jtag_hub:\jtag_hub_gen:sld_jtag_hub_inst|sld_shadow_jsm:shadow_jsm|state[11]                                                                           ; sld_hub:auto_hub|sld_jtag_hub:\jtag_hub_gen:sld_jtag_hub_inst|sld_shadow_jsm:shadow_jsm|state[11]                                                                           ; altera_reserved_tck ; altera_reserved_tck ; 0.000        ; 0.037      ; 0.307      ;
; 0.186 ; sld_hub:auto_hub|sld_jtag_hub:\jtag_hub_gen:sld_jtag_hub_inst|sld_shadow_jsm:shadow_jsm|state[13]                                                                           ; sld_hub:auto_hub|sld_jtag_hub:\jtag_hub_gen:sld_jtag_hub_inst|sld_shadow_jsm:shadow_jsm|state[13]                                                                           ; altera_reserved_tck ; altera_reserved_tck ; 0.000        ; 0.037      ; 0.307      ;
; 0.186 ; sld_hub:auto_hub|sld_jtag_hub:\jtag_hub_gen:sld_jtag_hub_inst|sld_shadow_jsm:shadow_jsm|state[1]                                                                            ; sld_hub:auto_hub|sld_jtag_hub:\jtag_hub_gen:sld_jtag_hub_inst|sld_shadow_jsm:shadow_jsm|state[1]                                                                            ; altera_reserved_tck ; altera_reserved_tck ; 0.000        ; 0.037      ; 0.307      ;
; 0.191 ; sld_hub:auto_hub|sld_jtag_hub:\jtag_hub_gen:sld_jtag_hub_inst|hub_minor_ver_reg[2]                                                                                          ; sld_hub:auto_hub|sld_jtag_hub:\jtag_hub_gen:sld_jtag_hub_inst|hub_minor_ver_reg[1]                                                                                          ; altera_reserved_tck ; altera_reserved_tck ; 0.000        ; 0.038      ; 0.313      ;
; 0.192 ; Module_OP:OP|altsyncram:altsyncram_component|altsyncram_49u3:auto_generated|sld_mod_ram_rom:mgl_prim2|sld_rom_sr:\ram_rom_logic_gen:no_name_gen:info_rom_sr|word_counter[0] ; Module_OP:OP|altsyncram:altsyncram_component|altsyncram_49u3:auto_generated|sld_mod_ram_rom:mgl_prim2|sld_rom_sr:\ram_rom_logic_gen:no_name_gen:info_rom_sr|word_counter[0] ; altera_reserved_tck ; altera_reserved_tck ; 0.000        ; 0.038      ; 0.314      ;
; 0.192 ; sld_hub:auto_hub|sld_jtag_hub:\jtag_hub_gen:sld_jtag_hub_inst|hub_minor_ver_reg[3]                                                                                          ; sld_hub:auto_hub|sld_jtag_hub:\jtag_hub_gen:sld_jtag_hub_inst|hub_minor_ver_reg[2]                                                                                          ; altera_reserved_tck ; altera_reserved_tck ; 0.000        ; 0.038      ; 0.314      ;
; 0.192 ; sld_hub:auto_hub|sld_jtag_hub:\jtag_hub_gen:sld_jtag_hub_inst|sld_shadow_jsm:shadow_jsm|tms_cnt[0]                                                                          ; sld_hub:auto_hub|sld_jtag_hub:\jtag_hub_gen:sld_jtag_hub_inst|sld_shadow_jsm:shadow_jsm|tms_cnt[0]                                                                          ; altera_reserved_tck ; altera_reserved_tck ; 0.000        ; 0.038      ; 0.314      ;
; 0.193 ; sld_hub:auto_hub|sld_jtag_hub:\jtag_hub_gen:sld_jtag_hub_inst|identity_contrib_shift_reg[0]                                                                                 ; sld_hub:auto_hub|sld_jtag_hub:\jtag_hub_gen:sld_jtag_hub_inst|identity_contrib_update_reg[0]                                                                                ; altera_reserved_tck ; altera_reserved_tck ; 0.000        ; 0.037      ; 0.314      ;
; 0.193 ; sld_hub:auto_hub|sld_jtag_hub:\jtag_hub_gen:sld_jtag_hub_inst|sld_shadow_jsm:shadow_jsm|state[13]                                                                           ; sld_hub:auto_hub|sld_jtag_hub:\jtag_hub_gen:sld_jtag_hub_inst|sld_shadow_jsm:shadow_jsm|state[14]                                                                           ; altera_reserved_tck ; altera_reserved_tck ; 0.000        ; 0.037      ; 0.314      ;
; 0.193 ; sld_hub:auto_hub|sld_jtag_hub:\jtag_hub_gen:sld_jtag_hub_inst|hub_minor_ver_reg[1]                                                                                          ; sld_hub:auto_hub|sld_jtag_hub:\jtag_hub_gen:sld_jtag_hub_inst|hub_minor_ver_reg[0]                                                                                          ; altera_reserved_tck ; altera_reserved_tck ; 0.000        ; 0.038      ; 0.315      ;
; 0.193 ; sld_hub:auto_hub|sld_jtag_hub:\jtag_hub_gen:sld_jtag_hub_inst|hub_mode_reg[2]                                                                                               ; sld_hub:auto_hub|sld_jtag_hub:\jtag_hub_gen:sld_jtag_hub_inst|clr_reg                                                                                                       ; altera_reserved_tck ; altera_reserved_tck ; 0.000        ; 0.037      ; 0.314      ;
; 0.193 ; sld_hub:auto_hub|sld_jtag_hub:\jtag_hub_gen:sld_jtag_hub_inst|sld_shadow_jsm:shadow_jsm|state[6]                                                                            ; sld_hub:auto_hub|sld_jtag_hub:\jtag_hub_gen:sld_jtag_hub_inst|sld_shadow_jsm:shadow_jsm|state[7]                                                                            ; altera_reserved_tck ; altera_reserved_tck ; 0.000        ; 0.038      ; 0.315      ;
; 0.196 ; sld_hub:auto_hub|sld_jtag_hub:\jtag_hub_gen:sld_jtag_hub_inst|jtag_ir_reg[2]                                                                                                ; sld_hub:auto_hub|sld_jtag_hub:\jtag_hub_gen:sld_jtag_hub_inst|jtag_ir_reg[1]                                                                                                ; altera_reserved_tck ; altera_reserved_tck ; 0.000        ; 0.038      ; 0.318      ;
; 0.196 ; sld_hub:auto_hub|sld_jtag_hub:\jtag_hub_gen:sld_jtag_hub_inst|jtag_ir_reg[4]                                                                                                ; sld_hub:auto_hub|sld_jtag_hub:\jtag_hub_gen:sld_jtag_hub_inst|jtag_ir_reg[3]                                                                                                ; altera_reserved_tck ; altera_reserved_tck ; 0.000        ; 0.038      ; 0.318      ;
; 0.196 ; sld_hub:auto_hub|sld_jtag_hub:\jtag_hub_gen:sld_jtag_hub_inst|jtag_ir_reg[9]                                                                                                ; sld_hub:auto_hub|sld_jtag_hub:\jtag_hub_gen:sld_jtag_hub_inst|jtag_ir_reg[8]                                                                                                ; altera_reserved_tck ; altera_reserved_tck ; 0.000        ; 0.038      ; 0.318      ;
; 0.197 ; sld_hub:auto_hub|sld_jtag_hub:\jtag_hub_gen:sld_jtag_hub_inst|sld_shadow_jsm:shadow_jsm|state[14]                                                                           ; sld_hub:auto_hub|sld_jtag_hub:\jtag_hub_gen:sld_jtag_hub_inst|sld_shadow_jsm:shadow_jsm|state[15]                                                                           ; altera_reserved_tck ; altera_reserved_tck ; 0.000        ; 0.037      ; 0.318      ;
; 0.197 ; sld_hub:auto_hub|sld_jtag_hub:\jtag_hub_gen:sld_jtag_hub_inst|sld_shadow_jsm:shadow_jsm|tms_cnt[0]                                                                          ; sld_hub:auto_hub|sld_jtag_hub:\jtag_hub_gen:sld_jtag_hub_inst|sld_shadow_jsm:shadow_jsm|tms_cnt[2]                                                                          ; altera_reserved_tck ; altera_reserved_tck ; 0.000        ; 0.038      ; 0.319      ;
; 0.198 ; sld_hub:auto_hub|sld_jtag_hub:\jtag_hub_gen:sld_jtag_hub_inst|identity_contrib_shift_reg[2]                                                                                 ; sld_hub:auto_hub|sld_jtag_hub:\jtag_hub_gen:sld_jtag_hub_inst|identity_contrib_update_reg[2]                                                                                ; altera_reserved_tck ; altera_reserved_tck ; 0.000        ; 0.037      ; 0.319      ;
; 0.198 ; sld_hub:auto_hub|sld_jtag_hub:\jtag_hub_gen:sld_jtag_hub_inst|sld_shadow_jsm:shadow_jsm|tms_cnt[0]                                                                          ; sld_hub:auto_hub|sld_jtag_hub:\jtag_hub_gen:sld_jtag_hub_inst|sld_shadow_jsm:shadow_jsm|tms_cnt[1]                                                                          ; altera_reserved_tck ; altera_reserved_tck ; 0.000        ; 0.038      ; 0.320      ;
; 0.198 ; sld_hub:auto_hub|sld_jtag_hub:\jtag_hub_gen:sld_jtag_hub_inst|sld_shadow_jsm:shadow_jsm|state[12]                                                                           ; sld_hub:auto_hub|sld_jtag_hub:\jtag_hub_gen:sld_jtag_hub_inst|sld_shadow_jsm:shadow_jsm|state[13]                                                                           ; altera_reserved_tck ; altera_reserved_tck ; 0.000        ; 0.037      ; 0.319      ;
; 0.199 ; sld_hub:auto_hub|sld_jtag_hub:\jtag_hub_gen:sld_jtag_hub_inst|identity_contrib_shift_reg[2]                                                                                 ; sld_hub:auto_hub|sld_jtag_hub:\jtag_hub_gen:sld_jtag_hub_inst|identity_contrib_shift_reg[1]                                                                                 ; altera_reserved_tck ; altera_reserved_tck ; 0.000        ; 0.037      ; 0.320      ;
; 0.199 ; sld_hub:auto_hub|sld_jtag_hub:\jtag_hub_gen:sld_jtag_hub_inst|sld_shadow_jsm:shadow_jsm|state[10]                                                                           ; sld_hub:auto_hub|sld_jtag_hub:\jtag_hub_gen:sld_jtag_hub_inst|sld_shadow_jsm:shadow_jsm|state[11]                                                                           ; altera_reserved_tck ; altera_reserved_tck ; 0.000        ; 0.037      ; 0.320      ;
; 0.202 ; Module_OP:OP|altsyncram:altsyncram_component|altsyncram_49u3:auto_generated|sld_mod_ram_rom:mgl_prim2|sld_rom_sr:\ram_rom_logic_gen:no_name_gen:info_rom_sr|word_counter[2] ; Module_OP:OP|altsyncram:altsyncram_component|altsyncram_49u3:auto_generated|sld_mod_ram_rom:mgl_prim2|sld_rom_sr:\ram_rom_logic_gen:no_name_gen:info_rom_sr|word_counter[3] ; altera_reserved_tck ; altera_reserved_tck ; 0.000        ; 0.038      ; 0.324      ;
; 0.203 ; sld_hub:auto_hub|sld_jtag_hub:\jtag_hub_gen:sld_jtag_hub_inst|irsr_reg[4]                                                                                                   ; sld_hub:auto_hub|sld_jtag_hub:\jtag_hub_gen:sld_jtag_hub_inst|irf_reg[1][4]                                                                                                 ; altera_reserved_tck ; altera_reserved_tck ; 0.000        ; 0.038      ; 0.325      ;
; 0.206 ; Module_OP:OP|altsyncram:altsyncram_component|altsyncram_49u3:auto_generated|sld_mod_ram_rom:mgl_prim2|ram_rom_data_reg[4]                                                   ; Module_OP:OP|altsyncram:altsyncram_component|altsyncram_49u3:auto_generated|sld_mod_ram_rom:mgl_prim2|ram_rom_data_reg[3]                                                   ; altera_reserved_tck ; altera_reserved_tck ; 0.000        ; 0.037      ; 0.327      ;
; 0.207 ; sld_hub:auto_hub|sld_jtag_hub:\jtag_hub_gen:sld_jtag_hub_inst|jtag_ir_reg[3]                                                                                                ; sld_hub:auto_hub|sld_jtag_hub:\jtag_hub_gen:sld_jtag_hub_inst|jtag_ir_reg[2]                                                                                                ; altera_reserved_tck ; altera_reserved_tck ; 0.000        ; 0.038      ; 0.329      ;
; 0.208 ; Module_OP:OP|altsyncram:altsyncram_component|altsyncram_49u3:auto_generated|sld_mod_ram_rom:mgl_prim2|ram_rom_data_reg[0]                                                   ; Module_OP:OP|altsyncram:altsyncram_component|altsyncram_49u3:auto_generated|altsyncram_5kr2:altsyncram1|ram_block3a0~portb_datain_reg0                                      ; altera_reserved_tck ; altera_reserved_tck ; 0.000        ; 0.180      ; 0.492      ;
; 0.209 ; sld_hub:auto_hub|sld_jtag_hub:\jtag_hub_gen:sld_jtag_hub_inst|jtag_ir_reg[1]                                                                                                ; sld_hub:auto_hub|sld_jtag_hub:\jtag_hub_gen:sld_jtag_hub_inst|jtag_ir_reg[0]                                                                                                ; altera_reserved_tck ; altera_reserved_tck ; 0.000        ; 0.038      ; 0.331      ;
; 0.209 ; Module_OP:OP|altsyncram:altsyncram_component|altsyncram_49u3:auto_generated|sld_mod_ram_rom:mgl_prim2|ram_rom_data_shift_cntr_reg[2]                                        ; Module_OP:OP|altsyncram:altsyncram_component|altsyncram_49u3:auto_generated|sld_mod_ram_rom:mgl_prim2|ram_rom_data_shift_cntr_reg[0]                                        ; altera_reserved_tck ; altera_reserved_tck ; 0.000        ; 0.037      ; 0.330      ;
; 0.211 ; sld_hub:auto_hub|sld_jtag_hub:\jtag_hub_gen:sld_jtag_hub_inst|sld_rom_sr:hub_info_reg|word_counter[4]                                                                       ; sld_hub:auto_hub|sld_jtag_hub:\jtag_hub_gen:sld_jtag_hub_inst|sld_rom_sr:hub_info_reg|word_counter[4]                                                                       ; altera_reserved_tck ; altera_reserved_tck ; 0.000        ; 0.037      ; 0.332      ;
; 0.211 ; Module_OP:OP|altsyncram:altsyncram_component|altsyncram_49u3:auto_generated|sld_mod_ram_rom:mgl_prim2|ram_rom_addr_reg[7]                                                   ; Module_OP:OP|altsyncram:altsyncram_component|altsyncram_49u3:auto_generated|altsyncram_5kr2:altsyncram1|ram_block3a0~portb_address_reg0                                     ; altera_reserved_tck ; altera_reserved_tck ; 0.000        ; 0.177      ; 0.492      ;
; 0.212 ; Module_OP:OP|altsyncram:altsyncram_component|altsyncram_49u3:auto_generated|sld_mod_ram_rom:mgl_prim2|ram_rom_data_shift_cntr_reg[1]                                        ; Module_OP:OP|altsyncram:altsyncram_component|altsyncram_49u3:auto_generated|sld_mod_ram_rom:mgl_prim2|ram_rom_data_shift_cntr_reg[2]                                        ; altera_reserved_tck ; altera_reserved_tck ; 0.000        ; 0.037      ; 0.333      ;
; 0.213 ; Module_OP:OP|altsyncram:altsyncram_component|altsyncram_49u3:auto_generated|sld_mod_ram_rom:mgl_prim2|ram_rom_data_reg[6]                                                   ; Module_OP:OP|altsyncram:altsyncram_component|altsyncram_49u3:auto_generated|altsyncram_5kr2:altsyncram1|ram_block3a0~portb_datain_reg0                                      ; altera_reserved_tck ; altera_reserved_tck ; 0.000        ; 0.180      ; 0.497      ;
; 0.213 ; Module_OP:OP|altsyncram:altsyncram_component|altsyncram_49u3:auto_generated|sld_mod_ram_rom:mgl_prim2|ram_rom_addr_reg[5]                                                   ; Module_OP:OP|altsyncram:altsyncram_component|altsyncram_49u3:auto_generated|altsyncram_5kr2:altsyncram1|ram_block3a0~portb_address_reg0                                     ; altera_reserved_tck ; altera_reserved_tck ; 0.000        ; 0.177      ; 0.494      ;
; 0.214 ; Module_OP:OP|altsyncram:altsyncram_component|altsyncram_49u3:auto_generated|sld_mod_ram_rom:mgl_prim2|ram_rom_data_reg[5]                                                   ; Module_OP:OP|altsyncram:altsyncram_component|altsyncram_49u3:auto_generated|altsyncram_5kr2:altsyncram1|ram_block3a0~portb_datain_reg0                                      ; altera_reserved_tck ; altera_reserved_tck ; 0.000        ; 0.180      ; 0.498      ;
; 0.214 ; sld_hub:auto_hub|sld_jtag_hub:\jtag_hub_gen:sld_jtag_hub_inst|sld_shadow_jsm:shadow_jsm|state[4]                                                                            ; sld_hub:auto_hub|sld_jtag_hub:\jtag_hub_gen:sld_jtag_hub_inst|tdo_bypass_reg                                                                                                ; altera_reserved_tck ; altera_reserved_tck ; 0.000        ; 0.038      ; 0.336      ;
; 0.215 ; sld_hub:auto_hub|sld_jtag_hub:\jtag_hub_gen:sld_jtag_hub_inst|sld_shadow_jsm:shadow_jsm|state[4]                                                                            ; sld_hub:auto_hub|sld_jtag_hub:\jtag_hub_gen:sld_jtag_hub_inst|sld_shadow_jsm:shadow_jsm|state[5]                                                                            ; altera_reserved_tck ; altera_reserved_tck ; 0.000        ; 0.038      ; 0.337      ;
; 0.216 ; Module_OP:OP|altsyncram:altsyncram_component|altsyncram_49u3:auto_generated|sld_mod_ram_rom:mgl_prim2|sld_rom_sr:\ram_rom_logic_gen:no_name_gen:info_rom_sr|word_counter[0] ; Module_OP:OP|altsyncram:altsyncram_component|altsyncram_49u3:auto_generated|sld_mod_ram_rom:mgl_prim2|sld_rom_sr:\ram_rom_logic_gen:no_name_gen:info_rom_sr|word_counter[1] ; altera_reserved_tck ; altera_reserved_tck ; 0.000        ; 0.038      ; 0.338      ;
; 0.216 ; Module_OP:OP|altsyncram:altsyncram_component|altsyncram_49u3:auto_generated|sld_mod_ram_rom:mgl_prim2|sld_rom_sr:\ram_rom_logic_gen:no_name_gen:info_rom_sr|word_counter[0] ; Module_OP:OP|altsyncram:altsyncram_component|altsyncram_49u3:auto_generated|sld_mod_ram_rom:mgl_prim2|sld_rom_sr:\ram_rom_logic_gen:no_name_gen:info_rom_sr|word_counter[2] ; altera_reserved_tck ; altera_reserved_tck ; 0.000        ; 0.038      ; 0.338      ;
; 0.219 ; Module_OP:OP|altsyncram:altsyncram_component|altsyncram_49u3:auto_generated|sld_mod_ram_rom:mgl_prim2|ram_rom_addr_reg[3]                                                   ; Module_OP:OP|altsyncram:altsyncram_component|altsyncram_49u3:auto_generated|altsyncram_5kr2:altsyncram1|ram_block3a0~portb_address_reg0                                     ; altera_reserved_tck ; altera_reserved_tck ; 0.000        ; 0.177      ; 0.500      ;
; 0.220 ; Module_OP:OP|altsyncram:altsyncram_component|altsyncram_49u3:auto_generated|sld_mod_ram_rom:mgl_prim2|ram_rom_addr_reg[0]                                                   ; Module_OP:OP|altsyncram:altsyncram_component|altsyncram_49u3:auto_generated|altsyncram_5kr2:altsyncram1|ram_block3a0~portb_address_reg0                                     ; altera_reserved_tck ; altera_reserved_tck ; 0.000        ; 0.177      ; 0.501      ;
; 0.222 ; Module_OP:OP|altsyncram:altsyncram_component|altsyncram_49u3:auto_generated|sld_mod_ram_rom:mgl_prim2|ram_rom_data_reg[4]                                                   ; Module_OP:OP|altsyncram:altsyncram_component|altsyncram_49u3:auto_generated|altsyncram_5kr2:altsyncram1|ram_block3a0~portb_datain_reg0                                      ; altera_reserved_tck ; altera_reserved_tck ; 0.000        ; 0.180      ; 0.506      ;
; 0.222 ; Module_OP:OP|altsyncram:altsyncram_component|altsyncram_49u3:auto_generated|sld_mod_ram_rom:mgl_prim2|ram_rom_addr_reg[4]                                                   ; Module_OP:OP|altsyncram:altsyncram_component|altsyncram_49u3:auto_generated|altsyncram_5kr2:altsyncram1|ram_block3a0~portb_address_reg0                                     ; altera_reserved_tck ; altera_reserved_tck ; 0.000        ; 0.177      ; 0.503      ;
; 0.227 ; Module_OP:OP|altsyncram:altsyncram_component|altsyncram_49u3:auto_generated|sld_mod_ram_rom:mgl_prim2|ram_rom_data_reg[2]                                                   ; Module_OP:OP|altsyncram:altsyncram_component|altsyncram_49u3:auto_generated|altsyncram_5kr2:altsyncram1|ram_block3a0~portb_datain_reg0                                      ; altera_reserved_tck ; altera_reserved_tck ; 0.000        ; 0.180      ; 0.511      ;
; 0.229 ; Module_OP:OP|altsyncram:altsyncram_component|altsyncram_49u3:auto_generated|sld_mod_ram_rom:mgl_prim2|ram_rom_addr_reg[2]                                                   ; Module_OP:OP|altsyncram:altsyncram_component|altsyncram_49u3:auto_generated|altsyncram_5kr2:altsyncram1|ram_block3a0~portb_address_reg0                                     ; altera_reserved_tck ; altera_reserved_tck ; 0.000        ; 0.177      ; 0.510      ;
; 0.230 ; sld_hub:auto_hub|sld_jtag_hub:\jtag_hub_gen:sld_jtag_hub_inst|mixer_addr_reg[4]                                                                                             ; sld_hub:auto_hub|sld_jtag_hub:\jtag_hub_gen:sld_jtag_hub_inst|mixer_addr_reg[4]                                                                                             ; altera_reserved_tck ; altera_reserved_tck ; 0.000        ; 0.038      ; 0.352      ;
; 0.231 ; Module_OP:OP|altsyncram:altsyncram_component|altsyncram_49u3:auto_generated|sld_mod_ram_rom:mgl_prim2|ram_rom_addr_reg[6]                                                   ; Module_OP:OP|altsyncram:altsyncram_component|altsyncram_49u3:auto_generated|altsyncram_5kr2:altsyncram1|ram_block3a0~portb_address_reg0                                     ; altera_reserved_tck ; altera_reserved_tck ; 0.000        ; 0.177      ; 0.512      ;
; 0.236 ; Module_OP:OP|altsyncram:altsyncram_component|altsyncram_49u3:auto_generated|sld_mod_ram_rom:mgl_prim2|ram_rom_data_reg[7]                                                   ; Module_OP:OP|altsyncram:altsyncram_component|altsyncram_49u3:auto_generated|altsyncram_5kr2:altsyncram1|ram_block3a0~portb_datain_reg0                                      ; altera_reserved_tck ; altera_reserved_tck ; 0.000        ; 0.180      ; 0.520      ;
; 0.239 ; Module_OP:OP|altsyncram:altsyncram_component|altsyncram_49u3:auto_generated|sld_mod_ram_rom:mgl_prim2|ram_rom_data_reg[3]                                                   ; Module_OP:OP|altsyncram:altsyncram_component|altsyncram_49u3:auto_generated|altsyncram_5kr2:altsyncram1|ram_block3a0~portb_datain_reg0                                      ; altera_reserved_tck ; altera_reserved_tck ; 0.000        ; 0.180      ; 0.523      ;
; 0.240 ; Module_OP:OP|altsyncram:altsyncram_component|altsyncram_49u3:auto_generated|sld_mod_ram_rom:mgl_prim2|ram_rom_data_reg[1]                                                   ; Module_OP:OP|altsyncram:altsyncram_component|altsyncram_49u3:auto_generated|altsyncram_5kr2:altsyncram1|ram_block3a0~portb_datain_reg0                                      ; altera_reserved_tck ; altera_reserved_tck ; 0.000        ; 0.180      ; 0.524      ;
; 0.247 ; Module_OP:OP|altsyncram:altsyncram_component|altsyncram_49u3:auto_generated|sld_mod_ram_rom:mgl_prim2|ram_rom_addr_reg[1]                                                   ; Module_OP:OP|altsyncram:altsyncram_component|altsyncram_49u3:auto_generated|altsyncram_5kr2:altsyncram1|ram_block3a0~portb_address_reg0                                     ; altera_reserved_tck ; altera_reserved_tck ; 0.000        ; 0.177      ; 0.528      ;
; 0.254 ; Module_OP:OP|altsyncram:altsyncram_component|altsyncram_49u3:auto_generated|sld_mod_ram_rom:mgl_prim2|sld_rom_sr:\ram_rom_logic_gen:no_name_gen:info_rom_sr|WORD_SR[3]      ; Module_OP:OP|altsyncram:altsyncram_component|altsyncram_49u3:auto_generated|sld_mod_ram_rom:mgl_prim2|sld_rom_sr:\ram_rom_logic_gen:no_name_gen:info_rom_sr|WORD_SR[2]      ; altera_reserved_tck ; altera_reserved_tck ; 0.000        ; 0.038      ; 0.376      ;
; 0.261 ; sld_hub:auto_hub|sld_jtag_hub:\jtag_hub_gen:sld_jtag_hub_inst|identity_contrib_update_reg[2]                                                                                ; sld_hub:auto_hub|sld_jtag_hub:\jtag_hub_gen:sld_jtag_hub_inst|design_hash_reg[2]                                                                                            ; altera_reserved_tck ; altera_reserved_tck ; 0.000        ; 0.037      ; 0.382      ;
; 0.262 ; sld_hub:auto_hub|sld_jtag_hub:\jtag_hub_gen:sld_jtag_hub_inst|identity_contrib_update_reg[0]                                                                                ; sld_hub:auto_hub|sld_jtag_hub:\jtag_hub_gen:sld_jtag_hub_inst|design_hash_reg[0]                                                                                            ; altera_reserved_tck ; altera_reserved_tck ; 0.000        ; 0.037      ; 0.383      ;
; 0.263 ; Module_OP:OP|altsyncram:altsyncram_component|altsyncram_49u3:auto_generated|sld_mod_ram_rom:mgl_prim2|ram_rom_data_reg[5]                                                   ; Module_OP:OP|altsyncram:altsyncram_component|altsyncram_49u3:auto_generated|sld_mod_ram_rom:mgl_prim2|ram_rom_data_reg[4]                                                   ; altera_reserved_tck ; altera_reserved_tck ; 0.000        ; 0.037      ; 0.384      ;
; 0.264 ; sld_hub:auto_hub|sld_jtag_hub:\jtag_hub_gen:sld_jtag_hub_inst|jtag_ir_reg[0]                                                                                                ; sld_hub:auto_hub|sld_jtag_hub:\jtag_hub_gen:sld_jtag_hub_inst|virtual_ir_scan_reg                                                                                           ; altera_reserved_tck ; altera_reserved_tck ; 0.000        ; 0.038      ; 0.386      ;
; 0.265 ; Module_OP:OP|altsyncram:altsyncram_component|altsyncram_49u3:auto_generated|sld_mod_ram_rom:mgl_prim2|ram_rom_data_reg[2]                                                   ; Module_OP:OP|altsyncram:altsyncram_component|altsyncram_49u3:auto_generated|sld_mod_ram_rom:mgl_prim2|ram_rom_data_reg[1]                                                   ; altera_reserved_tck ; altera_reserved_tck ; 0.000        ; 0.037      ; 0.386      ;
; 0.266 ; sld_hub:auto_hub|sld_jtag_hub:\jtag_hub_gen:sld_jtag_hub_inst|sld_shadow_jsm:shadow_jsm|state[5]                                                                            ; sld_hub:auto_hub|sld_jtag_hub:\jtag_hub_gen:sld_jtag_hub_inst|reset_ena_reg                                                                                                 ; altera_reserved_tck ; altera_reserved_tck ; 0.000        ; 0.038      ; 0.388      ;
; 0.267 ; sld_hub:auto_hub|sld_jtag_hub:\jtag_hub_gen:sld_jtag_hub_inst|jtag_ir_reg[0]                                                                                                ; sld_hub:auto_hub|sld_jtag_hub:\jtag_hub_gen:sld_jtag_hub_inst|virtual_dr_scan_reg                                                                                           ; altera_reserved_tck ; altera_reserved_tck ; 0.000        ; 0.038      ; 0.389      ;
; 0.267 ; sld_hub:auto_hub|sld_jtag_hub:\jtag_hub_gen:sld_jtag_hub_inst|design_hash_reg[3]                                                                                            ; sld_hub:auto_hub|sld_jtag_hub:\jtag_hub_gen:sld_jtag_hub_inst|design_hash_reg[2]                                                                                            ; altera_reserved_tck ; altera_reserved_tck ; 0.000        ; 0.038      ; 0.389      ;
; 0.267 ; sld_hub:auto_hub|sld_jtag_hub:\jtag_hub_gen:sld_jtag_hub_inst|jtag_ir_reg[6]                                                                                                ; sld_hub:auto_hub|sld_jtag_hub:\jtag_hub_gen:sld_jtag_hub_inst|jtag_ir_reg[5]                                                                                                ; altera_reserved_tck ; altera_reserved_tck ; 0.000        ; 0.038      ; 0.389      ;
; 0.268 ; sld_hub:auto_hub|sld_jtag_hub:\jtag_hub_gen:sld_jtag_hub_inst|design_hash_reg[1]                                                                                            ; sld_hub:auto_hub|sld_jtag_hub:\jtag_hub_gen:sld_jtag_hub_inst|design_hash_reg[0]                                                                                            ; altera_reserved_tck ; altera_reserved_tck ; 0.000        ; 0.038      ; 0.390      ;
; 0.269 ; sld_hub:auto_hub|sld_jtag_hub:\jtag_hub_gen:sld_jtag_hub_inst|design_hash_reg[2]                                                                                            ; sld_hub:auto_hub|sld_jtag_hub:\jtag_hub_gen:sld_jtag_hub_inst|design_hash_reg[1]                                                                                            ; altera_reserved_tck ; altera_reserved_tck ; 0.000        ; 0.038      ; 0.391      ;
; 0.270 ; sld_hub:auto_hub|sld_jtag_hub:\jtag_hub_gen:sld_jtag_hub_inst|sld_shadow_jsm:shadow_jsm|state[7]                                                                            ; sld_hub:auto_hub|sld_jtag_hub:\jtag_hub_gen:sld_jtag_hub_inst|sld_shadow_jsm:shadow_jsm|state[4]                                                                            ; altera_reserved_tck ; altera_reserved_tck ; 0.000        ; 0.038      ; 0.392      ;
; 0.272 ; sld_hub:auto_hub|sld_jtag_hub:\jtag_hub_gen:sld_jtag_hub_inst|sld_shadow_jsm:shadow_jsm|state[7]                                                                            ; sld_hub:auto_hub|sld_jtag_hub:\jtag_hub_gen:sld_jtag_hub_inst|reset_ena_reg                                                                                                 ; altera_reserved_tck ; altera_reserved_tck ; 0.000        ; 0.038      ; 0.394      ;
; 0.274 ; sld_hub:auto_hub|sld_jtag_hub:\jtag_hub_gen:sld_jtag_hub_inst|identity_contrib_shift_reg[1]                                                                                 ; sld_hub:auto_hub|sld_jtag_hub:\jtag_hub_gen:sld_jtag_hub_inst|identity_contrib_shift_reg[0]                                                                                 ; altera_reserved_tck ; altera_reserved_tck ; 0.000        ; 0.037      ; 0.395      ;
; 0.274 ; sld_hub:auto_hub|sld_jtag_hub:\jtag_hub_gen:sld_jtag_hub_inst|identity_contrib_shift_reg[1]                                                                                 ; sld_hub:auto_hub|sld_jtag_hub:\jtag_hub_gen:sld_jtag_hub_inst|identity_contrib_update_reg[1]                                                                                ; altera_reserved_tck ; altera_reserved_tck ; 0.000        ; 0.037      ; 0.395      ;
; 0.274 ; sld_hub:auto_hub|sld_jtag_hub:\jtag_hub_gen:sld_jtag_hub_inst|jtag_ir_reg[7]                                                                                                ; sld_hub:auto_hub|sld_jtag_hub:\jtag_hub_gen:sld_jtag_hub_inst|jtag_ir_reg[6]                                                                                                ; altera_reserved_tck ; altera_reserved_tck ; 0.000        ; 0.038      ; 0.396      ;
; 0.279 ; sld_hub:auto_hub|sld_jtag_hub:\jtag_hub_gen:sld_jtag_hub_inst|jtag_ir_reg[8]                                                                                                ; sld_hub:auto_hub|sld_jtag_hub:\jtag_hub_gen:sld_jtag_hub_inst|jtag_ir_reg[7]                                                                                                ; altera_reserved_tck ; altera_reserved_tck ; 0.000        ; 0.038      ; 0.401      ;
; 0.281 ; sld_hub:auto_hub|sld_jtag_hub:\jtag_hub_gen:sld_jtag_hub_inst|irsr_reg[3]                                                                                                   ; sld_hub:auto_hub|sld_jtag_hub:\jtag_hub_gen:sld_jtag_hub_inst|irf_reg[1][3]                                                                                                 ; altera_reserved_tck ; altera_reserved_tck ; 0.000        ; 0.039      ; 0.404      ;
; 0.282 ; Module_OP:OP|altsyncram:altsyncram_component|altsyncram_49u3:auto_generated|sld_mod_ram_rom:mgl_prim2|ram_rom_addr_reg[2]                                                   ; Module_OP:OP|altsyncram:altsyncram_component|altsyncram_49u3:auto_generated|sld_mod_ram_rom:mgl_prim2|ram_rom_addr_reg[1]                                                   ; altera_reserved_tck ; altera_reserved_tck ; 0.000        ; 0.038      ; 0.404      ;
; 0.284 ; Module_OP:OP|altsyncram:altsyncram_component|altsyncram_49u3:auto_generated|sld_mod_ram_rom:mgl_prim2|ram_rom_addr_reg[6]                                                   ; Module_OP:OP|altsyncram:altsyncram_component|altsyncram_49u3:auto_generated|sld_mod_ram_rom:mgl_prim2|ram_rom_addr_reg[5]                                                   ; altera_reserved_tck ; altera_reserved_tck ; 0.000        ; 0.038      ; 0.406      ;
; 0.296 ; sld_hub:auto_hub|sld_jtag_hub:\jtag_hub_gen:sld_jtag_hub_inst|sld_shadow_jsm:shadow_jsm|tms_cnt[1]                                                                          ; sld_hub:auto_hub|sld_jtag_hub:\jtag_hub_gen:sld_jtag_hub_inst|sld_shadow_jsm:shadow_jsm|tms_cnt[2]                                                                          ; altera_reserved_tck ; altera_reserved_tck ; 0.000        ; 0.038      ; 0.418      ;
; 0.301 ; sld_hub:auto_hub|sld_jtag_hub:\jtag_hub_gen:sld_jtag_hub_inst|sld_shadow_jsm:shadow_jsm|state[1]                                                                            ; sld_hub:auto_hub|sld_jtag_hub:\jtag_hub_gen:sld_jtag_hub_inst|clr_reg                                                                                                       ; altera_reserved_tck ; altera_reserved_tck ; 0.000        ; 0.037      ; 0.422      ;
; 0.307 ; sld_hub:auto_hub|sld_jtag_hub:\jtag_hub_gen:sld_jtag_hub_inst|irsr_reg[2]                                                                                                   ; sld_hub:auto_hub|sld_jtag_hub:\jtag_hub_gen:sld_jtag_hub_inst|irsr_reg[1]                                                                                                   ; altera_reserved_tck ; altera_reserved_tck ; 0.000        ; 0.038      ; 0.429      ;
; 0.309 ; sld_hub:auto_hub|sld_jtag_hub:\jtag_hub_gen:sld_jtag_hub_inst|sld_rom_sr:hub_info_reg|word_counter[3]                                                                       ; sld_hub:auto_hub|sld_jtag_hub:\jtag_hub_gen:sld_jtag_hub_inst|sld_rom_sr:hub_info_reg|word_counter[3]                                                                       ; altera_reserved_tck ; altera_reserved_tck ; 0.000        ; 0.037      ; 0.430      ;
; 0.311 ; sld_hub:auto_hub|sld_jtag_hub:\jtag_hub_gen:sld_jtag_hub_inst|irsr_reg[1]                                                                                                   ; sld_hub:auto_hub|sld_jtag_hub:\jtag_hub_gen:sld_jtag_hub_inst|irsr_reg[0]                                                                                                   ; altera_reserved_tck ; altera_reserved_tck ; 0.000        ; 0.038      ; 0.433      ;
; 0.311 ; sld_hub:auto_hub|sld_jtag_hub:\jtag_hub_gen:sld_jtag_hub_inst|sld_shadow_jsm:shadow_jsm|state[5]                                                                            ; sld_hub:auto_hub|sld_jtag_hub:\jtag_hub_gen:sld_jtag_hub_inst|sld_shadow_jsm:shadow_jsm|state[6]                                                                            ; altera_reserved_tck ; altera_reserved_tck ; 0.000        ; 0.038      ; 0.433      ;
; 0.312 ; sld_hub:auto_hub|sld_jtag_hub:\jtag_hub_gen:sld_jtag_hub_inst|sld_shadow_jsm:shadow_jsm|state[10]                                                                           ; sld_hub:auto_hub|sld_jtag_hub:\jtag_hub_gen:sld_jtag_hub_inst|sld_shadow_jsm:shadow_jsm|state[12]                                                                           ; altera_reserved_tck ; altera_reserved_tck ; 0.000        ; 0.037      ; 0.433      ;
; 0.313 ; Module_OP:OP|altsyncram:altsyncram_component|altsyncram_49u3:auto_generated|sld_mod_ram_rom:mgl_prim2|ram_rom_addr_reg[6]                                                   ; Module_OP:OP|altsyncram:altsyncram_component|altsyncram_49u3:auto_generated|sld_mod_ram_rom:mgl_prim2|ram_rom_addr_reg[6]                                                   ; altera_reserved_tck ; altera_reserved_tck ; 0.000        ; 0.038      ; 0.435      ;
; 0.313 ; Module_OP:OP|altsyncram:altsyncram_component|altsyncram_49u3:auto_generated|sld_mod_ram_rom:mgl_prim2|ram_rom_addr_reg[2]                                                   ; Module_OP:OP|altsyncram:altsyncram_component|altsyncram_49u3:auto_generated|sld_mod_ram_rom:mgl_prim2|ram_rom_addr_reg[2]                                                   ; altera_reserved_tck ; altera_reserved_tck ; 0.000        ; 0.038      ; 0.435      ;
+-------+-----------------------------------------------------------------------------------------------------------------------------------------------------------------------------+-----------------------------------------------------------------------------------------------------------------------------------------------------------------------------+---------------------+---------------------+--------------+------------+------------+


+---------------------------------------------------------------------------------------------------------------------------------------------------------------------------------------------------------------------------------------------------------------------------------------------------------------------------------------+
; Fast 1200mV 0C Model Recovery: 'altera_reserved_tck'                                                                                                                                                                                                                                                                                  ;
+--------+--------------------------------------------------------------------------------------------------+--------------------------------------------------------------------------------------------------------------------------------------+---------------------+---------------------+--------------+------------+------------+
; Slack  ; From Node                                                                                        ; To Node                                                                                                                              ; Launch Clock        ; Latch Clock         ; Relationship ; Clock Skew ; Data Delay ;
+--------+--------------------------------------------------------------------------------------------------+--------------------------------------------------------------------------------------------------------------------------------------+---------------------+---------------------+--------------+------------+------------+
; 49.381 ; sld_hub:auto_hub|sld_jtag_hub:\jtag_hub_gen:sld_jtag_hub_inst|sld_shadow_jsm:shadow_jsm|state[8] ; sld_hub:auto_hub|sld_jtag_hub:\jtag_hub_gen:sld_jtag_hub_inst|tdo                                                                    ; altera_reserved_tck ; altera_reserved_tck ; 50.000       ; 0.333      ; 0.939      ;
; 98.363 ; sld_hub:auto_hub|sld_jtag_hub:\jtag_hub_gen:sld_jtag_hub_inst|irf_reg[1][4]                      ; Module_OP:OP|altsyncram:altsyncram_component|altsyncram_49u3:auto_generated|sld_mod_ram_rom:mgl_prim2|ir_loaded_address_reg[0]       ; altera_reserved_tck ; altera_reserved_tck ; 100.000      ; -0.039     ; 1.585      ;
; 98.363 ; sld_hub:auto_hub|sld_jtag_hub:\jtag_hub_gen:sld_jtag_hub_inst|irf_reg[1][4]                      ; Module_OP:OP|altsyncram:altsyncram_component|altsyncram_49u3:auto_generated|sld_mod_ram_rom:mgl_prim2|ir_loaded_address_reg[3]       ; altera_reserved_tck ; altera_reserved_tck ; 100.000      ; -0.039     ; 1.585      ;
; 98.363 ; sld_hub:auto_hub|sld_jtag_hub:\jtag_hub_gen:sld_jtag_hub_inst|irf_reg[1][4]                      ; Module_OP:OP|altsyncram:altsyncram_component|altsyncram_49u3:auto_generated|sld_mod_ram_rom:mgl_prim2|ir_loaded_address_reg[2]       ; altera_reserved_tck ; altera_reserved_tck ; 100.000      ; -0.039     ; 1.585      ;
; 98.363 ; sld_hub:auto_hub|sld_jtag_hub:\jtag_hub_gen:sld_jtag_hub_inst|irf_reg[1][4]                      ; Module_OP:OP|altsyncram:altsyncram_component|altsyncram_49u3:auto_generated|sld_mod_ram_rom:mgl_prim2|ir_loaded_address_reg[1]       ; altera_reserved_tck ; altera_reserved_tck ; 100.000      ; -0.039     ; 1.585      ;
; 98.598 ; sld_hub:auto_hub|sld_jtag_hub:\jtag_hub_gen:sld_jtag_hub_inst|irf_reg[1][0]                      ; Module_OP:OP|altsyncram:altsyncram_component|altsyncram_49u3:auto_generated|sld_mod_ram_rom:mgl_prim2|ir_loaded_address_reg[0]       ; altera_reserved_tck ; altera_reserved_tck ; 100.000      ; -0.038     ; 1.351      ;
; 98.598 ; sld_hub:auto_hub|sld_jtag_hub:\jtag_hub_gen:sld_jtag_hub_inst|irf_reg[1][0]                      ; Module_OP:OP|altsyncram:altsyncram_component|altsyncram_49u3:auto_generated|sld_mod_ram_rom:mgl_prim2|ir_loaded_address_reg[3]       ; altera_reserved_tck ; altera_reserved_tck ; 100.000      ; -0.038     ; 1.351      ;
; 98.598 ; sld_hub:auto_hub|sld_jtag_hub:\jtag_hub_gen:sld_jtag_hub_inst|irf_reg[1][0]                      ; Module_OP:OP|altsyncram:altsyncram_component|altsyncram_49u3:auto_generated|sld_mod_ram_rom:mgl_prim2|ir_loaded_address_reg[2]       ; altera_reserved_tck ; altera_reserved_tck ; 100.000      ; -0.038     ; 1.351      ;
; 98.598 ; sld_hub:auto_hub|sld_jtag_hub:\jtag_hub_gen:sld_jtag_hub_inst|irf_reg[1][0]                      ; Module_OP:OP|altsyncram:altsyncram_component|altsyncram_49u3:auto_generated|sld_mod_ram_rom:mgl_prim2|ir_loaded_address_reg[1]       ; altera_reserved_tck ; altera_reserved_tck ; 100.000      ; -0.038     ; 1.351      ;
; 98.848 ; sld_hub:auto_hub|sld_jtag_hub:\jtag_hub_gen:sld_jtag_hub_inst|irf_reg[1][3]                      ; Module_OP:OP|altsyncram:altsyncram_component|altsyncram_49u3:auto_generated|sld_mod_ram_rom:mgl_prim2|ram_rom_data_shift_cntr_reg[1] ; altera_reserved_tck ; altera_reserved_tck ; 100.000      ; -0.040     ; 1.099      ;
; 98.848 ; sld_hub:auto_hub|sld_jtag_hub:\jtag_hub_gen:sld_jtag_hub_inst|irf_reg[1][3]                      ; Module_OP:OP|altsyncram:altsyncram_component|altsyncram_49u3:auto_generated|sld_mod_ram_rom:mgl_prim2|ram_rom_data_shift_cntr_reg[2] ; altera_reserved_tck ; altera_reserved_tck ; 100.000      ; -0.040     ; 1.099      ;
; 98.848 ; sld_hub:auto_hub|sld_jtag_hub:\jtag_hub_gen:sld_jtag_hub_inst|irf_reg[1][3]                      ; Module_OP:OP|altsyncram:altsyncram_component|altsyncram_49u3:auto_generated|sld_mod_ram_rom:mgl_prim2|ram_rom_data_shift_cntr_reg[0] ; altera_reserved_tck ; altera_reserved_tck ; 100.000      ; -0.040     ; 1.099      ;
; 98.894 ; sld_hub:auto_hub|sld_jtag_hub:\jtag_hub_gen:sld_jtag_hub_inst|clr_reg                            ; Module_OP:OP|altsyncram:altsyncram_component|altsyncram_49u3:auto_generated|sld_mod_ram_rom:mgl_prim2|bypass_reg_out                 ; altera_reserved_tck ; altera_reserved_tck ; 100.000      ; -0.040     ; 1.053      ;
; 98.894 ; sld_hub:auto_hub|sld_jtag_hub:\jtag_hub_gen:sld_jtag_hub_inst|clr_reg                            ; Module_OP:OP|altsyncram:altsyncram_component|altsyncram_49u3:auto_generated|sld_mod_ram_rom:mgl_prim2|is_in_use_reg                  ; altera_reserved_tck ; altera_reserved_tck ; 100.000      ; -0.040     ; 1.053      ;
; 98.906 ; sld_hub:auto_hub|sld_jtag_hub:\jtag_hub_gen:sld_jtag_hub_inst|clr_reg                            ; sld_hub:auto_hub|sld_jtag_hub:\jtag_hub_gen:sld_jtag_hub_inst|irf_reg[1][2]                                                          ; altera_reserved_tck ; altera_reserved_tck ; 100.000      ; -0.036     ; 1.045      ;
; 98.906 ; sld_hub:auto_hub|sld_jtag_hub:\jtag_hub_gen:sld_jtag_hub_inst|clr_reg                            ; sld_hub:auto_hub|sld_jtag_hub:\jtag_hub_gen:sld_jtag_hub_inst|irf_reg[1][1]                                                          ; altera_reserved_tck ; altera_reserved_tck ; 100.000      ; -0.036     ; 1.045      ;
; 98.906 ; sld_hub:auto_hub|sld_jtag_hub:\jtag_hub_gen:sld_jtag_hub_inst|clr_reg                            ; sld_hub:auto_hub|sld_jtag_hub:\jtag_hub_gen:sld_jtag_hub_inst|irf_reg[1][0]                                                          ; altera_reserved_tck ; altera_reserved_tck ; 100.000      ; -0.036     ; 1.045      ;
; 98.923 ; sld_hub:auto_hub|sld_jtag_hub:\jtag_hub_gen:sld_jtag_hub_inst|clr_reg                            ; sld_hub:auto_hub|sld_jtag_hub:\jtag_hub_gen:sld_jtag_hub_inst|irsr_reg[5]                                                            ; altera_reserved_tck ; altera_reserved_tck ; 100.000      ; -0.040     ; 1.024      ;
; 98.932 ; sld_hub:auto_hub|sld_jtag_hub:\jtag_hub_gen:sld_jtag_hub_inst|clr_reg                            ; sld_hub:auto_hub|sld_jtag_hub:\jtag_hub_gen:sld_jtag_hub_inst|irsr_reg[3]                                                            ; altera_reserved_tck ; altera_reserved_tck ; 100.000      ; -0.036     ; 1.019      ;
; 99.009 ; sld_hub:auto_hub|sld_jtag_hub:\jtag_hub_gen:sld_jtag_hub_inst|clr_reg                            ; sld_hub:auto_hub|sld_jtag_hub:\jtag_hub_gen:sld_jtag_hub_inst|irsr_reg[2]                                                            ; altera_reserved_tck ; altera_reserved_tck ; 100.000      ; -0.035     ; 0.943      ;
; 99.009 ; sld_hub:auto_hub|sld_jtag_hub:\jtag_hub_gen:sld_jtag_hub_inst|clr_reg                            ; sld_hub:auto_hub|sld_jtag_hub:\jtag_hub_gen:sld_jtag_hub_inst|irsr_reg[0]                                                            ; altera_reserved_tck ; altera_reserved_tck ; 100.000      ; -0.035     ; 0.943      ;
; 99.009 ; sld_hub:auto_hub|sld_jtag_hub:\jtag_hub_gen:sld_jtag_hub_inst|clr_reg                            ; sld_hub:auto_hub|sld_jtag_hub:\jtag_hub_gen:sld_jtag_hub_inst|irsr_reg[1]                                                            ; altera_reserved_tck ; altera_reserved_tck ; 100.000      ; -0.035     ; 0.943      ;
; 99.009 ; sld_hub:auto_hub|sld_jtag_hub:\jtag_hub_gen:sld_jtag_hub_inst|clr_reg                            ; sld_hub:auto_hub|sld_jtag_hub:\jtag_hub_gen:sld_jtag_hub_inst|irsr_reg[4]                                                            ; altera_reserved_tck ; altera_reserved_tck ; 100.000      ; -0.035     ; 0.943      ;
; 99.009 ; sld_hub:auto_hub|sld_jtag_hub:\jtag_hub_gen:sld_jtag_hub_inst|clr_reg                            ; sld_hub:auto_hub|sld_jtag_hub:\jtag_hub_gen:sld_jtag_hub_inst|irf_reg[1][3]                                                          ; altera_reserved_tck ; altera_reserved_tck ; 100.000      ; -0.035     ; 0.943      ;
; 99.009 ; sld_hub:auto_hub|sld_jtag_hub:\jtag_hub_gen:sld_jtag_hub_inst|clr_reg                            ; sld_hub:auto_hub|sld_jtag_hub:\jtag_hub_gen:sld_jtag_hub_inst|irf_reg[1][4]                                                          ; altera_reserved_tck ; altera_reserved_tck ; 100.000      ; -0.035     ; 0.943      ;
; 99.049 ; sld_hub:auto_hub|sld_jtag_hub:\jtag_hub_gen:sld_jtag_hub_inst|sld_shadow_jsm:shadow_jsm|state[0] ; sld_hub:auto_hub|sld_jtag_hub:\jtag_hub_gen:sld_jtag_hub_inst|virtual_ir_scan_reg                                                    ; altera_reserved_tck ; altera_reserved_tck ; 100.000      ; -0.037     ; 0.901      ;
; 99.049 ; sld_hub:auto_hub|sld_jtag_hub:\jtag_hub_gen:sld_jtag_hub_inst|sld_shadow_jsm:shadow_jsm|state[0] ; sld_hub:auto_hub|sld_jtag_hub:\jtag_hub_gen:sld_jtag_hub_inst|virtual_dr_scan_reg                                                    ; altera_reserved_tck ; altera_reserved_tck ; 100.000      ; -0.037     ; 0.901      ;
; 99.049 ; sld_hub:auto_hub|sld_jtag_hub:\jtag_hub_gen:sld_jtag_hub_inst|sld_shadow_jsm:shadow_jsm|state[0] ; sld_hub:auto_hub|sld_jtag_hub:\jtag_hub_gen:sld_jtag_hub_inst|jtag_ir_reg[0]                                                         ; altera_reserved_tck ; altera_reserved_tck ; 100.000      ; -0.037     ; 0.901      ;
; 99.049 ; sld_hub:auto_hub|sld_jtag_hub:\jtag_hub_gen:sld_jtag_hub_inst|sld_shadow_jsm:shadow_jsm|state[0] ; sld_hub:auto_hub|sld_jtag_hub:\jtag_hub_gen:sld_jtag_hub_inst|jtag_ir_reg[1]                                                         ; altera_reserved_tck ; altera_reserved_tck ; 100.000      ; -0.037     ; 0.901      ;
; 99.049 ; sld_hub:auto_hub|sld_jtag_hub:\jtag_hub_gen:sld_jtag_hub_inst|sld_shadow_jsm:shadow_jsm|state[0] ; sld_hub:auto_hub|sld_jtag_hub:\jtag_hub_gen:sld_jtag_hub_inst|jtag_ir_reg[2]                                                         ; altera_reserved_tck ; altera_reserved_tck ; 100.000      ; -0.037     ; 0.901      ;
; 99.049 ; sld_hub:auto_hub|sld_jtag_hub:\jtag_hub_gen:sld_jtag_hub_inst|sld_shadow_jsm:shadow_jsm|state[0] ; sld_hub:auto_hub|sld_jtag_hub:\jtag_hub_gen:sld_jtag_hub_inst|jtag_ir_reg[3]                                                         ; altera_reserved_tck ; altera_reserved_tck ; 100.000      ; -0.037     ; 0.901      ;
; 99.049 ; sld_hub:auto_hub|sld_jtag_hub:\jtag_hub_gen:sld_jtag_hub_inst|sld_shadow_jsm:shadow_jsm|state[0] ; sld_hub:auto_hub|sld_jtag_hub:\jtag_hub_gen:sld_jtag_hub_inst|jtag_ir_reg[4]                                                         ; altera_reserved_tck ; altera_reserved_tck ; 100.000      ; -0.037     ; 0.901      ;
; 99.049 ; sld_hub:auto_hub|sld_jtag_hub:\jtag_hub_gen:sld_jtag_hub_inst|sld_shadow_jsm:shadow_jsm|state[0] ; sld_hub:auto_hub|sld_jtag_hub:\jtag_hub_gen:sld_jtag_hub_inst|jtag_ir_reg[5]                                                         ; altera_reserved_tck ; altera_reserved_tck ; 100.000      ; -0.037     ; 0.901      ;
; 99.049 ; sld_hub:auto_hub|sld_jtag_hub:\jtag_hub_gen:sld_jtag_hub_inst|sld_shadow_jsm:shadow_jsm|state[0] ; sld_hub:auto_hub|sld_jtag_hub:\jtag_hub_gen:sld_jtag_hub_inst|jtag_ir_reg[6]                                                         ; altera_reserved_tck ; altera_reserved_tck ; 100.000      ; -0.037     ; 0.901      ;
; 99.049 ; sld_hub:auto_hub|sld_jtag_hub:\jtag_hub_gen:sld_jtag_hub_inst|sld_shadow_jsm:shadow_jsm|state[0] ; sld_hub:auto_hub|sld_jtag_hub:\jtag_hub_gen:sld_jtag_hub_inst|jtag_ir_reg[7]                                                         ; altera_reserved_tck ; altera_reserved_tck ; 100.000      ; -0.037     ; 0.901      ;
; 99.049 ; sld_hub:auto_hub|sld_jtag_hub:\jtag_hub_gen:sld_jtag_hub_inst|sld_shadow_jsm:shadow_jsm|state[0] ; sld_hub:auto_hub|sld_jtag_hub:\jtag_hub_gen:sld_jtag_hub_inst|jtag_ir_reg[8]                                                         ; altera_reserved_tck ; altera_reserved_tck ; 100.000      ; -0.037     ; 0.901      ;
; 99.049 ; sld_hub:auto_hub|sld_jtag_hub:\jtag_hub_gen:sld_jtag_hub_inst|sld_shadow_jsm:shadow_jsm|state[0] ; sld_hub:auto_hub|sld_jtag_hub:\jtag_hub_gen:sld_jtag_hub_inst|jtag_ir_reg[9]                                                         ; altera_reserved_tck ; altera_reserved_tck ; 100.000      ; -0.037     ; 0.901      ;
; 99.078 ; sld_hub:auto_hub|sld_jtag_hub:\jtag_hub_gen:sld_jtag_hub_inst|irf_reg[1][0]                      ; Module_OP:OP|altsyncram:altsyncram_component|altsyncram_49u3:auto_generated|sld_mod_ram_rom:mgl_prim2|ram_rom_addr_reg[3]            ; altera_reserved_tck ; altera_reserved_tck ; 100.000      ; -0.039     ; 0.870      ;
; 99.078 ; sld_hub:auto_hub|sld_jtag_hub:\jtag_hub_gen:sld_jtag_hub_inst|irf_reg[1][0]                      ; Module_OP:OP|altsyncram:altsyncram_component|altsyncram_49u3:auto_generated|sld_mod_ram_rom:mgl_prim2|ram_rom_addr_reg[4]            ; altera_reserved_tck ; altera_reserved_tck ; 100.000      ; -0.039     ; 0.870      ;
; 99.078 ; sld_hub:auto_hub|sld_jtag_hub:\jtag_hub_gen:sld_jtag_hub_inst|irf_reg[1][0]                      ; Module_OP:OP|altsyncram:altsyncram_component|altsyncram_49u3:auto_generated|sld_mod_ram_rom:mgl_prim2|ram_rom_addr_reg[5]            ; altera_reserved_tck ; altera_reserved_tck ; 100.000      ; -0.039     ; 0.870      ;
; 99.078 ; sld_hub:auto_hub|sld_jtag_hub:\jtag_hub_gen:sld_jtag_hub_inst|irf_reg[1][0]                      ; Module_OP:OP|altsyncram:altsyncram_component|altsyncram_49u3:auto_generated|sld_mod_ram_rom:mgl_prim2|ram_rom_addr_reg[6]            ; altera_reserved_tck ; altera_reserved_tck ; 100.000      ; -0.039     ; 0.870      ;
; 99.078 ; sld_hub:auto_hub|sld_jtag_hub:\jtag_hub_gen:sld_jtag_hub_inst|irf_reg[1][0]                      ; Module_OP:OP|altsyncram:altsyncram_component|altsyncram_49u3:auto_generated|sld_mod_ram_rom:mgl_prim2|ram_rom_addr_reg[7]            ; altera_reserved_tck ; altera_reserved_tck ; 100.000      ; -0.039     ; 0.870      ;
; 99.078 ; sld_hub:auto_hub|sld_jtag_hub:\jtag_hub_gen:sld_jtag_hub_inst|irf_reg[1][0]                      ; Module_OP:OP|altsyncram:altsyncram_component|altsyncram_49u3:auto_generated|sld_mod_ram_rom:mgl_prim2|ram_rom_addr_reg[0]            ; altera_reserved_tck ; altera_reserved_tck ; 100.000      ; -0.039     ; 0.870      ;
; 99.078 ; sld_hub:auto_hub|sld_jtag_hub:\jtag_hub_gen:sld_jtag_hub_inst|irf_reg[1][0]                      ; Module_OP:OP|altsyncram:altsyncram_component|altsyncram_49u3:auto_generated|sld_mod_ram_rom:mgl_prim2|ram_rom_addr_reg[1]            ; altera_reserved_tck ; altera_reserved_tck ; 100.000      ; -0.039     ; 0.870      ;
; 99.078 ; sld_hub:auto_hub|sld_jtag_hub:\jtag_hub_gen:sld_jtag_hub_inst|irf_reg[1][0]                      ; Module_OP:OP|altsyncram:altsyncram_component|altsyncram_49u3:auto_generated|sld_mod_ram_rom:mgl_prim2|ram_rom_addr_reg[2]            ; altera_reserved_tck ; altera_reserved_tck ; 100.000      ; -0.039     ; 0.870      ;
; 99.086 ; sld_hub:auto_hub|sld_jtag_hub:\jtag_hub_gen:sld_jtag_hub_inst|clr_reg                            ; sld_hub:auto_hub|sld_jtag_hub:\jtag_hub_gen:sld_jtag_hub_inst|hub_mode_reg[0]                                                        ; altera_reserved_tck ; altera_reserved_tck ; 100.000      ; -0.038     ; 0.863      ;
; 99.086 ; sld_hub:auto_hub|sld_jtag_hub:\jtag_hub_gen:sld_jtag_hub_inst|clr_reg                            ; sld_hub:auto_hub|sld_jtag_hub:\jtag_hub_gen:sld_jtag_hub_inst|hub_mode_reg[1]                                                        ; altera_reserved_tck ; altera_reserved_tck ; 100.000      ; -0.038     ; 0.863      ;
; 99.150 ; sld_hub:auto_hub|sld_jtag_hub:\jtag_hub_gen:sld_jtag_hub_inst|virtual_ir_scan_reg                ; sld_hub:auto_hub|sld_jtag_hub:\jtag_hub_gen:sld_jtag_hub_inst|hub_mode_reg[2]                                                        ; altera_reserved_tck ; altera_reserved_tck ; 100.000      ; -0.038     ; 0.799      ;
; 99.200 ; sld_hub:auto_hub|sld_jtag_hub:\jtag_hub_gen:sld_jtag_hub_inst|clr_reg                            ; sld_hub:auto_hub|sld_jtag_hub:\jtag_hub_gen:sld_jtag_hub_inst|node_ena[1]~reg0                                                       ; altera_reserved_tck ; altera_reserved_tck ; 100.000      ; -0.038     ; 0.749      ;
+--------+--------------------------------------------------------------------------------------------------+--------------------------------------------------------------------------------------------------------------------------------------+---------------------+---------------------+--------------+------------+------------+


+---------------------------------------------------------------------------------------------------------------------------------------------------------------------------------------------------------------------------------------------------------------------------------------------------------------------------------------+
; Fast 1200mV 0C Model Removal: 'altera_reserved_tck'                                                                                                                                                                                                                                                                                   ;
+--------+--------------------------------------------------------------------------------------------------+--------------------------------------------------------------------------------------------------------------------------------------+---------------------+---------------------+--------------+------------+------------+
; Slack  ; From Node                                                                                        ; To Node                                                                                                                              ; Launch Clock        ; Latch Clock         ; Relationship ; Clock Skew ; Data Delay ;
+--------+--------------------------------------------------------------------------------------------------+--------------------------------------------------------------------------------------------------------------------------------------+---------------------+---------------------+--------------+------------+------------+
; 0.546  ; sld_hub:auto_hub|sld_jtag_hub:\jtag_hub_gen:sld_jtag_hub_inst|clr_reg                            ; sld_hub:auto_hub|sld_jtag_hub:\jtag_hub_gen:sld_jtag_hub_inst|node_ena[1]~reg0                                                       ; altera_reserved_tck ; altera_reserved_tck ; 0.000        ; 0.037      ; 0.667      ;
; 0.564  ; sld_hub:auto_hub|sld_jtag_hub:\jtag_hub_gen:sld_jtag_hub_inst|virtual_ir_scan_reg                ; sld_hub:auto_hub|sld_jtag_hub:\jtag_hub_gen:sld_jtag_hub_inst|hub_mode_reg[2]                                                        ; altera_reserved_tck ; altera_reserved_tck ; 0.000        ; 0.037      ; 0.685      ;
; 0.643  ; sld_hub:auto_hub|sld_jtag_hub:\jtag_hub_gen:sld_jtag_hub_inst|clr_reg                            ; sld_hub:auto_hub|sld_jtag_hub:\jtag_hub_gen:sld_jtag_hub_inst|hub_mode_reg[0]                                                        ; altera_reserved_tck ; altera_reserved_tck ; 0.000        ; 0.037      ; 0.764      ;
; 0.643  ; sld_hub:auto_hub|sld_jtag_hub:\jtag_hub_gen:sld_jtag_hub_inst|clr_reg                            ; sld_hub:auto_hub|sld_jtag_hub:\jtag_hub_gen:sld_jtag_hub_inst|hub_mode_reg[1]                                                        ; altera_reserved_tck ; altera_reserved_tck ; 0.000        ; 0.037      ; 0.764      ;
; 0.658  ; sld_hub:auto_hub|sld_jtag_hub:\jtag_hub_gen:sld_jtag_hub_inst|sld_shadow_jsm:shadow_jsm|state[0] ; sld_hub:auto_hub|sld_jtag_hub:\jtag_hub_gen:sld_jtag_hub_inst|virtual_ir_scan_reg                                                    ; altera_reserved_tck ; altera_reserved_tck ; 0.000        ; 0.039      ; 0.781      ;
; 0.658  ; sld_hub:auto_hub|sld_jtag_hub:\jtag_hub_gen:sld_jtag_hub_inst|sld_shadow_jsm:shadow_jsm|state[0] ; sld_hub:auto_hub|sld_jtag_hub:\jtag_hub_gen:sld_jtag_hub_inst|virtual_dr_scan_reg                                                    ; altera_reserved_tck ; altera_reserved_tck ; 0.000        ; 0.039      ; 0.781      ;
; 0.658  ; sld_hub:auto_hub|sld_jtag_hub:\jtag_hub_gen:sld_jtag_hub_inst|sld_shadow_jsm:shadow_jsm|state[0] ; sld_hub:auto_hub|sld_jtag_hub:\jtag_hub_gen:sld_jtag_hub_inst|jtag_ir_reg[0]                                                         ; altera_reserved_tck ; altera_reserved_tck ; 0.000        ; 0.039      ; 0.781      ;
; 0.658  ; sld_hub:auto_hub|sld_jtag_hub:\jtag_hub_gen:sld_jtag_hub_inst|sld_shadow_jsm:shadow_jsm|state[0] ; sld_hub:auto_hub|sld_jtag_hub:\jtag_hub_gen:sld_jtag_hub_inst|jtag_ir_reg[1]                                                         ; altera_reserved_tck ; altera_reserved_tck ; 0.000        ; 0.039      ; 0.781      ;
; 0.658  ; sld_hub:auto_hub|sld_jtag_hub:\jtag_hub_gen:sld_jtag_hub_inst|sld_shadow_jsm:shadow_jsm|state[0] ; sld_hub:auto_hub|sld_jtag_hub:\jtag_hub_gen:sld_jtag_hub_inst|jtag_ir_reg[2]                                                         ; altera_reserved_tck ; altera_reserved_tck ; 0.000        ; 0.039      ; 0.781      ;
; 0.658  ; sld_hub:auto_hub|sld_jtag_hub:\jtag_hub_gen:sld_jtag_hub_inst|sld_shadow_jsm:shadow_jsm|state[0] ; sld_hub:auto_hub|sld_jtag_hub:\jtag_hub_gen:sld_jtag_hub_inst|jtag_ir_reg[3]                                                         ; altera_reserved_tck ; altera_reserved_tck ; 0.000        ; 0.039      ; 0.781      ;
; 0.658  ; sld_hub:auto_hub|sld_jtag_hub:\jtag_hub_gen:sld_jtag_hub_inst|sld_shadow_jsm:shadow_jsm|state[0] ; sld_hub:auto_hub|sld_jtag_hub:\jtag_hub_gen:sld_jtag_hub_inst|jtag_ir_reg[4]                                                         ; altera_reserved_tck ; altera_reserved_tck ; 0.000        ; 0.039      ; 0.781      ;
; 0.658  ; sld_hub:auto_hub|sld_jtag_hub:\jtag_hub_gen:sld_jtag_hub_inst|sld_shadow_jsm:shadow_jsm|state[0] ; sld_hub:auto_hub|sld_jtag_hub:\jtag_hub_gen:sld_jtag_hub_inst|jtag_ir_reg[5]                                                         ; altera_reserved_tck ; altera_reserved_tck ; 0.000        ; 0.039      ; 0.781      ;
; 0.658  ; sld_hub:auto_hub|sld_jtag_hub:\jtag_hub_gen:sld_jtag_hub_inst|sld_shadow_jsm:shadow_jsm|state[0] ; sld_hub:auto_hub|sld_jtag_hub:\jtag_hub_gen:sld_jtag_hub_inst|jtag_ir_reg[6]                                                         ; altera_reserved_tck ; altera_reserved_tck ; 0.000        ; 0.039      ; 0.781      ;
; 0.658  ; sld_hub:auto_hub|sld_jtag_hub:\jtag_hub_gen:sld_jtag_hub_inst|sld_shadow_jsm:shadow_jsm|state[0] ; sld_hub:auto_hub|sld_jtag_hub:\jtag_hub_gen:sld_jtag_hub_inst|jtag_ir_reg[7]                                                         ; altera_reserved_tck ; altera_reserved_tck ; 0.000        ; 0.039      ; 0.781      ;
; 0.658  ; sld_hub:auto_hub|sld_jtag_hub:\jtag_hub_gen:sld_jtag_hub_inst|sld_shadow_jsm:shadow_jsm|state[0] ; sld_hub:auto_hub|sld_jtag_hub:\jtag_hub_gen:sld_jtag_hub_inst|jtag_ir_reg[8]                                                         ; altera_reserved_tck ; altera_reserved_tck ; 0.000        ; 0.039      ; 0.781      ;
; 0.658  ; sld_hub:auto_hub|sld_jtag_hub:\jtag_hub_gen:sld_jtag_hub_inst|sld_shadow_jsm:shadow_jsm|state[0] ; sld_hub:auto_hub|sld_jtag_hub:\jtag_hub_gen:sld_jtag_hub_inst|jtag_ir_reg[9]                                                         ; altera_reserved_tck ; altera_reserved_tck ; 0.000        ; 0.039      ; 0.781      ;
; 0.659  ; sld_hub:auto_hub|sld_jtag_hub:\jtag_hub_gen:sld_jtag_hub_inst|irf_reg[1][0]                      ; Module_OP:OP|altsyncram:altsyncram_component|altsyncram_49u3:auto_generated|sld_mod_ram_rom:mgl_prim2|ram_rom_addr_reg[3]            ; altera_reserved_tck ; altera_reserved_tck ; 0.000        ; 0.037      ; 0.780      ;
; 0.659  ; sld_hub:auto_hub|sld_jtag_hub:\jtag_hub_gen:sld_jtag_hub_inst|irf_reg[1][0]                      ; Module_OP:OP|altsyncram:altsyncram_component|altsyncram_49u3:auto_generated|sld_mod_ram_rom:mgl_prim2|ram_rom_addr_reg[4]            ; altera_reserved_tck ; altera_reserved_tck ; 0.000        ; 0.037      ; 0.780      ;
; 0.659  ; sld_hub:auto_hub|sld_jtag_hub:\jtag_hub_gen:sld_jtag_hub_inst|irf_reg[1][0]                      ; Module_OP:OP|altsyncram:altsyncram_component|altsyncram_49u3:auto_generated|sld_mod_ram_rom:mgl_prim2|ram_rom_addr_reg[5]            ; altera_reserved_tck ; altera_reserved_tck ; 0.000        ; 0.037      ; 0.780      ;
; 0.659  ; sld_hub:auto_hub|sld_jtag_hub:\jtag_hub_gen:sld_jtag_hub_inst|irf_reg[1][0]                      ; Module_OP:OP|altsyncram:altsyncram_component|altsyncram_49u3:auto_generated|sld_mod_ram_rom:mgl_prim2|ram_rom_addr_reg[6]            ; altera_reserved_tck ; altera_reserved_tck ; 0.000        ; 0.037      ; 0.780      ;
; 0.659  ; sld_hub:auto_hub|sld_jtag_hub:\jtag_hub_gen:sld_jtag_hub_inst|irf_reg[1][0]                      ; Module_OP:OP|altsyncram:altsyncram_component|altsyncram_49u3:auto_generated|sld_mod_ram_rom:mgl_prim2|ram_rom_addr_reg[7]            ; altera_reserved_tck ; altera_reserved_tck ; 0.000        ; 0.037      ; 0.780      ;
; 0.659  ; sld_hub:auto_hub|sld_jtag_hub:\jtag_hub_gen:sld_jtag_hub_inst|irf_reg[1][0]                      ; Module_OP:OP|altsyncram:altsyncram_component|altsyncram_49u3:auto_generated|sld_mod_ram_rom:mgl_prim2|ram_rom_addr_reg[0]            ; altera_reserved_tck ; altera_reserved_tck ; 0.000        ; 0.037      ; 0.780      ;
; 0.659  ; sld_hub:auto_hub|sld_jtag_hub:\jtag_hub_gen:sld_jtag_hub_inst|irf_reg[1][0]                      ; Module_OP:OP|altsyncram:altsyncram_component|altsyncram_49u3:auto_generated|sld_mod_ram_rom:mgl_prim2|ram_rom_addr_reg[1]            ; altera_reserved_tck ; altera_reserved_tck ; 0.000        ; 0.037      ; 0.780      ;
; 0.659  ; sld_hub:auto_hub|sld_jtag_hub:\jtag_hub_gen:sld_jtag_hub_inst|irf_reg[1][0]                      ; Module_OP:OP|altsyncram:altsyncram_component|altsyncram_49u3:auto_generated|sld_mod_ram_rom:mgl_prim2|ram_rom_addr_reg[2]            ; altera_reserved_tck ; altera_reserved_tck ; 0.000        ; 0.037      ; 0.780      ;
; 0.705  ; sld_hub:auto_hub|sld_jtag_hub:\jtag_hub_gen:sld_jtag_hub_inst|clr_reg                            ; sld_hub:auto_hub|sld_jtag_hub:\jtag_hub_gen:sld_jtag_hub_inst|irsr_reg[2]                                                            ; altera_reserved_tck ; altera_reserved_tck ; 0.000        ; 0.040      ; 0.829      ;
; 0.705  ; sld_hub:auto_hub|sld_jtag_hub:\jtag_hub_gen:sld_jtag_hub_inst|clr_reg                            ; sld_hub:auto_hub|sld_jtag_hub:\jtag_hub_gen:sld_jtag_hub_inst|irsr_reg[0]                                                            ; altera_reserved_tck ; altera_reserved_tck ; 0.000        ; 0.040      ; 0.829      ;
; 0.705  ; sld_hub:auto_hub|sld_jtag_hub:\jtag_hub_gen:sld_jtag_hub_inst|clr_reg                            ; sld_hub:auto_hub|sld_jtag_hub:\jtag_hub_gen:sld_jtag_hub_inst|irsr_reg[1]                                                            ; altera_reserved_tck ; altera_reserved_tck ; 0.000        ; 0.040      ; 0.829      ;
; 0.705  ; sld_hub:auto_hub|sld_jtag_hub:\jtag_hub_gen:sld_jtag_hub_inst|clr_reg                            ; sld_hub:auto_hub|sld_jtag_hub:\jtag_hub_gen:sld_jtag_hub_inst|irsr_reg[4]                                                            ; altera_reserved_tck ; altera_reserved_tck ; 0.000        ; 0.040      ; 0.829      ;
; 0.705  ; sld_hub:auto_hub|sld_jtag_hub:\jtag_hub_gen:sld_jtag_hub_inst|clr_reg                            ; sld_hub:auto_hub|sld_jtag_hub:\jtag_hub_gen:sld_jtag_hub_inst|irf_reg[1][3]                                                          ; altera_reserved_tck ; altera_reserved_tck ; 0.000        ; 0.040      ; 0.829      ;
; 0.705  ; sld_hub:auto_hub|sld_jtag_hub:\jtag_hub_gen:sld_jtag_hub_inst|clr_reg                            ; sld_hub:auto_hub|sld_jtag_hub:\jtag_hub_gen:sld_jtag_hub_inst|irf_reg[1][4]                                                          ; altera_reserved_tck ; altera_reserved_tck ; 0.000        ; 0.040      ; 0.829      ;
; 0.783  ; sld_hub:auto_hub|sld_jtag_hub:\jtag_hub_gen:sld_jtag_hub_inst|clr_reg                            ; sld_hub:auto_hub|sld_jtag_hub:\jtag_hub_gen:sld_jtag_hub_inst|irsr_reg[3]                                                            ; altera_reserved_tck ; altera_reserved_tck ; 0.000        ; 0.039      ; 0.906      ;
; 0.792  ; sld_hub:auto_hub|sld_jtag_hub:\jtag_hub_gen:sld_jtag_hub_inst|clr_reg                            ; sld_hub:auto_hub|sld_jtag_hub:\jtag_hub_gen:sld_jtag_hub_inst|irsr_reg[5]                                                            ; altera_reserved_tck ; altera_reserved_tck ; 0.000        ; 0.035      ; 0.911      ;
; 0.800  ; sld_hub:auto_hub|sld_jtag_hub:\jtag_hub_gen:sld_jtag_hub_inst|clr_reg                            ; sld_hub:auto_hub|sld_jtag_hub:\jtag_hub_gen:sld_jtag_hub_inst|irf_reg[1][2]                                                          ; altera_reserved_tck ; altera_reserved_tck ; 0.000        ; 0.039      ; 0.923      ;
; 0.800  ; sld_hub:auto_hub|sld_jtag_hub:\jtag_hub_gen:sld_jtag_hub_inst|clr_reg                            ; sld_hub:auto_hub|sld_jtag_hub:\jtag_hub_gen:sld_jtag_hub_inst|irf_reg[1][1]                                                          ; altera_reserved_tck ; altera_reserved_tck ; 0.000        ; 0.039      ; 0.923      ;
; 0.800  ; sld_hub:auto_hub|sld_jtag_hub:\jtag_hub_gen:sld_jtag_hub_inst|clr_reg                            ; sld_hub:auto_hub|sld_jtag_hub:\jtag_hub_gen:sld_jtag_hub_inst|irf_reg[1][0]                                                          ; altera_reserved_tck ; altera_reserved_tck ; 0.000        ; 0.039      ; 0.923      ;
; 0.808  ; sld_hub:auto_hub|sld_jtag_hub:\jtag_hub_gen:sld_jtag_hub_inst|clr_reg                            ; Module_OP:OP|altsyncram:altsyncram_component|altsyncram_49u3:auto_generated|sld_mod_ram_rom:mgl_prim2|bypass_reg_out                 ; altera_reserved_tck ; altera_reserved_tck ; 0.000        ; 0.035      ; 0.927      ;
; 0.808  ; sld_hub:auto_hub|sld_jtag_hub:\jtag_hub_gen:sld_jtag_hub_inst|clr_reg                            ; Module_OP:OP|altsyncram:altsyncram_component|altsyncram_49u3:auto_generated|sld_mod_ram_rom:mgl_prim2|is_in_use_reg                  ; altera_reserved_tck ; altera_reserved_tck ; 0.000        ; 0.035      ; 0.927      ;
; 0.840  ; sld_hub:auto_hub|sld_jtag_hub:\jtag_hub_gen:sld_jtag_hub_inst|irf_reg[1][3]                      ; Module_OP:OP|altsyncram:altsyncram_component|altsyncram_49u3:auto_generated|sld_mod_ram_rom:mgl_prim2|ram_rom_data_shift_cntr_reg[1] ; altera_reserved_tck ; altera_reserved_tck ; 0.000        ; 0.035      ; 0.959      ;
; 0.840  ; sld_hub:auto_hub|sld_jtag_hub:\jtag_hub_gen:sld_jtag_hub_inst|irf_reg[1][3]                      ; Module_OP:OP|altsyncram:altsyncram_component|altsyncram_49u3:auto_generated|sld_mod_ram_rom:mgl_prim2|ram_rom_data_shift_cntr_reg[2] ; altera_reserved_tck ; altera_reserved_tck ; 0.000        ; 0.035      ; 0.959      ;
; 0.840  ; sld_hub:auto_hub|sld_jtag_hub:\jtag_hub_gen:sld_jtag_hub_inst|irf_reg[1][3]                      ; Module_OP:OP|altsyncram:altsyncram_component|altsyncram_49u3:auto_generated|sld_mod_ram_rom:mgl_prim2|ram_rom_data_shift_cntr_reg[0] ; altera_reserved_tck ; altera_reserved_tck ; 0.000        ; 0.035      ; 0.959      ;
; 1.067  ; sld_hub:auto_hub|sld_jtag_hub:\jtag_hub_gen:sld_jtag_hub_inst|irf_reg[1][0]                      ; Module_OP:OP|altsyncram:altsyncram_component|altsyncram_49u3:auto_generated|sld_mod_ram_rom:mgl_prim2|ir_loaded_address_reg[0]       ; altera_reserved_tck ; altera_reserved_tck ; 0.000        ; 0.038      ; 1.189      ;
; 1.067  ; sld_hub:auto_hub|sld_jtag_hub:\jtag_hub_gen:sld_jtag_hub_inst|irf_reg[1][0]                      ; Module_OP:OP|altsyncram:altsyncram_component|altsyncram_49u3:auto_generated|sld_mod_ram_rom:mgl_prim2|ir_loaded_address_reg[3]       ; altera_reserved_tck ; altera_reserved_tck ; 0.000        ; 0.038      ; 1.189      ;
; 1.067  ; sld_hub:auto_hub|sld_jtag_hub:\jtag_hub_gen:sld_jtag_hub_inst|irf_reg[1][0]                      ; Module_OP:OP|altsyncram:altsyncram_component|altsyncram_49u3:auto_generated|sld_mod_ram_rom:mgl_prim2|ir_loaded_address_reg[2]       ; altera_reserved_tck ; altera_reserved_tck ; 0.000        ; 0.038      ; 1.189      ;
; 1.067  ; sld_hub:auto_hub|sld_jtag_hub:\jtag_hub_gen:sld_jtag_hub_inst|irf_reg[1][0]                      ; Module_OP:OP|altsyncram:altsyncram_component|altsyncram_49u3:auto_generated|sld_mod_ram_rom:mgl_prim2|ir_loaded_address_reg[1]       ; altera_reserved_tck ; altera_reserved_tck ; 0.000        ; 0.038      ; 1.189      ;
; 1.252  ; sld_hub:auto_hub|sld_jtag_hub:\jtag_hub_gen:sld_jtag_hub_inst|irf_reg[1][4]                      ; Module_OP:OP|altsyncram:altsyncram_component|altsyncram_49u3:auto_generated|sld_mod_ram_rom:mgl_prim2|ir_loaded_address_reg[0]       ; altera_reserved_tck ; altera_reserved_tck ; 0.000        ; 0.037      ; 1.373      ;
; 1.252  ; sld_hub:auto_hub|sld_jtag_hub:\jtag_hub_gen:sld_jtag_hub_inst|irf_reg[1][4]                      ; Module_OP:OP|altsyncram:altsyncram_component|altsyncram_49u3:auto_generated|sld_mod_ram_rom:mgl_prim2|ir_loaded_address_reg[3]       ; altera_reserved_tck ; altera_reserved_tck ; 0.000        ; 0.037      ; 1.373      ;
; 1.252  ; sld_hub:auto_hub|sld_jtag_hub:\jtag_hub_gen:sld_jtag_hub_inst|irf_reg[1][4]                      ; Module_OP:OP|altsyncram:altsyncram_component|altsyncram_49u3:auto_generated|sld_mod_ram_rom:mgl_prim2|ir_loaded_address_reg[2]       ; altera_reserved_tck ; altera_reserved_tck ; 0.000        ; 0.037      ; 1.373      ;
; 1.252  ; sld_hub:auto_hub|sld_jtag_hub:\jtag_hub_gen:sld_jtag_hub_inst|irf_reg[1][4]                      ; Module_OP:OP|altsyncram:altsyncram_component|altsyncram_49u3:auto_generated|sld_mod_ram_rom:mgl_prim2|ir_loaded_address_reg[1]       ; altera_reserved_tck ; altera_reserved_tck ; 0.000        ; 0.037      ; 1.373      ;
; 50.313 ; sld_hub:auto_hub|sld_jtag_hub:\jtag_hub_gen:sld_jtag_hub_inst|sld_shadow_jsm:shadow_jsm|state[8] ; sld_hub:auto_hub|sld_jtag_hub:\jtag_hub_gen:sld_jtag_hub_inst|tdo                                                                    ; altera_reserved_tck ; altera_reserved_tck ; -50.000      ; 0.411      ; 0.828      ;
+--------+--------------------------------------------------------------------------------------------------+--------------------------------------------------------------------------------------------------------------------------------------+---------------------+---------------------+--------------+------------+------------+


+----------------------------------------------------------------------------------------------------------------------------------------------------------------------------------------------------------------------------------------------------------------------------+
; Fast 1200mV 0C Model Minimum Pulse Width: 'altera_reserved_tck'                                                                                                                                                                                                            ;
+--------+--------------+----------------+------------------+---------------------+------------+-----------------------------------------------------------------------------------------------------------------------------------------------------------------------------+
; Slack  ; Actual Width ; Required Width ; Type             ; Clock               ; Clock Edge ; Target                                                                                                                                                                      ;
+--------+--------------+----------------+------------------+---------------------+------------+-----------------------------------------------------------------------------------------------------------------------------------------------------------------------------+
; 49.398 ; 49.628       ; 0.230          ; Low Pulse Width  ; altera_reserved_tck ; Rise       ; Module_OP:OP|altsyncram:altsyncram_component|altsyncram_49u3:auto_generated|altsyncram_5kr2:altsyncram1|ram_block3a0~portb_address_reg0                                     ;
; 49.398 ; 49.628       ; 0.230          ; Low Pulse Width  ; altera_reserved_tck ; Rise       ; Module_OP:OP|altsyncram:altsyncram_component|altsyncram_49u3:auto_generated|altsyncram_5kr2:altsyncram1|ram_block3a0~portb_we_reg                                           ;
; 49.400 ; 49.630       ; 0.230          ; Low Pulse Width  ; altera_reserved_tck ; Rise       ; Module_OP:OP|altsyncram:altsyncram_component|altsyncram_49u3:auto_generated|altsyncram_5kr2:altsyncram1|ram_block3a0~portb_datain_reg0                                      ;
; 49.416 ; 49.632       ; 0.216          ; High Pulse Width ; altera_reserved_tck ; Fall       ; sld_hub:auto_hub|sld_jtag_hub:\jtag_hub_gen:sld_jtag_hub_inst|tdo                                                                                                           ;
; 49.458 ; 49.642       ; 0.184          ; Low Pulse Width  ; altera_reserved_tck ; Rise       ; Module_OP:OP|altsyncram:altsyncram_component|altsyncram_49u3:auto_generated|sld_mod_ram_rom:mgl_prim2|ram_rom_data_reg[0]                                                   ;
; 49.458 ; 49.642       ; 0.184          ; Low Pulse Width  ; altera_reserved_tck ; Rise       ; Module_OP:OP|altsyncram:altsyncram_component|altsyncram_49u3:auto_generated|sld_mod_ram_rom:mgl_prim2|ram_rom_data_reg[1]                                                   ;
; 49.458 ; 49.642       ; 0.184          ; Low Pulse Width  ; altera_reserved_tck ; Rise       ; Module_OP:OP|altsyncram:altsyncram_component|altsyncram_49u3:auto_generated|sld_mod_ram_rom:mgl_prim2|ram_rom_data_reg[2]                                                   ;
; 49.458 ; 49.642       ; 0.184          ; Low Pulse Width  ; altera_reserved_tck ; Rise       ; Module_OP:OP|altsyncram:altsyncram_component|altsyncram_49u3:auto_generated|sld_mod_ram_rom:mgl_prim2|ram_rom_data_reg[3]                                                   ;
; 49.458 ; 49.642       ; 0.184          ; Low Pulse Width  ; altera_reserved_tck ; Rise       ; Module_OP:OP|altsyncram:altsyncram_component|altsyncram_49u3:auto_generated|sld_mod_ram_rom:mgl_prim2|ram_rom_data_reg[4]                                                   ;
; 49.458 ; 49.642       ; 0.184          ; Low Pulse Width  ; altera_reserved_tck ; Rise       ; Module_OP:OP|altsyncram:altsyncram_component|altsyncram_49u3:auto_generated|sld_mod_ram_rom:mgl_prim2|ram_rom_data_reg[5]                                                   ;
; 49.458 ; 49.642       ; 0.184          ; Low Pulse Width  ; altera_reserved_tck ; Rise       ; Module_OP:OP|altsyncram:altsyncram_component|altsyncram_49u3:auto_generated|sld_mod_ram_rom:mgl_prim2|ram_rom_data_reg[6]                                                   ;
; 49.458 ; 49.642       ; 0.184          ; Low Pulse Width  ; altera_reserved_tck ; Rise       ; Module_OP:OP|altsyncram:altsyncram_component|altsyncram_49u3:auto_generated|sld_mod_ram_rom:mgl_prim2|ram_rom_data_reg[7]                                                   ;
; 49.458 ; 49.642       ; 0.184          ; Low Pulse Width  ; altera_reserved_tck ; Rise       ; Module_OP:OP|altsyncram:altsyncram_component|altsyncram_49u3:auto_generated|sld_mod_ram_rom:mgl_prim2|ram_rom_data_shift_cntr_reg[0]                                        ;
; 49.458 ; 49.642       ; 0.184          ; Low Pulse Width  ; altera_reserved_tck ; Rise       ; Module_OP:OP|altsyncram:altsyncram_component|altsyncram_49u3:auto_generated|sld_mod_ram_rom:mgl_prim2|ram_rom_data_shift_cntr_reg[1]                                        ;
; 49.458 ; 49.642       ; 0.184          ; Low Pulse Width  ; altera_reserved_tck ; Rise       ; Module_OP:OP|altsyncram:altsyncram_component|altsyncram_49u3:auto_generated|sld_mod_ram_rom:mgl_prim2|ram_rom_data_shift_cntr_reg[2]                                        ;
; 49.459 ; 49.643       ; 0.184          ; Low Pulse Width  ; altera_reserved_tck ; Rise       ; Module_OP:OP|altsyncram:altsyncram_component|altsyncram_49u3:auto_generated|sld_mod_ram_rom:mgl_prim2|ir_loaded_address_reg[0]                                              ;
; 49.459 ; 49.643       ; 0.184          ; Low Pulse Width  ; altera_reserved_tck ; Rise       ; Module_OP:OP|altsyncram:altsyncram_component|altsyncram_49u3:auto_generated|sld_mod_ram_rom:mgl_prim2|ir_loaded_address_reg[1]                                              ;
; 49.459 ; 49.643       ; 0.184          ; Low Pulse Width  ; altera_reserved_tck ; Rise       ; Module_OP:OP|altsyncram:altsyncram_component|altsyncram_49u3:auto_generated|sld_mod_ram_rom:mgl_prim2|ir_loaded_address_reg[2]                                              ;
; 49.459 ; 49.643       ; 0.184          ; Low Pulse Width  ; altera_reserved_tck ; Rise       ; Module_OP:OP|altsyncram:altsyncram_component|altsyncram_49u3:auto_generated|sld_mod_ram_rom:mgl_prim2|ir_loaded_address_reg[3]                                              ;
; 49.459 ; 49.643       ; 0.184          ; Low Pulse Width  ; altera_reserved_tck ; Rise       ; Module_OP:OP|altsyncram:altsyncram_component|altsyncram_49u3:auto_generated|sld_mod_ram_rom:mgl_prim2|ram_rom_addr_reg[0]                                                   ;
; 49.459 ; 49.643       ; 0.184          ; Low Pulse Width  ; altera_reserved_tck ; Rise       ; Module_OP:OP|altsyncram:altsyncram_component|altsyncram_49u3:auto_generated|sld_mod_ram_rom:mgl_prim2|ram_rom_addr_reg[1]                                                   ;
; 49.459 ; 49.643       ; 0.184          ; Low Pulse Width  ; altera_reserved_tck ; Rise       ; Module_OP:OP|altsyncram:altsyncram_component|altsyncram_49u3:auto_generated|sld_mod_ram_rom:mgl_prim2|ram_rom_addr_reg[2]                                                   ;
; 49.459 ; 49.643       ; 0.184          ; Low Pulse Width  ; altera_reserved_tck ; Rise       ; Module_OP:OP|altsyncram:altsyncram_component|altsyncram_49u3:auto_generated|sld_mod_ram_rom:mgl_prim2|ram_rom_addr_reg[3]                                                   ;
; 49.459 ; 49.643       ; 0.184          ; Low Pulse Width  ; altera_reserved_tck ; Rise       ; Module_OP:OP|altsyncram:altsyncram_component|altsyncram_49u3:auto_generated|sld_mod_ram_rom:mgl_prim2|ram_rom_addr_reg[4]                                                   ;
; 49.459 ; 49.643       ; 0.184          ; Low Pulse Width  ; altera_reserved_tck ; Rise       ; Module_OP:OP|altsyncram:altsyncram_component|altsyncram_49u3:auto_generated|sld_mod_ram_rom:mgl_prim2|ram_rom_addr_reg[5]                                                   ;
; 49.459 ; 49.643       ; 0.184          ; Low Pulse Width  ; altera_reserved_tck ; Rise       ; Module_OP:OP|altsyncram:altsyncram_component|altsyncram_49u3:auto_generated|sld_mod_ram_rom:mgl_prim2|ram_rom_addr_reg[6]                                                   ;
; 49.459 ; 49.643       ; 0.184          ; Low Pulse Width  ; altera_reserved_tck ; Rise       ; Module_OP:OP|altsyncram:altsyncram_component|altsyncram_49u3:auto_generated|sld_mod_ram_rom:mgl_prim2|ram_rom_addr_reg[7]                                                   ;
; 49.459 ; 49.643       ; 0.184          ; Low Pulse Width  ; altera_reserved_tck ; Rise       ; Module_OP:OP|altsyncram:altsyncram_component|altsyncram_49u3:auto_generated|sld_mod_ram_rom:mgl_prim2|sld_rom_sr:\ram_rom_logic_gen:no_name_gen:info_rom_sr|WORD_SR[0]      ;
; 49.459 ; 49.643       ; 0.184          ; Low Pulse Width  ; altera_reserved_tck ; Rise       ; sld_hub:auto_hub|sld_jtag_hub:\jtag_hub_gen:sld_jtag_hub_inst|clr_reg                                                                                                       ;
; 49.459 ; 49.643       ; 0.184          ; Low Pulse Width  ; altera_reserved_tck ; Rise       ; sld_hub:auto_hub|sld_jtag_hub:\jtag_hub_gen:sld_jtag_hub_inst|hub_mode_reg[2]                                                                                               ;
; 49.459 ; 49.643       ; 0.184          ; Low Pulse Width  ; altera_reserved_tck ; Rise       ; sld_hub:auto_hub|sld_jtag_hub:\jtag_hub_gen:sld_jtag_hub_inst|identity_contrib_shift_reg[0]                                                                                 ;
; 49.459 ; 49.643       ; 0.184          ; Low Pulse Width  ; altera_reserved_tck ; Rise       ; sld_hub:auto_hub|sld_jtag_hub:\jtag_hub_gen:sld_jtag_hub_inst|identity_contrib_shift_reg[1]                                                                                 ;
; 49.459 ; 49.643       ; 0.184          ; Low Pulse Width  ; altera_reserved_tck ; Rise       ; sld_hub:auto_hub|sld_jtag_hub:\jtag_hub_gen:sld_jtag_hub_inst|identity_contrib_shift_reg[2]                                                                                 ;
; 49.459 ; 49.643       ; 0.184          ; Low Pulse Width  ; altera_reserved_tck ; Rise       ; sld_hub:auto_hub|sld_jtag_hub:\jtag_hub_gen:sld_jtag_hub_inst|identity_contrib_shift_reg[3]                                                                                 ;
; 49.459 ; 49.643       ; 0.184          ; Low Pulse Width  ; altera_reserved_tck ; Rise       ; sld_hub:auto_hub|sld_jtag_hub:\jtag_hub_gen:sld_jtag_hub_inst|identity_contrib_update_reg[0]                                                                                ;
; 49.459 ; 49.643       ; 0.184          ; Low Pulse Width  ; altera_reserved_tck ; Rise       ; sld_hub:auto_hub|sld_jtag_hub:\jtag_hub_gen:sld_jtag_hub_inst|identity_contrib_update_reg[1]                                                                                ;
; 49.459 ; 49.643       ; 0.184          ; Low Pulse Width  ; altera_reserved_tck ; Rise       ; sld_hub:auto_hub|sld_jtag_hub:\jtag_hub_gen:sld_jtag_hub_inst|identity_contrib_update_reg[2]                                                                                ;
; 49.459 ; 49.643       ; 0.184          ; Low Pulse Width  ; altera_reserved_tck ; Rise       ; sld_hub:auto_hub|sld_jtag_hub:\jtag_hub_gen:sld_jtag_hub_inst|identity_contrib_update_reg[3]                                                                                ;
; 49.459 ; 49.643       ; 0.184          ; Low Pulse Width  ; altera_reserved_tck ; Rise       ; sld_hub:auto_hub|sld_jtag_hub:\jtag_hub_gen:sld_jtag_hub_inst|irf_reg[1][0]                                                                                                 ;
; 49.459 ; 49.643       ; 0.184          ; Low Pulse Width  ; altera_reserved_tck ; Rise       ; sld_hub:auto_hub|sld_jtag_hub:\jtag_hub_gen:sld_jtag_hub_inst|irf_reg[1][1]                                                                                                 ;
; 49.459 ; 49.643       ; 0.184          ; Low Pulse Width  ; altera_reserved_tck ; Rise       ; sld_hub:auto_hub|sld_jtag_hub:\jtag_hub_gen:sld_jtag_hub_inst|irf_reg[1][2]                                                                                                 ;
; 49.459 ; 49.643       ; 0.184          ; Low Pulse Width  ; altera_reserved_tck ; Rise       ; sld_hub:auto_hub|sld_jtag_hub:\jtag_hub_gen:sld_jtag_hub_inst|irf_reg[1][3]                                                                                                 ;
; 49.459 ; 49.643       ; 0.184          ; Low Pulse Width  ; altera_reserved_tck ; Rise       ; sld_hub:auto_hub|sld_jtag_hub:\jtag_hub_gen:sld_jtag_hub_inst|irf_reg[1][4]                                                                                                 ;
; 49.459 ; 49.643       ; 0.184          ; Low Pulse Width  ; altera_reserved_tck ; Rise       ; sld_hub:auto_hub|sld_jtag_hub:\jtag_hub_gen:sld_jtag_hub_inst|irsr_reg[0]                                                                                                   ;
; 49.459 ; 49.643       ; 0.184          ; Low Pulse Width  ; altera_reserved_tck ; Rise       ; sld_hub:auto_hub|sld_jtag_hub:\jtag_hub_gen:sld_jtag_hub_inst|irsr_reg[1]                                                                                                   ;
; 49.459 ; 49.643       ; 0.184          ; Low Pulse Width  ; altera_reserved_tck ; Rise       ; sld_hub:auto_hub|sld_jtag_hub:\jtag_hub_gen:sld_jtag_hub_inst|irsr_reg[2]                                                                                                   ;
; 49.459 ; 49.643       ; 0.184          ; Low Pulse Width  ; altera_reserved_tck ; Rise       ; sld_hub:auto_hub|sld_jtag_hub:\jtag_hub_gen:sld_jtag_hub_inst|irsr_reg[3]                                                                                                   ;
; 49.459 ; 49.643       ; 0.184          ; Low Pulse Width  ; altera_reserved_tck ; Rise       ; sld_hub:auto_hub|sld_jtag_hub:\jtag_hub_gen:sld_jtag_hub_inst|irsr_reg[4]                                                                                                   ;
; 49.459 ; 49.643       ; 0.184          ; Low Pulse Width  ; altera_reserved_tck ; Rise       ; sld_hub:auto_hub|sld_jtag_hub:\jtag_hub_gen:sld_jtag_hub_inst|sld_rom_sr:hub_info_reg|WORD_SR[0]                                                                            ;
; 49.459 ; 49.643       ; 0.184          ; Low Pulse Width  ; altera_reserved_tck ; Rise       ; sld_hub:auto_hub|sld_jtag_hub:\jtag_hub_gen:sld_jtag_hub_inst|sld_rom_sr:hub_info_reg|WORD_SR[1]                                                                            ;
; 49.459 ; 49.643       ; 0.184          ; Low Pulse Width  ; altera_reserved_tck ; Rise       ; sld_hub:auto_hub|sld_jtag_hub:\jtag_hub_gen:sld_jtag_hub_inst|sld_rom_sr:hub_info_reg|WORD_SR[2]                                                                            ;
; 49.459 ; 49.643       ; 0.184          ; Low Pulse Width  ; altera_reserved_tck ; Rise       ; sld_hub:auto_hub|sld_jtag_hub:\jtag_hub_gen:sld_jtag_hub_inst|sld_rom_sr:hub_info_reg|WORD_SR[3]                                                                            ;
; 49.459 ; 49.643       ; 0.184          ; Low Pulse Width  ; altera_reserved_tck ; Rise       ; sld_hub:auto_hub|sld_jtag_hub:\jtag_hub_gen:sld_jtag_hub_inst|sld_rom_sr:hub_info_reg|word_counter[0]                                                                       ;
; 49.459 ; 49.643       ; 0.184          ; Low Pulse Width  ; altera_reserved_tck ; Rise       ; sld_hub:auto_hub|sld_jtag_hub:\jtag_hub_gen:sld_jtag_hub_inst|sld_rom_sr:hub_info_reg|word_counter[1]                                                                       ;
; 49.459 ; 49.643       ; 0.184          ; Low Pulse Width  ; altera_reserved_tck ; Rise       ; sld_hub:auto_hub|sld_jtag_hub:\jtag_hub_gen:sld_jtag_hub_inst|sld_rom_sr:hub_info_reg|word_counter[2]                                                                       ;
; 49.459 ; 49.643       ; 0.184          ; Low Pulse Width  ; altera_reserved_tck ; Rise       ; sld_hub:auto_hub|sld_jtag_hub:\jtag_hub_gen:sld_jtag_hub_inst|sld_rom_sr:hub_info_reg|word_counter[3]                                                                       ;
; 49.459 ; 49.643       ; 0.184          ; Low Pulse Width  ; altera_reserved_tck ; Rise       ; sld_hub:auto_hub|sld_jtag_hub:\jtag_hub_gen:sld_jtag_hub_inst|sld_rom_sr:hub_info_reg|word_counter[4]                                                                       ;
; 49.459 ; 49.643       ; 0.184          ; Low Pulse Width  ; altera_reserved_tck ; Rise       ; sld_hub:auto_hub|sld_jtag_hub:\jtag_hub_gen:sld_jtag_hub_inst|sld_shadow_jsm:shadow_jsm|state[10]                                                                           ;
; 49.459 ; 49.643       ; 0.184          ; Low Pulse Width  ; altera_reserved_tck ; Rise       ; sld_hub:auto_hub|sld_jtag_hub:\jtag_hub_gen:sld_jtag_hub_inst|sld_shadow_jsm:shadow_jsm|state[11]                                                                           ;
; 49.459 ; 49.643       ; 0.184          ; Low Pulse Width  ; altera_reserved_tck ; Rise       ; sld_hub:auto_hub|sld_jtag_hub:\jtag_hub_gen:sld_jtag_hub_inst|sld_shadow_jsm:shadow_jsm|state[12]                                                                           ;
; 49.459 ; 49.643       ; 0.184          ; Low Pulse Width  ; altera_reserved_tck ; Rise       ; sld_hub:auto_hub|sld_jtag_hub:\jtag_hub_gen:sld_jtag_hub_inst|sld_shadow_jsm:shadow_jsm|state[13]                                                                           ;
; 49.459 ; 49.643       ; 0.184          ; Low Pulse Width  ; altera_reserved_tck ; Rise       ; sld_hub:auto_hub|sld_jtag_hub:\jtag_hub_gen:sld_jtag_hub_inst|sld_shadow_jsm:shadow_jsm|state[14]                                                                           ;
; 49.459 ; 49.643       ; 0.184          ; Low Pulse Width  ; altera_reserved_tck ; Rise       ; sld_hub:auto_hub|sld_jtag_hub:\jtag_hub_gen:sld_jtag_hub_inst|sld_shadow_jsm:shadow_jsm|state[15]                                                                           ;
; 49.459 ; 49.643       ; 0.184          ; Low Pulse Width  ; altera_reserved_tck ; Rise       ; sld_hub:auto_hub|sld_jtag_hub:\jtag_hub_gen:sld_jtag_hub_inst|sld_shadow_jsm:shadow_jsm|state[1]                                                                            ;
; 49.459 ; 49.643       ; 0.184          ; Low Pulse Width  ; altera_reserved_tck ; Rise       ; sld_hub:auto_hub|sld_jtag_hub:\jtag_hub_gen:sld_jtag_hub_inst|sld_shadow_jsm:shadow_jsm|state[2]                                                                            ;
; 49.460 ; 49.644       ; 0.184          ; Low Pulse Width  ; altera_reserved_tck ; Rise       ; Module_OP:OP|altsyncram:altsyncram_component|altsyncram_49u3:auto_generated|sld_mod_ram_rom:mgl_prim2|bypass_reg_out                                                        ;
; 49.460 ; 49.644       ; 0.184          ; Low Pulse Width  ; altera_reserved_tck ; Rise       ; Module_OP:OP|altsyncram:altsyncram_component|altsyncram_49u3:auto_generated|sld_mod_ram_rom:mgl_prim2|is_in_use_reg                                                         ;
; 49.460 ; 49.644       ; 0.184          ; Low Pulse Width  ; altera_reserved_tck ; Rise       ; Module_OP:OP|altsyncram:altsyncram_component|altsyncram_49u3:auto_generated|sld_mod_ram_rom:mgl_prim2|sld_rom_sr:\ram_rom_logic_gen:no_name_gen:info_rom_sr|WORD_SR[1]      ;
; 49.460 ; 49.644       ; 0.184          ; Low Pulse Width  ; altera_reserved_tck ; Rise       ; Module_OP:OP|altsyncram:altsyncram_component|altsyncram_49u3:auto_generated|sld_mod_ram_rom:mgl_prim2|sld_rom_sr:\ram_rom_logic_gen:no_name_gen:info_rom_sr|WORD_SR[2]      ;
; 49.460 ; 49.644       ; 0.184          ; Low Pulse Width  ; altera_reserved_tck ; Rise       ; Module_OP:OP|altsyncram:altsyncram_component|altsyncram_49u3:auto_generated|sld_mod_ram_rom:mgl_prim2|sld_rom_sr:\ram_rom_logic_gen:no_name_gen:info_rom_sr|WORD_SR[3]      ;
; 49.460 ; 49.644       ; 0.184          ; Low Pulse Width  ; altera_reserved_tck ; Rise       ; Module_OP:OP|altsyncram:altsyncram_component|altsyncram_49u3:auto_generated|sld_mod_ram_rom:mgl_prim2|sld_rom_sr:\ram_rom_logic_gen:no_name_gen:info_rom_sr|word_counter[0] ;
; 49.460 ; 49.644       ; 0.184          ; Low Pulse Width  ; altera_reserved_tck ; Rise       ; Module_OP:OP|altsyncram:altsyncram_component|altsyncram_49u3:auto_generated|sld_mod_ram_rom:mgl_prim2|sld_rom_sr:\ram_rom_logic_gen:no_name_gen:info_rom_sr|word_counter[1] ;
; 49.460 ; 49.644       ; 0.184          ; Low Pulse Width  ; altera_reserved_tck ; Rise       ; Module_OP:OP|altsyncram:altsyncram_component|altsyncram_49u3:auto_generated|sld_mod_ram_rom:mgl_prim2|sld_rom_sr:\ram_rom_logic_gen:no_name_gen:info_rom_sr|word_counter[2] ;
; 49.460 ; 49.644       ; 0.184          ; Low Pulse Width  ; altera_reserved_tck ; Rise       ; Module_OP:OP|altsyncram:altsyncram_component|altsyncram_49u3:auto_generated|sld_mod_ram_rom:mgl_prim2|sld_rom_sr:\ram_rom_logic_gen:no_name_gen:info_rom_sr|word_counter[3] ;
; 49.460 ; 49.644       ; 0.184          ; Low Pulse Width  ; altera_reserved_tck ; Rise       ; sld_hub:auto_hub|sld_jtag_hub:\jtag_hub_gen:sld_jtag_hub_inst|design_hash_reg[0]                                                                                            ;
; 49.460 ; 49.644       ; 0.184          ; Low Pulse Width  ; altera_reserved_tck ; Rise       ; sld_hub:auto_hub|sld_jtag_hub:\jtag_hub_gen:sld_jtag_hub_inst|design_hash_reg[1]                                                                                            ;
; 49.460 ; 49.644       ; 0.184          ; Low Pulse Width  ; altera_reserved_tck ; Rise       ; sld_hub:auto_hub|sld_jtag_hub:\jtag_hub_gen:sld_jtag_hub_inst|design_hash_reg[2]                                                                                            ;
; 49.460 ; 49.644       ; 0.184          ; Low Pulse Width  ; altera_reserved_tck ; Rise       ; sld_hub:auto_hub|sld_jtag_hub:\jtag_hub_gen:sld_jtag_hub_inst|design_hash_reg[3]                                                                                            ;
; 49.460 ; 49.644       ; 0.184          ; Low Pulse Width  ; altera_reserved_tck ; Rise       ; sld_hub:auto_hub|sld_jtag_hub:\jtag_hub_gen:sld_jtag_hub_inst|hub_minor_ver_reg[0]                                                                                          ;
; 49.460 ; 49.644       ; 0.184          ; Low Pulse Width  ; altera_reserved_tck ; Rise       ; sld_hub:auto_hub|sld_jtag_hub:\jtag_hub_gen:sld_jtag_hub_inst|hub_minor_ver_reg[1]                                                                                          ;
; 49.460 ; 49.644       ; 0.184          ; Low Pulse Width  ; altera_reserved_tck ; Rise       ; sld_hub:auto_hub|sld_jtag_hub:\jtag_hub_gen:sld_jtag_hub_inst|hub_minor_ver_reg[2]                                                                                          ;
; 49.460 ; 49.644       ; 0.184          ; Low Pulse Width  ; altera_reserved_tck ; Rise       ; sld_hub:auto_hub|sld_jtag_hub:\jtag_hub_gen:sld_jtag_hub_inst|hub_minor_ver_reg[3]                                                                                          ;
; 49.460 ; 49.644       ; 0.184          ; Low Pulse Width  ; altera_reserved_tck ; Rise       ; sld_hub:auto_hub|sld_jtag_hub:\jtag_hub_gen:sld_jtag_hub_inst|hub_mode_reg[0]                                                                                               ;
; 49.460 ; 49.644       ; 0.184          ; Low Pulse Width  ; altera_reserved_tck ; Rise       ; sld_hub:auto_hub|sld_jtag_hub:\jtag_hub_gen:sld_jtag_hub_inst|hub_mode_reg[1]                                                                                               ;
; 49.460 ; 49.644       ; 0.184          ; Low Pulse Width  ; altera_reserved_tck ; Rise       ; sld_hub:auto_hub|sld_jtag_hub:\jtag_hub_gen:sld_jtag_hub_inst|irsr_reg[5]                                                                                                   ;
; 49.460 ; 49.644       ; 0.184          ; Low Pulse Width  ; altera_reserved_tck ; Rise       ; sld_hub:auto_hub|sld_jtag_hub:\jtag_hub_gen:sld_jtag_hub_inst|jtag_ir_reg[0]                                                                                                ;
; 49.460 ; 49.644       ; 0.184          ; Low Pulse Width  ; altera_reserved_tck ; Rise       ; sld_hub:auto_hub|sld_jtag_hub:\jtag_hub_gen:sld_jtag_hub_inst|jtag_ir_reg[1]                                                                                                ;
; 49.460 ; 49.644       ; 0.184          ; Low Pulse Width  ; altera_reserved_tck ; Rise       ; sld_hub:auto_hub|sld_jtag_hub:\jtag_hub_gen:sld_jtag_hub_inst|jtag_ir_reg[2]                                                                                                ;
; 49.460 ; 49.644       ; 0.184          ; Low Pulse Width  ; altera_reserved_tck ; Rise       ; sld_hub:auto_hub|sld_jtag_hub:\jtag_hub_gen:sld_jtag_hub_inst|jtag_ir_reg[3]                                                                                                ;
; 49.460 ; 49.644       ; 0.184          ; Low Pulse Width  ; altera_reserved_tck ; Rise       ; sld_hub:auto_hub|sld_jtag_hub:\jtag_hub_gen:sld_jtag_hub_inst|jtag_ir_reg[4]                                                                                                ;
; 49.460 ; 49.644       ; 0.184          ; Low Pulse Width  ; altera_reserved_tck ; Rise       ; sld_hub:auto_hub|sld_jtag_hub:\jtag_hub_gen:sld_jtag_hub_inst|jtag_ir_reg[5]                                                                                                ;
; 49.460 ; 49.644       ; 0.184          ; Low Pulse Width  ; altera_reserved_tck ; Rise       ; sld_hub:auto_hub|sld_jtag_hub:\jtag_hub_gen:sld_jtag_hub_inst|jtag_ir_reg[6]                                                                                                ;
; 49.460 ; 49.644       ; 0.184          ; Low Pulse Width  ; altera_reserved_tck ; Rise       ; sld_hub:auto_hub|sld_jtag_hub:\jtag_hub_gen:sld_jtag_hub_inst|jtag_ir_reg[7]                                                                                                ;
; 49.460 ; 49.644       ; 0.184          ; Low Pulse Width  ; altera_reserved_tck ; Rise       ; sld_hub:auto_hub|sld_jtag_hub:\jtag_hub_gen:sld_jtag_hub_inst|jtag_ir_reg[8]                                                                                                ;
; 49.460 ; 49.644       ; 0.184          ; Low Pulse Width  ; altera_reserved_tck ; Rise       ; sld_hub:auto_hub|sld_jtag_hub:\jtag_hub_gen:sld_jtag_hub_inst|jtag_ir_reg[9]                                                                                                ;
; 49.460 ; 49.644       ; 0.184          ; Low Pulse Width  ; altera_reserved_tck ; Rise       ; sld_hub:auto_hub|sld_jtag_hub:\jtag_hub_gen:sld_jtag_hub_inst|mixer_addr_reg[0]                                                                                             ;
; 49.460 ; 49.644       ; 0.184          ; Low Pulse Width  ; altera_reserved_tck ; Rise       ; sld_hub:auto_hub|sld_jtag_hub:\jtag_hub_gen:sld_jtag_hub_inst|mixer_addr_reg[1]                                                                                             ;
; 49.460 ; 49.644       ; 0.184          ; Low Pulse Width  ; altera_reserved_tck ; Rise       ; sld_hub:auto_hub|sld_jtag_hub:\jtag_hub_gen:sld_jtag_hub_inst|mixer_addr_reg[2]                                                                                             ;
; 49.460 ; 49.644       ; 0.184          ; Low Pulse Width  ; altera_reserved_tck ; Rise       ; sld_hub:auto_hub|sld_jtag_hub:\jtag_hub_gen:sld_jtag_hub_inst|mixer_addr_reg[3]                                                                                             ;
; 49.460 ; 49.644       ; 0.184          ; Low Pulse Width  ; altera_reserved_tck ; Rise       ; sld_hub:auto_hub|sld_jtag_hub:\jtag_hub_gen:sld_jtag_hub_inst|mixer_addr_reg[4]                                                                                             ;
+--------+--------------+----------------+------------------+---------------------+------------+-----------------------------------------------------------------------------------------------------------------------------------------------------------------------------+


+----------------------------------------------------------------------------------------------+
; Setup Times                                                                                  ;
+---------------------+---------------------+-------+-------+------------+---------------------+
; Data Port           ; Clock Port          ; Rise  ; Fall  ; Clock Edge ; Clock Reference     ;
+---------------------+---------------------+-------+-------+------------+---------------------+
; altera_reserved_tdi ; altera_reserved_tck ; 1.385 ; 1.859 ; Rise       ; altera_reserved_tck ;
; altera_reserved_tms ; altera_reserved_tck ; 2.043 ; 2.503 ; Rise       ; altera_reserved_tck ;
+---------------------+---------------------+-------+-------+------------+---------------------+


+-----------------------------------------------------------------------------------------------+
; Hold Times                                                                                    ;
+---------------------+---------------------+-------+--------+------------+---------------------+
; Data Port           ; Clock Port          ; Rise  ; Fall   ; Clock Edge ; Clock Reference     ;
+---------------------+---------------------+-------+--------+------------+---------------------+
; altera_reserved_tdi ; altera_reserved_tck ; 0.291 ; -0.085 ; Rise       ; altera_reserved_tck ;
; altera_reserved_tms ; altera_reserved_tck ; 0.096 ; -0.280 ; Rise       ; altera_reserved_tck ;
+---------------------+---------------------+-------+--------+------------+---------------------+


+----------------------------------------------------------------------------------------------+
; Clock to Output Times                                                                        ;
+---------------------+---------------------+-------+-------+------------+---------------------+
; Data Port           ; Clock Port          ; Rise  ; Fall  ; Clock Edge ; Clock Reference     ;
+---------------------+---------------------+-------+-------+------------+---------------------+
; altera_reserved_tdo ; altera_reserved_tck ; 6.276 ; 6.559 ; Fall       ; altera_reserved_tck ;
+---------------------+---------------------+-------+-------+------------+---------------------+


+----------------------------------------------------------------------------------------------+
; Minimum Clock to Output Times                                                                ;
+---------------------+---------------------+-------+-------+------------+---------------------+
; Data Port           ; Clock Port          ; Rise  ; Fall  ; Clock Edge ; Clock Reference     ;
+---------------------+---------------------+-------+-------+------------+---------------------+
; altera_reserved_tdo ; altera_reserved_tck ; 5.295 ; 5.581 ; Fall       ; altera_reserved_tck ;
+---------------------+---------------------+-------+-------+------------+---------------------+


---------------------------------------------
; Fast 1200mV 0C Model Metastability Report ;
---------------------------------------------
No synchronizer chains to report.


+----------------------------------------------------------------------------------+
; Multicorner Timing Analysis Summary                                              ;
+----------------------+--------+-------+----------+---------+---------------------+
; Clock                ; Setup  ; Hold  ; Recovery ; Removal ; Minimum Pulse Width ;
+----------------------+--------+-------+----------+---------+---------------------+
; Worst-case Slack     ; 45.648 ; 0.185 ; 48.435   ; 0.546   ; 49.398              ;
;  altera_reserved_tck ; 45.648 ; 0.185 ; 48.435   ; 0.546   ; 49.398              ;
; Design-wide TNS      ; 0.0    ; 0.0   ; 0.0      ; 0.0     ; 0.0                 ;
;  altera_reserved_tck ; 0.000  ; 0.000 ; 0.000    ; 0.000   ; 0.000               ;
+----------------------+--------+-------+----------+---------+---------------------+


+----------------------------------------------------------------------------------------------+
; Setup Times                                                                                  ;
+---------------------+---------------------+-------+-------+------------+---------------------+
; Data Port           ; Clock Port          ; Rise  ; Fall  ; Clock Edge ; Clock Reference     ;
+---------------------+---------------------+-------+-------+------------+---------------------+
; altera_reserved_tdi ; altera_reserved_tck ; 3.176 ; 3.396 ; Rise       ; altera_reserved_tck ;
; altera_reserved_tms ; altera_reserved_tck ; 4.583 ; 4.805 ; Rise       ; altera_reserved_tck ;
+---------------------+---------------------+-------+-------+------------+---------------------+


+-----------------------------------------------------------------------------------------------+
; Hold Times                                                                                    ;
+---------------------+---------------------+-------+--------+------------+---------------------+
; Data Port           ; Clock Port          ; Rise  ; Fall   ; Clock Edge ; Clock Reference     ;
+---------------------+---------------------+-------+--------+------------+---------------------+
; altera_reserved_tdi ; altera_reserved_tck ; 0.291 ; 0.025  ; Rise       ; altera_reserved_tck ;
; altera_reserved_tms ; altera_reserved_tck ; 0.096 ; -0.280 ; Rise       ; altera_reserved_tck ;
+---------------------+---------------------+-------+--------+------------+---------------------+


+------------------------------------------------------------------------------------------------+
; Clock to Output Times                                                                          ;
+---------------------+---------------------+--------+--------+------------+---------------------+
; Data Port           ; Clock Port          ; Rise   ; Fall   ; Clock Edge ; Clock Reference     ;
+---------------------+---------------------+--------+--------+------------+---------------------+
; altera_reserved_tdo ; altera_reserved_tck ; 10.825 ; 11.256 ; Fall       ; altera_reserved_tck ;
+---------------------+---------------------+--------+--------+------------+---------------------+


+----------------------------------------------------------------------------------------------+
; Minimum Clock to Output Times                                                                ;
+---------------------+---------------------+-------+-------+------------+---------------------+
; Data Port           ; Clock Port          ; Rise  ; Fall  ; Clock Edge ; Clock Reference     ;
+---------------------+---------------------+-------+-------+------------+---------------------+
; altera_reserved_tdo ; altera_reserved_tck ; 5.295 ; 5.581 ; Fall       ; altera_reserved_tck ;
+---------------------+---------------------+-------+-------+------------+---------------------+


+------------------------------------------------------------------------------------------------------------------------------------------------------------------------------------------------------------------------------------------------------------------------------------------------------------------------------------------------------------------------------------------------------------------------+
; Board Trace Model Assignments                                                                                                                                                                                                                                                                                                                                                                                          ;
+---------------------+--------------+-------------------+-------------------------+-------------------------+---------------+---------------------+----------------+------------------+--------+------------------+------------------------+------------------------+--------------+---------------+-----------------+-------+---------------------+--------------------+---------------+-----------------+-------------+
; Pin                 ; I/O Standard ; Near Tline Length ; Near Tline L per Length ; Near Tline C per Length ; Near Series R ; Near Differential R ; Near Pull-up R ; Near Pull-down R ; Near C ; Far Tline Length ; Far Tline L per Length ; Far Tline C per Length ; Far Series R ; Far Pull-up R ; Far Pull-down R ; Far C ; Termination Voltage ; Far Differential R ; EBD File Name ; EBD Signal Name ; EBD Far-end ;
+---------------------+--------------+-------------------+-------------------------+-------------------------+---------------+---------------------+----------------+------------------+--------+------------------+------------------------+------------------------+--------------+---------------+-----------------+-------+---------------------+--------------------+---------------+-----------------+-------------+
; q[7]                ; 2.5 V        ; 0 in              ; 0 H/in                  ; 0 F/in                  ; short         ; -                   ; open           ; open             ; open   ; 0 in             ; 0 H/in                 ; 0 F/in                 ; short        ; open          ; open            ; open  ; 0 V                 ; -                  ; n/a           ; n/a             ; n/a         ;
; q[6]                ; 2.5 V        ; 0 in              ; 0 H/in                  ; 0 F/in                  ; short         ; -                   ; open           ; open             ; open   ; 0 in             ; 0 H/in                 ; 0 F/in                 ; short        ; open          ; open            ; open  ; 0 V                 ; -                  ; n/a           ; n/a             ; n/a         ;
; q[5]                ; 2.5 V        ; 0 in              ; 0 H/in                  ; 0 F/in                  ; short         ; -                   ; open           ; open             ; open   ; 0 in             ; 0 H/in                 ; 0 F/in                 ; short        ; open          ; open            ; open  ; 0 V                 ; -                  ; n/a           ; n/a             ; n/a         ;
; q[4]                ; 2.5 V        ; 0 in              ; 0 H/in                  ; 0 F/in                  ; short         ; -                   ; open           ; open             ; open   ; 0 in             ; 0 H/in                 ; 0 F/in                 ; short        ; open          ; open            ; open  ; 0 V                 ; -                  ; n/a           ; n/a             ; n/a         ;
; q[3]                ; 2.5 V        ; 0 in              ; 0 H/in                  ; 0 F/in                  ; short         ; -                   ; open           ; open             ; open   ; 0 in             ; 0 H/in                 ; 0 F/in                 ; short        ; open          ; open            ; open  ; 0 V                 ; -                  ; n/a           ; n/a             ; n/a         ;
; q[2]                ; 2.5 V        ; 0 in              ; 0 H/in                  ; 0 F/in                  ; short         ; -                   ; open           ; open             ; open   ; 0 in             ; 0 H/in                 ; 0 F/in                 ; short        ; open          ; open            ; open  ; 0 V                 ; -                  ; n/a           ; n/a             ; n/a         ;
; q[1]                ; 2.5 V        ; 0 in              ; 0 H/in                  ; 0 F/in                  ; short         ; -                   ; open           ; open             ; open   ; 0 in             ; 0 H/in                 ; 0 F/in                 ; short        ; open          ; open            ; open  ; 0 V                 ; -                  ; n/a           ; n/a             ; n/a         ;
; q[0]                ; 2.5 V        ; 0 in              ; 0 H/in                  ; 0 F/in                  ; short         ; -                   ; open           ; open             ; open   ; 0 in             ; 0 H/in                 ; 0 F/in                 ; short        ; open          ; open            ; open  ; 0 V                 ; -                  ; n/a           ; n/a             ; n/a         ;
; altera_reserved_tdo ; 2.5 V        ; 0 in              ; 0 H/in                  ; 0 F/in                  ; short         ; -                   ; open           ; open             ; open   ; 0 in             ; 0 H/in                 ; 0 F/in                 ; short        ; open          ; open            ; open  ; 0 V                 ; -                  ; n/a           ; n/a             ; n/a         ;
; ~ALTERA_NCEO~       ; 2.5 V        ; 0 in              ; 0 H/in                  ; 0 F/in                  ; short         ; -                   ; open           ; open             ; open   ; 0 in             ; 0 H/in                 ; 0 F/in                 ; short        ; open          ; open            ; open  ; 0 V                 ; -                  ; n/a           ; n/a             ; n/a         ;
; ~ALTERA_DCLK~       ; 2.5 V        ; 0 in              ; 0 H/in                  ; 0 F/in                  ; short         ; -                   ; open           ; open             ; open   ; 0 in             ; 0 H/in                 ; 0 F/in                 ; short        ; open          ; open            ; open  ; 0 V                 ; -                  ; n/a           ; n/a             ; n/a         ;
+---------------------+--------------+-------------------+-------------------------+-------------------------+---------------+---------------------+----------------+------------------+--------+------------------+------------------------+------------------------+--------------+---------------+-----------------+-------+---------------------+--------------------+---------------+-----------------+-------------+


+------------------------------------------------------------------------+
; Input Transition Times                                                 ;
+---------------------+--------------+-----------------+-----------------+
; Pin                 ; I/O Standard ; 10-90 Rise Time ; 90-10 Fall Time ;
+---------------------+--------------+-----------------+-----------------+
; wren                ; 2.5 V        ; 2000 ps         ; 2000 ps         ;
; clock               ; 2.5 V        ; 2000 ps         ; 2000 ps         ;
; data[7]             ; 2.5 V        ; 2000 ps         ; 2000 ps         ;
; address[0]          ; 2.5 V        ; 2000 ps         ; 2000 ps         ;
; address[1]          ; 2.5 V        ; 2000 ps         ; 2000 ps         ;
; address[2]          ; 2.5 V        ; 2000 ps         ; 2000 ps         ;
; address[3]          ; 2.5 V        ; 2000 ps         ; 2000 ps         ;
; address[4]          ; 2.5 V        ; 2000 ps         ; 2000 ps         ;
; address[5]          ; 2.5 V        ; 2000 ps         ; 2000 ps         ;
; address[6]          ; 2.5 V        ; 2000 ps         ; 2000 ps         ;
; address[7]          ; 2.5 V        ; 2000 ps         ; 2000 ps         ;
; data[6]             ; 2.5 V        ; 2000 ps         ; 2000 ps         ;
; data[5]             ; 2.5 V        ; 2000 ps         ; 2000 ps         ;
; data[4]             ; 2.5 V        ; 2000 ps         ; 2000 ps         ;
; data[3]             ; 2.5 V        ; 2000 ps         ; 2000 ps         ;
; data[2]             ; 2.5 V        ; 2000 ps         ; 2000 ps         ;
; data[1]             ; 2.5 V        ; 2000 ps         ; 2000 ps         ;
; data[0]             ; 2.5 V        ; 2000 ps         ; 2000 ps         ;
; altera_reserved_tms ; 2.5 V        ; 2000 ps         ; 2000 ps         ;
; altera_reserved_tck ; 2.5 V        ; 2000 ps         ; 2000 ps         ;
; altera_reserved_tdi ; 2.5 V        ; 2000 ps         ; 2000 ps         ;
; ~ALTERA_DATA0~      ; 2.5 V        ; 2000 ps         ; 2000 ps         ;
; ~ALTERA_ASDO~       ; 2.5 V        ; 2000 ps         ; 2000 ps         ;
; ~ALTERA_NCSO~       ; 2.5 V        ; 2000 ps         ; 2000 ps         ;
+---------------------+--------------+-----------------+-----------------+


+--------------------------------------------------------------------------------------------------------------------------------------------------------------------------------------------------------------------------------------------------------------------------------------------------------------------------------------------------------------------------------------------------------------------------------------------------------------------------------------------------------------------------------------------------------------------------------------------------------------------------------------------------------------------------------------------------+
; Signal Integrity Metrics (Slow 1200mv 0c Model)                                                                                                                                                                                                                                                                                                                                                                                                                                                                                                                                                                                                                                                  ;
+---------------------+--------------+---------------------+---------------------+------------------------------+------------------------------+---------------------+---------------------+--------------------------------------+--------------------------------------+-----------------------------+-----------------------------+----------------------------+----------------------------+-----------------------------+-----------------------------+--------------------+--------------------+-------------------------------------+-------------------------------------+----------------------------+----------------------------+---------------------------+---------------------------+
; Pin                 ; I/O Standard ; Board Delay on Rise ; Board Delay on Fall ; Steady State Voh at FPGA Pin ; Steady State Vol at FPGA Pin ; Voh Max at FPGA Pin ; Vol Min at FPGA Pin ; Ringback Voltage on Rise at FPGA Pin ; Ringback Voltage on Fall at FPGA Pin ; 10-90 Rise Time at FPGA Pin ; 90-10 Fall Time at FPGA Pin ; Monotonic Rise at FPGA Pin ; Monotonic Fall at FPGA Pin ; Steady State Voh at Far-end ; Steady State Vol at Far-end ; Voh Max at Far-end ; Vol Min at Far-end ; Ringback Voltage on Rise at Far-end ; Ringback Voltage on Fall at Far-end ; 10-90 Rise Time at Far-end ; 90-10 Fall Time at Far-end ; Monotonic Rise at Far-end ; Monotonic Fall at Far-end ;
+---------------------+--------------+---------------------+---------------------+------------------------------+------------------------------+---------------------+---------------------+--------------------------------------+--------------------------------------+-----------------------------+-----------------------------+----------------------------+----------------------------+-----------------------------+-----------------------------+--------------------+--------------------+-------------------------------------+-------------------------------------+----------------------------+----------------------------+---------------------------+---------------------------+
; q[7]                ; 2.5 V        ; 0 s                 ; 0 s                 ; 2.32 V                       ; 7.29e-09 V                   ; 2.39 V              ; -0.00317 V          ; 0.179 V                              ; 0.007 V                              ; 4.7e-10 s                   ; 4.72e-10 s                  ; No                         ; Yes                        ; 2.32 V                      ; 7.29e-09 V                  ; 2.39 V             ; -0.00317 V         ; 0.179 V                             ; 0.007 V                             ; 4.7e-10 s                  ; 4.72e-10 s                 ; No                        ; Yes                       ;
; q[6]                ; 2.5 V        ; 0 s                 ; 0 s                 ; 2.32 V                       ; 7.29e-09 V                   ; 2.39 V              ; -0.00317 V          ; 0.179 V                              ; 0.007 V                              ; 4.7e-10 s                   ; 4.72e-10 s                  ; No                         ; Yes                        ; 2.32 V                      ; 7.29e-09 V                  ; 2.39 V             ; -0.00317 V         ; 0.179 V                             ; 0.007 V                             ; 4.7e-10 s                  ; 4.72e-10 s                 ; No                        ; Yes                       ;
; q[5]                ; 2.5 V        ; 0 s                 ; 0 s                 ; 2.32 V                       ; 5.16e-09 V                   ; 2.37 V              ; -0.00861 V          ; 0.168 V                              ; 0.038 V                              ; 6.79e-10 s                  ; 6.49e-10 s                  ; No                         ; Yes                        ; 2.32 V                      ; 5.16e-09 V                  ; 2.37 V             ; -0.00861 V         ; 0.168 V                             ; 0.038 V                             ; 6.79e-10 s                 ; 6.49e-10 s                 ; No                        ; Yes                       ;
; q[4]                ; 2.5 V        ; 0 s                 ; 0 s                 ; 2.32 V                       ; 5.16e-09 V                   ; 2.37 V              ; -0.00861 V          ; 0.168 V                              ; 0.038 V                              ; 6.79e-10 s                  ; 6.49e-10 s                  ; No                         ; Yes                        ; 2.32 V                      ; 5.16e-09 V                  ; 2.37 V             ; -0.00861 V         ; 0.168 V                             ; 0.038 V                             ; 6.79e-10 s                 ; 6.49e-10 s                 ; No                        ; Yes                       ;
; q[3]                ; 2.5 V        ; 0 s                 ; 0 s                 ; 2.32 V                       ; 7.29e-09 V                   ; 2.39 V              ; -0.00317 V          ; 0.179 V                              ; 0.007 V                              ; 4.7e-10 s                   ; 4.72e-10 s                  ; No                         ; Yes                        ; 2.32 V                      ; 7.29e-09 V                  ; 2.39 V             ; -0.00317 V         ; 0.179 V                             ; 0.007 V                             ; 4.7e-10 s                  ; 4.72e-10 s                 ; No                        ; Yes                       ;
; q[2]                ; 2.5 V        ; 0 s                 ; 0 s                 ; 2.32 V                       ; 7.29e-09 V                   ; 2.39 V              ; -0.00339 V          ; 0.206 V                              ; 0.007 V                              ; 2.77e-10 s                  ; 3.24e-10 s                  ; Yes                        ; Yes                        ; 2.32 V                      ; 7.29e-09 V                  ; 2.39 V             ; -0.00339 V         ; 0.206 V                             ; 0.007 V                             ; 2.77e-10 s                 ; 3.24e-10 s                 ; Yes                       ; Yes                       ;
; q[1]                ; 2.5 V        ; 0 s                 ; 0 s                 ; 2.32 V                       ; 7.29e-09 V                   ; 2.39 V              ; -0.00317 V          ; 0.179 V                              ; 0.007 V                              ; 4.7e-10 s                   ; 4.72e-10 s                  ; No                         ; Yes                        ; 2.32 V                      ; 7.29e-09 V                  ; 2.39 V             ; -0.00317 V         ; 0.179 V                             ; 0.007 V                             ; 4.7e-10 s                  ; 4.72e-10 s                 ; No                        ; Yes                       ;
; q[0]                ; 2.5 V        ; 0 s                 ; 0 s                 ; 2.32 V                       ; 7.29e-09 V                   ; 2.39 V              ; -0.00339 V          ; 0.206 V                              ; 0.007 V                              ; 2.77e-10 s                  ; 3.24e-10 s                  ; Yes                        ; Yes                        ; 2.32 V                      ; 7.29e-09 V                  ; 2.39 V             ; -0.00339 V         ; 0.206 V                             ; 0.007 V                             ; 2.77e-10 s                 ; 3.24e-10 s                 ; Yes                       ; Yes                       ;
; altera_reserved_tdo ; 2.5 V        ; 0 s                 ; 0 s                 ; 2.32 V                       ; 4.47e-08 V                   ; 2.34 V              ; -0.00368 V          ; 0.12 V                               ; 0.1 V                                ; 8.05e-10 s                  ; 1.69e-09 s                  ; Yes                        ; Yes                        ; 2.32 V                      ; 4.47e-08 V                  ; 2.34 V             ; -0.00368 V         ; 0.12 V                              ; 0.1 V                               ; 8.05e-10 s                 ; 1.69e-09 s                 ; Yes                       ; Yes                       ;
; ~ALTERA_NCEO~       ; 2.5 V        ; 0 s                 ; 0 s                 ; 2.32 V                       ; 4.76e-09 V                   ; 2.4 V               ; -0.034 V            ; 0.102 V                              ; 0.065 V                              ; 2.49e-10 s                  ; 3.49e-10 s                  ; Yes                        ; Yes                        ; 2.32 V                      ; 4.76e-09 V                  ; 2.4 V              ; -0.034 V           ; 0.102 V                             ; 0.065 V                             ; 2.49e-10 s                 ; 3.49e-10 s                 ; Yes                       ; Yes                       ;
; ~ALTERA_DCLK~       ; 2.5 V        ; 0 s                 ; 0 s                 ; 2.32 V                       ; 5.94e-09 V                   ; 2.39 V              ; -0.0344 V           ; 0.156 V                              ; 0.089 V                              ; 2.68e-10 s                  ; 2.6e-10 s                   ; Yes                        ; Yes                        ; 2.32 V                      ; 5.94e-09 V                  ; 2.39 V             ; -0.0344 V          ; 0.156 V                             ; 0.089 V                             ; 2.68e-10 s                 ; 2.6e-10 s                  ; Yes                       ; Yes                       ;
+---------------------+--------------+---------------------+---------------------+------------------------------+------------------------------+---------------------+---------------------+--------------------------------------+--------------------------------------+-----------------------------+-----------------------------+----------------------------+----------------------------+-----------------------------+-----------------------------+--------------------+--------------------+-------------------------------------+-------------------------------------+----------------------------+----------------------------+---------------------------+---------------------------+


+--------------------------------------------------------------------------------------------------------------------------------------------------------------------------------------------------------------------------------------------------------------------------------------------------------------------------------------------------------------------------------------------------------------------------------------------------------------------------------------------------------------------------------------------------------------------------------------------------------------------------------------------------------------------------------------------------+
; Signal Integrity Metrics (Slow 1200mv 85c Model)                                                                                                                                                                                                                                                                                                                                                                                                                                                                                                                                                                                                                                                 ;
+---------------------+--------------+---------------------+---------------------+------------------------------+------------------------------+---------------------+---------------------+--------------------------------------+--------------------------------------+-----------------------------+-----------------------------+----------------------------+----------------------------+-----------------------------+-----------------------------+--------------------+--------------------+-------------------------------------+-------------------------------------+----------------------------+----------------------------+---------------------------+---------------------------+
; Pin                 ; I/O Standard ; Board Delay on Rise ; Board Delay on Fall ; Steady State Voh at FPGA Pin ; Steady State Vol at FPGA Pin ; Voh Max at FPGA Pin ; Vol Min at FPGA Pin ; Ringback Voltage on Rise at FPGA Pin ; Ringback Voltage on Fall at FPGA Pin ; 10-90 Rise Time at FPGA Pin ; 90-10 Fall Time at FPGA Pin ; Monotonic Rise at FPGA Pin ; Monotonic Fall at FPGA Pin ; Steady State Voh at Far-end ; Steady State Vol at Far-end ; Voh Max at Far-end ; Vol Min at Far-end ; Ringback Voltage on Rise at Far-end ; Ringback Voltage on Fall at Far-end ; 10-90 Rise Time at Far-end ; 90-10 Fall Time at Far-end ; Monotonic Rise at Far-end ; Monotonic Fall at Far-end ;
+---------------------+--------------+---------------------+---------------------+------------------------------+------------------------------+---------------------+---------------------+--------------------------------------+--------------------------------------+-----------------------------+-----------------------------+----------------------------+----------------------------+-----------------------------+-----------------------------+--------------------+--------------------+-------------------------------------+-------------------------------------+----------------------------+----------------------------+---------------------------+---------------------------+
; q[7]                ; 2.5 V        ; 0 s                 ; 0 s                 ; 2.32 V                       ; 1.21e-06 V                   ; 2.36 V              ; -0.00833 V          ; 0.113 V                              ; 0.035 V                              ; 6.32e-10 s                  ; 5.89e-10 s                  ; No                         ; Yes                        ; 2.32 V                      ; 1.21e-06 V                  ; 2.36 V             ; -0.00833 V         ; 0.113 V                             ; 0.035 V                             ; 6.32e-10 s                 ; 5.89e-10 s                 ; No                        ; Yes                       ;
; q[6]                ; 2.5 V        ; 0 s                 ; 0 s                 ; 2.32 V                       ; 1.21e-06 V                   ; 2.36 V              ; -0.00833 V          ; 0.113 V                              ; 0.035 V                              ; 6.32e-10 s                  ; 5.89e-10 s                  ; No                         ; Yes                        ; 2.32 V                      ; 1.21e-06 V                  ; 2.36 V             ; -0.00833 V         ; 0.113 V                             ; 0.035 V                             ; 6.32e-10 s                 ; 5.89e-10 s                 ; No                        ; Yes                       ;
; q[5]                ; 2.5 V        ; 0 s                 ; 0 s                 ; 2.32 V                       ; 8.13e-07 V                   ; 2.35 V              ; -0.00662 V          ; 0.129 V                              ; 0.049 V                              ; 8.55e-10 s                  ; 8.01e-10 s                  ; No                         ; Yes                        ; 2.32 V                      ; 8.13e-07 V                  ; 2.35 V             ; -0.00662 V         ; 0.129 V                             ; 0.049 V                             ; 8.55e-10 s                 ; 8.01e-10 s                 ; No                        ; Yes                       ;
; q[4]                ; 2.5 V        ; 0 s                 ; 0 s                 ; 2.32 V                       ; 8.13e-07 V                   ; 2.35 V              ; -0.00662 V          ; 0.129 V                              ; 0.049 V                              ; 8.55e-10 s                  ; 8.01e-10 s                  ; No                         ; Yes                        ; 2.32 V                      ; 8.13e-07 V                  ; 2.35 V             ; -0.00662 V         ; 0.129 V                             ; 0.049 V                             ; 8.55e-10 s                 ; 8.01e-10 s                 ; No                        ; Yes                       ;
; q[3]                ; 2.5 V        ; 0 s                 ; 0 s                 ; 2.32 V                       ; 1.21e-06 V                   ; 2.36 V              ; -0.00833 V          ; 0.113 V                              ; 0.035 V                              ; 6.32e-10 s                  ; 5.89e-10 s                  ; No                         ; Yes                        ; 2.32 V                      ; 1.21e-06 V                  ; 2.36 V             ; -0.00833 V         ; 0.113 V                             ; 0.035 V                             ; 6.32e-10 s                 ; 5.89e-10 s                 ; No                        ; Yes                       ;
; q[2]                ; 2.5 V        ; 0 s                 ; 0 s                 ; 2.32 V                       ; 1.21e-06 V                   ; 2.37 V              ; -0.00606 V          ; 0.107 V                              ; 0.021 V                              ; 4.26e-10 s                  ; 4.03e-10 s                  ; Yes                        ; Yes                        ; 2.32 V                      ; 1.21e-06 V                  ; 2.37 V             ; -0.00606 V         ; 0.107 V                             ; 0.021 V                             ; 4.26e-10 s                 ; 4.03e-10 s                 ; Yes                       ; Yes                       ;
; q[1]                ; 2.5 V        ; 0 s                 ; 0 s                 ; 2.32 V                       ; 1.21e-06 V                   ; 2.36 V              ; -0.00833 V          ; 0.113 V                              ; 0.035 V                              ; 6.32e-10 s                  ; 5.89e-10 s                  ; No                         ; Yes                        ; 2.32 V                      ; 1.21e-06 V                  ; 2.36 V             ; -0.00833 V         ; 0.113 V                             ; 0.035 V                             ; 6.32e-10 s                 ; 5.89e-10 s                 ; No                        ; Yes                       ;
; q[0]                ; 2.5 V        ; 0 s                 ; 0 s                 ; 2.32 V                       ; 1.21e-06 V                   ; 2.37 V              ; -0.00606 V          ; 0.107 V                              ; 0.021 V                              ; 4.26e-10 s                  ; 4.03e-10 s                  ; Yes                        ; Yes                        ; 2.32 V                      ; 1.21e-06 V                  ; 2.37 V             ; -0.00606 V         ; 0.107 V                             ; 0.021 V                             ; 4.26e-10 s                 ; 4.03e-10 s                 ; Yes                       ; Yes                       ;
; altera_reserved_tdo ; 2.5 V        ; 0 s                 ; 0 s                 ; 2.32 V                       ; 7.84e-06 V                   ; 2.33 V              ; 7.84e-06 V          ; 0.065 V                              ; 0.05 V                               ; 9.67e-10 s                  ; 2.23e-09 s                  ; Yes                        ; Yes                        ; 2.32 V                      ; 7.84e-06 V                  ; 2.33 V             ; 7.84e-06 V         ; 0.065 V                             ; 0.05 V                              ; 9.67e-10 s                 ; 2.23e-09 s                 ; Yes                       ; Yes                       ;
; ~ALTERA_NCEO~       ; 2.5 V        ; 0 s                 ; 0 s                 ; 2.32 V                       ; 7.93e-07 V                   ; 2.37 V              ; -0.0278 V           ; 0.106 V                              ; 0.115 V                              ; 2.69e-10 s                  ; 4.05e-10 s                  ; Yes                        ; Yes                        ; 2.32 V                      ; 7.93e-07 V                  ; 2.37 V             ; -0.0278 V          ; 0.106 V                             ; 0.115 V                             ; 2.69e-10 s                 ; 4.05e-10 s                 ; Yes                       ; Yes                       ;
; ~ALTERA_DCLK~       ; 2.5 V        ; 0 s                 ; 0 s                 ; 2.32 V                       ; 9.76e-07 V                   ; 2.36 V              ; -0.00439 V          ; 0.088 V                              ; 0.007 V                              ; 4.05e-10 s                  ; 3.35e-10 s                  ; Yes                        ; Yes                        ; 2.32 V                      ; 9.76e-07 V                  ; 2.36 V             ; -0.00439 V         ; 0.088 V                             ; 0.007 V                             ; 4.05e-10 s                 ; 3.35e-10 s                 ; Yes                       ; Yes                       ;
+---------------------+--------------+---------------------+---------------------+------------------------------+------------------------------+---------------------+---------------------+--------------------------------------+--------------------------------------+-----------------------------+-----------------------------+----------------------------+----------------------------+-----------------------------+-----------------------------+--------------------+--------------------+-------------------------------------+-------------------------------------+----------------------------+----------------------------+---------------------------+---------------------------+


+--------------------------------------------------------------------------------------------------------------------------------------------------------------------------------------------------------------------------------------------------------------------------------------------------------------------------------------------------------------------------------------------------------------------------------------------------------------------------------------------------------------------------------------------------------------------------------------------------------------------------------------------------------------------------------------------------+
; Signal Integrity Metrics (Fast 1200mv 0c Model)                                                                                                                                                                                                                                                                                                                                                                                                                                                                                                                                                                                                                                                  ;
+---------------------+--------------+---------------------+---------------------+------------------------------+------------------------------+---------------------+---------------------+--------------------------------------+--------------------------------------+-----------------------------+-----------------------------+----------------------------+----------------------------+-----------------------------+-----------------------------+--------------------+--------------------+-------------------------------------+-------------------------------------+----------------------------+----------------------------+---------------------------+---------------------------+
; Pin                 ; I/O Standard ; Board Delay on Rise ; Board Delay on Fall ; Steady State Voh at FPGA Pin ; Steady State Vol at FPGA Pin ; Voh Max at FPGA Pin ; Vol Min at FPGA Pin ; Ringback Voltage on Rise at FPGA Pin ; Ringback Voltage on Fall at FPGA Pin ; 10-90 Rise Time at FPGA Pin ; 90-10 Fall Time at FPGA Pin ; Monotonic Rise at FPGA Pin ; Monotonic Fall at FPGA Pin ; Steady State Voh at Far-end ; Steady State Vol at Far-end ; Voh Max at Far-end ; Vol Min at Far-end ; Ringback Voltage on Rise at Far-end ; Ringback Voltage on Fall at Far-end ; 10-90 Rise Time at Far-end ; 90-10 Fall Time at Far-end ; Monotonic Rise at Far-end ; Monotonic Fall at Far-end ;
+---------------------+--------------+---------------------+---------------------+------------------------------+------------------------------+---------------------+---------------------+--------------------------------------+--------------------------------------+-----------------------------+-----------------------------+----------------------------+----------------------------+-----------------------------+-----------------------------+--------------------+--------------------+-------------------------------------+-------------------------------------+----------------------------+----------------------------+---------------------------+---------------------------+
; q[7]                ; 2.5 V        ; 0 s                 ; 0 s                 ; 2.62 V                       ; 4.66e-08 V                   ; 2.72 V              ; -0.0215 V           ; 0.161 V                              ; 0.061 V                              ; 4.44e-10 s                  ; 4.06e-10 s                  ; No                         ; Yes                        ; 2.62 V                      ; 4.66e-08 V                  ; 2.72 V             ; -0.0215 V          ; 0.161 V                             ; 0.061 V                             ; 4.44e-10 s                 ; 4.06e-10 s                 ; No                        ; Yes                       ;
; q[6]                ; 2.5 V        ; 0 s                 ; 0 s                 ; 2.62 V                       ; 4.66e-08 V                   ; 2.72 V              ; -0.0215 V           ; 0.161 V                              ; 0.061 V                              ; 4.44e-10 s                  ; 4.06e-10 s                  ; No                         ; Yes                        ; 2.62 V                      ; 4.66e-08 V                  ; 2.72 V             ; -0.0215 V          ; 0.161 V                             ; 0.061 V                             ; 4.44e-10 s                 ; 4.06e-10 s                 ; No                        ; Yes                       ;
; q[5]                ; 2.5 V        ; 0 s                 ; 0 s                 ; 2.62 V                       ; 3.16e-08 V                   ; 2.71 V              ; -0.0171 V           ; 0.273 V                              ; 0.065 V                              ; 4.95e-10 s                  ; 5.37e-10 s                  ; No                         ; Yes                        ; 2.62 V                      ; 3.16e-08 V                  ; 2.71 V             ; -0.0171 V          ; 0.273 V                             ; 0.065 V                             ; 4.95e-10 s                 ; 5.37e-10 s                 ; No                        ; Yes                       ;
; q[4]                ; 2.5 V        ; 0 s                 ; 0 s                 ; 2.62 V                       ; 3.16e-08 V                   ; 2.71 V              ; -0.0171 V           ; 0.273 V                              ; 0.065 V                              ; 4.95e-10 s                  ; 5.37e-10 s                  ; No                         ; Yes                        ; 2.62 V                      ; 3.16e-08 V                  ; 2.71 V             ; -0.0171 V          ; 0.273 V                             ; 0.065 V                             ; 4.95e-10 s                 ; 5.37e-10 s                 ; No                        ; Yes                       ;
; q[3]                ; 2.5 V        ; 0 s                 ; 0 s                 ; 2.62 V                       ; 4.66e-08 V                   ; 2.72 V              ; -0.0215 V           ; 0.161 V                              ; 0.061 V                              ; 4.44e-10 s                  ; 4.06e-10 s                  ; No                         ; Yes                        ; 2.62 V                      ; 4.66e-08 V                  ; 2.72 V             ; -0.0215 V          ; 0.161 V                             ; 0.061 V                             ; 4.44e-10 s                 ; 4.06e-10 s                 ; No                        ; Yes                       ;
; q[2]                ; 2.5 V        ; 0 s                 ; 0 s                 ; 2.62 V                       ; 4.66e-08 V                   ; 2.73 V              ; -0.0205 V           ; 0.17 V                               ; 0.027 V                              ; 2.58e-10 s                  ; 2.57e-10 s                  ; Yes                        ; Yes                        ; 2.62 V                      ; 4.66e-08 V                  ; 2.73 V             ; -0.0205 V          ; 0.17 V                              ; 0.027 V                             ; 2.58e-10 s                 ; 2.57e-10 s                 ; Yes                       ; Yes                       ;
; q[1]                ; 2.5 V        ; 0 s                 ; 0 s                 ; 2.62 V                       ; 4.66e-08 V                   ; 2.72 V              ; -0.0215 V           ; 0.161 V                              ; 0.061 V                              ; 4.44e-10 s                  ; 4.06e-10 s                  ; No                         ; Yes                        ; 2.62 V                      ; 4.66e-08 V                  ; 2.72 V             ; -0.0215 V          ; 0.161 V                             ; 0.061 V                             ; 4.44e-10 s                 ; 4.06e-10 s                 ; No                        ; Yes                       ;
; q[0]                ; 2.5 V        ; 0 s                 ; 0 s                 ; 2.62 V                       ; 4.66e-08 V                   ; 2.73 V              ; -0.0205 V           ; 0.17 V                               ; 0.027 V                              ; 2.58e-10 s                  ; 2.57e-10 s                  ; Yes                        ; Yes                        ; 2.62 V                      ; 4.66e-08 V                  ; 2.73 V             ; -0.0205 V          ; 0.17 V                              ; 0.027 V                             ; 2.58e-10 s                 ; 2.57e-10 s                 ; Yes                       ; Yes                       ;
; altera_reserved_tdo ; 2.5 V        ; 0 s                 ; 0 s                 ; 2.62 V                       ; 2.87e-07 V                   ; 2.64 V              ; -0.00696 V          ; 0.149 V                              ; 0.219 V                              ; 6.42e-10 s                  ; 1.44e-09 s                  ; Yes                        ; Yes                        ; 2.62 V                      ; 2.87e-07 V                  ; 2.64 V             ; -0.00696 V         ; 0.149 V                             ; 0.219 V                             ; 6.42e-10 s                 ; 1.44e-09 s                 ; Yes                       ; Yes                       ;
; ~ALTERA_NCEO~       ; 2.5 V        ; 0 s                 ; 0 s                 ; 2.62 V                       ; 3.06e-08 V                   ; 2.86 V              ; -0.0341 V           ; 0.364 V                              ; 0.046 V                              ; 1.17e-10 s                  ; 2.6e-10 s                   ; No                         ; Yes                        ; 2.62 V                      ; 3.06e-08 V                  ; 2.86 V             ; -0.0341 V          ; 0.364 V                             ; 0.046 V                             ; 1.17e-10 s                 ; 2.6e-10 s                  ; No                        ; Yes                       ;
; ~ALTERA_DCLK~       ; 2.5 V        ; 0 s                 ; 0 s                 ; 2.62 V                       ; 3.81e-08 V                   ; 2.72 V              ; -0.0542 V           ; 0.144 V                              ; 0.087 V                              ; 2.55e-10 s                  ; 2.14e-10 s                  ; Yes                        ; Yes                        ; 2.62 V                      ; 3.81e-08 V                  ; 2.72 V             ; -0.0542 V          ; 0.144 V                             ; 0.087 V                             ; 2.55e-10 s                 ; 2.14e-10 s                 ; Yes                       ; Yes                       ;
+---------------------+--------------+---------------------+---------------------+------------------------------+------------------------------+---------------------+---------------------+--------------------------------------+--------------------------------------+-----------------------------+-----------------------------+----------------------------+----------------------------+-----------------------------+-----------------------------+--------------------+--------------------+-------------------------------------+-------------------------------------+----------------------------+----------------------------+---------------------------+---------------------------+


+---------------------------------------------------------------------------------------+
; Setup Transfers                                                                       ;
+---------------------+---------------------+----------+----------+----------+----------+
; From Clock          ; To Clock            ; RR Paths ; FR Paths ; RF Paths ; FF Paths ;
+---------------------+---------------------+----------+----------+----------+----------+
; altera_reserved_tck ; altera_reserved_tck ; 1047     ; 0        ; 40       ; 0        ;
+---------------------+---------------------+----------+----------+----------+----------+
Entries labeled "false path" only account for clock-to-clock false paths and not path-based false paths. As a result, actual path counts may be lower than reported.


+---------------------------------------------------------------------------------------+
; Hold Transfers                                                                        ;
+---------------------+---------------------+----------+----------+----------+----------+
; From Clock          ; To Clock            ; RR Paths ; FR Paths ; RF Paths ; FF Paths ;
+---------------------+---------------------+----------+----------+----------+----------+
; altera_reserved_tck ; altera_reserved_tck ; 1047     ; 0        ; 40       ; 0        ;
+---------------------+---------------------+----------+----------+----------+----------+
Entries labeled "false path" only account for clock-to-clock false paths and not path-based false paths. As a result, actual path counts may be lower than reported.


+---------------------------------------------------------------------------------------+
; Recovery Transfers                                                                    ;
+---------------------+---------------------+----------+----------+----------+----------+
; From Clock          ; To Clock            ; RR Paths ; FR Paths ; RF Paths ; FF Paths ;
+---------------------+---------------------+----------+----------+----------+----------+
; altera_reserved_tck ; altera_reserved_tck ; 48       ; 0        ; 1        ; 0        ;
+---------------------+---------------------+----------+----------+----------+----------+
Entries labeled "false path" only account for clock-to-clock false paths and not path-based false paths. As a result, actual path counts may be lower than reported.


+---------------------------------------------------------------------------------------+
; Removal Transfers                                                                     ;
+---------------------+---------------------+----------+----------+----------+----------+
; From Clock          ; To Clock            ; RR Paths ; FR Paths ; RF Paths ; FF Paths ;
+---------------------+---------------------+----------+----------+----------+----------+
; altera_reserved_tck ; altera_reserved_tck ; 48       ; 0        ; 1        ; 0        ;
+---------------------+---------------------+----------+----------+----------+----------+
Entries labeled "false path" only account for clock-to-clock false paths and not path-based false paths. As a result, actual path counts may be lower than reported.


---------------
; Report TCCS ;
---------------
No dedicated SERDES Transmitter circuitry present in device or used in design


---------------
; Report RSKM ;
---------------
No non-DPA dedicated SERDES Receiver circuitry present in device or used in design


+------------------------------------------------+
; Unconstrained Paths                            ;
+---------------------------------+-------+------+
; Property                        ; Setup ; Hold ;
+---------------------------------+-------+------+
; Illegal Clocks                  ; 0     ; 0    ;
; Unconstrained Clocks            ; 1     ; 1    ;
; Unconstrained Input Ports       ; 19    ; 19   ;
; Unconstrained Input Port Paths  ; 59    ; 59   ;
; Unconstrained Output Ports      ; 9     ; 9    ;
; Unconstrained Output Port Paths ; 9     ; 9    ;
+---------------------------------+-------+------+


+------------------------------------+
; TimeQuest Timing Analyzer Messages ;
+------------------------------------+
Info: *******************************************************************
Info: Running Quartus II 64-Bit TimeQuest Timing Analyzer
    Info: Version 13.1.0 Build 162 10/23/2013 SJ Web Edition
    Info: Processing started: Mon Jan 06 16:06:13 2025
Info: Command: quartus_sta module_OP -c OP_from_megawizard
Info: qsta_default_script.tcl version: #1
Warning (20028): Parallel compilation is not licensed and has been disabled
Info (21076): High junction temperature operating condition is not set. Assuming a default value of '85'.
Info (21076): Low junction temperature operating condition is not set. Assuming a default value of '0'.
Info (332164): Evaluating HDL-embedded SDC commands
    Info (332165): Entity sld_jtag_hub
        Info (332166): create_clock -name altera_reserved_tck [get_ports {altera_reserved_tck}] -period 10MHz   
        Info (332166): set_clock_groups -asynchronous -group {altera_reserved_tck}
Critical Warning (332012): Synopsys Design Constraints File file not found: 'OP_from_megawizard.sdc'. A Synopsys Design Constraints File is required by the TimeQuest Timing Analyzer to get proper timing constraints. Without it, the Compiler will not properly optimize the design.
Warning (332060): Node: clock was determined to be a clock but was found without an associated clock assignment.
Info (332143): No user constrained clock uncertainty found in the design. Calling "derive_clock_uncertainty"
Info (332123): Deriving Clock Uncertainty. Please refer to report_sdc in TimeQuest to see clock uncertainties.
Info: Found TIMEQUEST_REPORT_SCRIPT_INCLUDE_DEFAULT_ANALYSIS = ON
Info: Analyzing Slow 1200mV 85C Model
Info (332146): Worst-case setup slack is 45.648
    Info (332119):     Slack       End Point TNS Clock 
    Info (332119): ========= =================== =====================
    Info (332119):    45.648               0.000 altera_reserved_tck 
Info (332146): Worst-case hold slack is 0.355
    Info (332119):     Slack       End Point TNS Clock 
    Info (332119): ========= =================== =====================
    Info (332119):     0.355               0.000 altera_reserved_tck 
Info (332146): Worst-case recovery slack is 48.435
    Info (332119):     Slack       End Point TNS Clock 
    Info (332119): ========= =================== =====================
    Info (332119):    48.435               0.000 altera_reserved_tck 
Info (332146): Worst-case removal slack is 0.993
    Info (332119):     Slack       End Point TNS Clock 
    Info (332119): ========= =================== =====================
    Info (332119):     0.993               0.000 altera_reserved_tck 
Info (332146): Worst-case minimum pulse width slack is 49.595
    Info (332119):     Slack       End Point TNS Clock 
    Info (332119): ========= =================== =====================
    Info (332119):    49.595               0.000 altera_reserved_tck 
Info: Analyzing Slow 1200mV 0C Model
Info (334003): Started post-fitting delay annotation
Info (334004): Delay annotation completed successfully
Warning (332060): Node: clock was determined to be a clock but was found without an associated clock assignment.
Info (332123): Deriving Clock Uncertainty. Please refer to report_sdc in TimeQuest to see clock uncertainties.
Info (332146): Worst-case setup slack is 46.145
    Info (332119):     Slack       End Point TNS Clock 
    Info (332119): ========= =================== =====================
    Info (332119):    46.145               0.000 altera_reserved_tck 
Info (332146): Worst-case hold slack is 0.310
    Info (332119):     Slack       End Point TNS Clock 
    Info (332119): ========= =================== =====================
    Info (332119):     0.310               0.000 altera_reserved_tck 
Info (332146): Worst-case recovery slack is 48.601
    Info (332119):     Slack       End Point TNS Clock 
    Info (332119): ========= =================== =====================
    Info (332119):    48.601               0.000 altera_reserved_tck 
Info (332146): Worst-case removal slack is 0.894
    Info (332119):     Slack       End Point TNS Clock 
    Info (332119): ========= =================== =====================
    Info (332119):     0.894               0.000 altera_reserved_tck 
Info (332146): Worst-case minimum pulse width slack is 49.604
    Info (332119):     Slack       End Point TNS Clock 
    Info (332119): ========= =================== =====================
    Info (332119):    49.604               0.000 altera_reserved_tck 
Info: Analyzing Fast 1200mV 0C Model
Warning (332060): Node: clock was determined to be a clock but was found without an associated clock assignment.
Info (332123): Deriving Clock Uncertainty. Please refer to report_sdc in TimeQuest to see clock uncertainties.
Info (332146): Worst-case setup slack is 47.834
    Info (332119):     Slack       End Point TNS Clock 
    Info (332119): ========= =================== =====================
    Info (332119):    47.834               0.000 altera_reserved_tck 
Info (332146): Worst-case hold slack is 0.185
    Info (332119):     Slack       End Point TNS Clock 
    Info (332119): ========= =================== =====================
    Info (332119):     0.185               0.000 altera_reserved_tck 
Info (332146): Worst-case recovery slack is 49.381
    Info (332119):     Slack       End Point TNS Clock 
    Info (332119): ========= =================== =====================
    Info (332119):    49.381               0.000 altera_reserved_tck 
Info (332146): Worst-case removal slack is 0.546
    Info (332119):     Slack       End Point TNS Clock 
    Info (332119): ========= =================== =====================
    Info (332119):     0.546               0.000 altera_reserved_tck 
Info (332146): Worst-case minimum pulse width slack is 49.398
    Info (332119):     Slack       End Point TNS Clock 
    Info (332119): ========= =================== =====================
    Info (332119):    49.398               0.000 altera_reserved_tck 
Info (332102): Design is not fully constrained for setup requirements
Info (332102): Design is not fully constrained for hold requirements
Info: Quartus II 64-Bit TimeQuest Timing Analyzer was successful. 0 errors, 5 warnings
    Info: Peak virtual memory: 4695 megabytes
    Info: Processing ended: Mon Jan 06 16:06:20 2025
    Info: Elapsed time: 00:00:07
    Info: Total CPU time (on all processors): 00:00:06


