TimeQuest Timing Analyzer report for RP_from_template
Mon Jan 06 14:20:07 2025
Quartus II 64-Bit Version 13.1.0 Build 162 10/23/2013 SJ Web Edition


---------------------
; Table of Contents ;
---------------------
  1. Legal Notice
  2. TimeQuest Timing Analyzer Summary
  3. Parallel Compilation
  4. Clocks
  5. Slow 1200mV 85C Model Fmax Summary
  6. Timing Closure Recommendations
  7. Slow 1200mV 85C Model Setup Summary
  8. Slow 1200mV 85C Model Hold Summary
  9. Slow 1200mV 85C Model Recovery Summary
 10. Slow 1200mV 85C Model Removal Summary
 11. Slow 1200mV 85C Model Minimum Pulse Width Summary
 12. Slow 1200mV 85C Model Setup: 'clk'
 13. Slow 1200mV 85C Model Hold: 'clk'
 14. Slow 1200mV 85C Model Minimum Pulse Width: 'clk'
 15. Setup Times
 16. Hold Times
 17. Clock to Output Times
 18. Minimum Clock to Output Times
 19. Slow 1200mV 85C Model Metastability Report
 20. Slow 1200mV 0C Model Fmax Summary
 21. Slow 1200mV 0C Model Setup Summary
 22. Slow 1200mV 0C Model Hold Summary
 23. Slow 1200mV 0C Model Recovery Summary
 24. Slow 1200mV 0C Model Removal Summary
 25. Slow 1200mV 0C Model Minimum Pulse Width Summary
 26. Slow 1200mV 0C Model Setup: 'clk'
 27. Slow 1200mV 0C Model Hold: 'clk'
 28. Slow 1200mV 0C Model Minimum Pulse Width: 'clk'
 29. Setup Times
 30. Hold Times
 31. Clock to Output Times
 32. Minimum Clock to Output Times
 33. Slow 1200mV 0C Model Metastability Report
 34. Fast 1200mV 0C Model Setup Summary
 35. Fast 1200mV 0C Model Hold Summary
 36. Fast 1200mV 0C Model Recovery Summary
 37. Fast 1200mV 0C Model Removal Summary
 38. Fast 1200mV 0C Model Minimum Pulse Width Summary
 39. Fast 1200mV 0C Model Setup: 'clk'
 40. Fast 1200mV 0C Model Hold: 'clk'
 41. Fast 1200mV 0C Model Minimum Pulse Width: 'clk'
 42. Setup Times
 43. Hold Times
 44. Clock to Output Times
 45. Minimum Clock to Output Times
 46. Fast 1200mV 0C Model Metastability Report
 47. Multicorner Timing Analysis Summary
 48. Setup Times
 49. Hold Times
 50. Clock to Output Times
 51. Minimum Clock to Output Times
 52. Board Trace Model Assignments
 53. Input Transition Times
 54. Signal Integrity Metrics (Slow 1200mv 0c Model)
 55. Signal Integrity Metrics (Slow 1200mv 85c Model)
 56. Signal Integrity Metrics (Fast 1200mv 0c Model)
 57. Setup Transfers
 58. Hold Transfers
 59. Report TCCS
 60. Report RSKM
 61. Unconstrained Paths
 62. TimeQuest Timing Analyzer Messages



----------------
; Legal Notice ;
----------------
Copyright (C) 1991-2013 Altera Corporation
Your use of Altera Corporation's design tools, logic functions 
and other software and tools, and its AMPP partner logic 
functions, and any output files from any of the foregoing 
(including device programming or simulation files), and any 
associated documentation or information are expressly subject 
to the terms and conditions of the Altera Program License 
Subscription Agreement, Altera MegaCore Function License 
Agreement, or other applicable license agreement, including, 
without limitation, that your use is for the sole purpose of 
programming logic devices manufactured by Altera and sold by 
Altera or its authorized distributors.  Please refer to the 
applicable agreement for further details.



+-------------------------------------------------------------------------+
; TimeQuest Timing Analyzer Summary                                       ;
+--------------------+----------------------------------------------------+
; Quartus II Version ; Version 13.1.0 Build 162 10/23/2013 SJ Web Edition ;
; Revision Name      ; RP_from_template                                   ;
; Device Family      ; Cyclone IV GX                                      ;
; Device Name        ; EP4CGX22CF19C6                                     ;
; Timing Models      ; Final                                              ;
; Delay Model        ; Combined                                           ;
; Rise/Fall Delays   ; Enabled                                            ;
+--------------------+----------------------------------------------------+


Parallel compilation was disabled, but you have multiple processors available. Enable parallel compilation to reduce compilation time.
+-------------------------------------+
; Parallel Compilation                ;
+----------------------------+--------+
; Processors                 ; Number ;
+----------------------------+--------+
; Number detected on machine ; 4      ;
; Maximum allowed            ; 1      ;
+----------------------------+--------+


+---------------------------------------------------------------------------------------------------------------------------------------------------------------------------------+
; Clocks                                                                                                                                                                          ;
+------------+------+--------+------------+-------+-------+------------+-----------+-------------+-------+--------+-----------+------------+----------+--------+--------+---------+
; Clock Name ; Type ; Period ; Frequency  ; Rise  ; Fall  ; Duty Cycle ; Divide by ; Multiply by ; Phase ; Offset ; Edge List ; Edge Shift ; Inverted ; Master ; Source ; Targets ;
+------------+------+--------+------------+-------+-------+------------+-----------+-------------+-------+--------+-----------+------------+----------+--------+--------+---------+
; clk        ; Base ; 1.000  ; 1000.0 MHz ; 0.000 ; 0.500 ;            ;           ;             ;       ;        ;           ;            ;          ;        ;        ; { clk } ;
+------------+------+--------+------------+-------+-------+------------+-----------+-------------+-------+--------+-----------+------------+----------+--------+--------+---------+


+-----------------------------------------------------------------------------------------------------------+
; Slow 1200mV 85C Model Fmax Summary                                                                        ;
+------------+-----------------+------------+---------------------------------------------------------------+
; Fmax       ; Restricted Fmax ; Clock Name ; Note                                                          ;
+------------+-----------------+------------+---------------------------------------------------------------+
; 402.09 MHz ; 250.0 MHz       ; clk        ; limit due to minimum period restriction (max I/O toggle rate) ;
+------------+-----------------+------------+---------------------------------------------------------------+
This panel reports FMAX for every clock in the design, regardless of the user-specified clock periods.  FMAX is only computed for paths where the source and destination registers or ports are driven by the same clock.  Paths of different clocks, including generated clocks, are ignored.  For paths between a clock and its inversion, FMAX is computed as if the rising and falling edges are scaled along with FMAX, such that the duty cycle (in terms of a percentage) is maintained. Altera recommends that you always use clock constraints and other slack reports for sign-off analysis.


----------------------------------
; Timing Closure Recommendations ;
----------------------------------
HTML report is unavailable in plain text report export.


+-------------------------------------+
; Slow 1200mV 85C Model Setup Summary ;
+-------+--------+--------------------+
; Clock ; Slack  ; End Point TNS      ;
+-------+--------+--------------------+
; clk   ; -1.487 ; -53.026            ;
+-------+--------+--------------------+


+------------------------------------+
; Slow 1200mV 85C Model Hold Summary ;
+-------+-------+--------------------+
; Clock ; Slack ; End Point TNS      ;
+-------+-------+--------------------+
; clk   ; 0.356 ; 0.000              ;
+-------+-------+--------------------+


------------------------------------------
; Slow 1200mV 85C Model Recovery Summary ;
------------------------------------------
No paths to report.


-----------------------------------------
; Slow 1200mV 85C Model Removal Summary ;
-----------------------------------------
No paths to report.


+---------------------------------------------------+
; Slow 1200mV 85C Model Minimum Pulse Width Summary ;
+-------+--------+----------------------------------+
; Clock ; Slack  ; End Point TNS                    ;
+-------+--------+----------------------------------+
; clk   ; -3.000 ; -83.000                          ;
+-------+--------+----------------------------------+


+--------------------------------------------------------------------------------------------------------+
; Slow 1200mV 85C Model Setup: 'clk'                                                                     ;
+--------+-----------+-------------+--------------+-------------+--------------+------------+------------+
; Slack  ; From Node ; To Node     ; Launch Clock ; Latch Clock ; Relationship ; Clock Skew ; Data Delay ;
+--------+-----------+-------------+--------------+-------------+--------------+------------+------------+
; -1.487 ; ram~83    ; q_b[3]~reg0 ; clk          ; clk         ; 1.000        ; 0.286      ; 2.768      ;
; -1.427 ; ram~83    ; ram~83      ; clk          ; clk         ; 1.000        ; -0.065     ; 2.357      ;
; -1.284 ; ram~73    ; q_a[1]~reg0 ; clk          ; clk         ; 1.000        ; 0.286      ; 2.565      ;
; -1.205 ; ram~69    ; q_b[5]~reg0 ; clk          ; clk         ; 1.000        ; 0.288      ; 2.488      ;
; -1.070 ; ram~77    ; q_b[5]~reg0 ; clk          ; clk         ; 1.000        ; 0.286      ; 2.351      ;
; -1.051 ; ram~55    ; q_b[7]~reg0 ; clk          ; clk         ; 1.000        ; 0.287      ; 2.333      ;
; -1.031 ; ram~61    ; q_b[5]~reg0 ; clk          ; clk         ; 1.000        ; 0.287      ; 2.313      ;
; -1.030 ; ram~24    ; q_a[0]~reg0 ; clk          ; clk         ; 1.000        ; 0.287      ; 2.312      ;
; -1.023 ; ram~35    ; q_b[3]~reg0 ; clk          ; clk         ; 1.000        ; 0.287      ; 2.305      ;
; -1.018 ; ram~67    ; q_b[3]~reg0 ; clk          ; clk         ; 1.000        ; 0.286      ; 2.299      ;
; -1.005 ; ram~72    ; q_b[0]~reg0 ; clk          ; clk         ; 1.000        ; 0.286      ; 2.286      ;
; -0.999 ; ram~77    ; q_a[5]~reg0 ; clk          ; clk         ; 1.000        ; 0.284      ; 2.278      ;
; -0.997 ; ram~37    ; q_a[5]~reg0 ; clk          ; clk         ; 1.000        ; 0.284      ; 2.276      ;
; -0.992 ; ram~56    ; q_a[0]~reg0 ; clk          ; clk         ; 1.000        ; 0.286      ; 2.273      ;
; -0.989 ; ram~51    ; q_b[3]~reg0 ; clk          ; clk         ; 1.000        ; 0.287      ; 2.271      ;
; -0.987 ; ram~53    ; q_b[5]~reg0 ; clk          ; clk         ; 1.000        ; 0.287      ; 2.269      ;
; -0.984 ; ram~52    ; q_b[4]~reg0 ; clk          ; clk         ; 1.000        ; 0.286      ; 2.265      ;
; -0.972 ; ram~42    ; q_b[2]~reg0 ; clk          ; clk         ; 1.000        ; 0.288      ; 2.255      ;
; -0.965 ; ram~55    ; ram~55      ; clk          ; clk         ; 1.000        ; -0.064     ; 1.896      ;
; -0.931 ; ram~53    ; ram~53      ; clk          ; clk         ; 1.000        ; -0.064     ; 1.862      ;
; -0.931 ; ram~75    ; ram~75      ; clk          ; clk         ; 1.000        ; -0.064     ; 1.862      ;
; -0.927 ; ram~53    ; q_a[5]~reg0 ; clk          ; clk         ; 1.000        ; 0.285      ; 2.207      ;
; -0.914 ; ram~36    ; q_a[4]~reg0 ; clk          ; clk         ; 1.000        ; 0.287      ; 2.196      ;
; -0.900 ; ram~24    ; q_b[0]~reg0 ; clk          ; clk         ; 1.000        ; 0.287      ; 2.182      ;
; -0.896 ; ram~61    ; q_a[5]~reg0 ; clk          ; clk         ; 1.000        ; 0.285      ; 2.176      ;
; -0.893 ; ram~30    ; q_b[6]~reg0 ; clk          ; clk         ; 1.000        ; 0.286      ; 2.174      ;
; -0.892 ; ram~25    ; q_b[1]~reg0 ; clk          ; clk         ; 1.000        ; 0.286      ; 2.173      ;
; -0.888 ; ram~36    ; q_b[4]~reg0 ; clk          ; clk         ; 1.000        ; 0.286      ; 2.169      ;
; -0.887 ; ram~85    ; q_b[5]~reg0 ; clk          ; clk         ; 1.000        ; 0.288      ; 2.170      ;
; -0.882 ; ram~33    ; q_b[1]~reg0 ; clk          ; clk         ; 1.000        ; 0.286      ; 2.163      ;
; -0.880 ; ram~41    ; q_b[1]~reg0 ; clk          ; clk         ; 1.000        ; 0.286      ; 2.161      ;
; -0.879 ; ram~58    ; q_b[2]~reg0 ; clk          ; clk         ; 1.000        ; 0.287      ; 2.161      ;
; -0.878 ; ram~54    ; q_b[6]~reg0 ; clk          ; clk         ; 1.000        ; 0.286      ; 2.159      ;
; -0.876 ; ram~56    ; q_b[0]~reg0 ; clk          ; clk         ; 1.000        ; 0.286      ; 2.157      ;
; -0.867 ; ram~75    ; q_b[3]~reg0 ; clk          ; clk         ; 1.000        ; 0.287      ; 2.149      ;
; -0.864 ; ram~79    ; q_b[7]~reg0 ; clk          ; clk         ; 1.000        ; 0.286      ; 2.145      ;
; -0.840 ; ram~73    ; q_b[1]~reg0 ; clk          ; clk         ; 1.000        ; 0.286      ; 2.121      ;
; -0.824 ; ram~28    ; ram~28      ; clk          ; clk         ; 1.000        ; -0.064     ; 1.755      ;
; -0.820 ; ram~29    ; q_a[5]~reg0 ; clk          ; clk         ; 1.000        ; 0.284      ; 2.099      ;
; -0.817 ; ram~50    ; q_b[2]~reg0 ; clk          ; clk         ; 1.000        ; 0.288      ; 2.100      ;
; -0.814 ; ram~51    ; q_a[3]~reg0 ; clk          ; clk         ; 1.000        ; 0.287      ; 2.096      ;
; -0.811 ; ram~52    ; ram~52      ; clk          ; clk         ; 1.000        ; -0.064     ; 1.742      ;
; -0.810 ; ram~78    ; q_b[6]~reg0 ; clk          ; clk         ; 1.000        ; 0.287      ; 2.092      ;
; -0.809 ; ram~67    ; ram~67      ; clk          ; clk         ; 1.000        ; -0.065     ; 1.739      ;
; -0.801 ; ram~32    ; q_b[0]~reg0 ; clk          ; clk         ; 1.000        ; 0.287      ; 2.083      ;
; -0.800 ; ram~80    ; q_b[0]~reg0 ; clk          ; clk         ; 1.000        ; 0.286      ; 2.081      ;
; -0.799 ; ram~45    ; ram~45      ; clk          ; clk         ; 1.000        ; -0.064     ; 1.730      ;
; -0.799 ; ram~46    ; q_b[6]~reg0 ; clk          ; clk         ; 1.000        ; 0.286      ; 2.080      ;
; -0.796 ; ram~40    ; q_b[0]~reg0 ; clk          ; clk         ; 1.000        ; 0.287      ; 2.078      ;
; -0.793 ; ram~59    ; q_a[3]~reg0 ; clk          ; clk         ; 1.000        ; 0.287      ; 2.075      ;
; -0.790 ; ram~54    ; ram~54      ; clk          ; clk         ; 1.000        ; -0.065     ; 1.720      ;
; -0.784 ; ram~25    ; ram~25      ; clk          ; clk         ; 1.000        ; -0.064     ; 1.715      ;
; -0.783 ; ram~74    ; q_b[2]~reg0 ; clk          ; clk         ; 1.000        ; 0.287      ; 2.065      ;
; -0.781 ; ram~43    ; q_a[3]~reg0 ; clk          ; clk         ; 1.000        ; 0.287      ; 2.063      ;
; -0.780 ; ram~47    ; q_b[7]~reg0 ; clk          ; clk         ; 1.000        ; 0.287      ; 2.062      ;
; -0.771 ; ram~31    ; q_a[7]~reg0 ; clk          ; clk         ; 1.000        ; 0.287      ; 2.053      ;
; -0.771 ; ram~26    ; q_b[2]~reg0 ; clk          ; clk         ; 1.000        ; 0.287      ; 2.053      ;
; -0.771 ; ram~65    ; q_b[1]~reg0 ; clk          ; clk         ; 1.000        ; 0.286      ; 2.052      ;
; -0.769 ; ram~38    ; q_b[6]~reg0 ; clk          ; clk         ; 1.000        ; 0.286      ; 2.050      ;
; -0.768 ; ram~57    ; q_b[1]~reg0 ; clk          ; clk         ; 1.000        ; 0.286      ; 2.049      ;
; -0.767 ; ram~71    ; q_b[7]~reg0 ; clk          ; clk         ; 1.000        ; 0.286      ; 2.048      ;
; -0.763 ; ram~48    ; q_b[0]~reg0 ; clk          ; clk         ; 1.000        ; 0.287      ; 2.045      ;
; -0.759 ; ram~80    ; ram~80      ; clk          ; clk         ; 1.000        ; -0.065     ; 1.689      ;
; -0.757 ; ram~86    ; q_b[6]~reg0 ; clk          ; clk         ; 1.000        ; 0.287      ; 2.039      ;
; -0.755 ; ram~27    ; q_b[3]~reg0 ; clk          ; clk         ; 1.000        ; 0.287      ; 2.037      ;
; -0.754 ; ram~39    ; q_b[7]~reg0 ; clk          ; clk         ; 1.000        ; 0.287      ; 2.036      ;
; -0.754 ; ram~84    ; q_b[4]~reg0 ; clk          ; clk         ; 1.000        ; 0.287      ; 2.036      ;
; -0.753 ; ram~28    ; q_b[4]~reg0 ; clk          ; clk         ; 1.000        ; 0.286      ; 2.034      ;
; -0.750 ; ram~64    ; q_b[0]~reg0 ; clk          ; clk         ; 1.000        ; 0.286      ; 2.031      ;
; -0.750 ; ram~44    ; q_a[4]~reg0 ; clk          ; clk         ; 1.000        ; 0.287      ; 2.032      ;
; -0.747 ; ram~43    ; q_b[3]~reg0 ; clk          ; clk         ; 1.000        ; 0.287      ; 2.029      ;
; -0.746 ; ram~44    ; q_b[4]~reg0 ; clk          ; clk         ; 1.000        ; 0.286      ; 2.027      ;
; -0.744 ; ram~66    ; q_b[2]~reg0 ; clk          ; clk         ; 1.000        ; 0.287      ; 2.026      ;
; -0.744 ; ram~34    ; q_b[2]~reg0 ; clk          ; clk         ; 1.000        ; 0.287      ; 2.026      ;
; -0.742 ; ram~76    ; q_b[4]~reg0 ; clk          ; clk         ; 1.000        ; 0.285      ; 2.022      ;
; -0.740 ; ram~74    ; q_a[2]~reg0 ; clk          ; clk         ; 1.000        ; 0.287      ; 2.022      ;
; -0.728 ; ram~29    ; q_b[5]~reg0 ; clk          ; clk         ; 1.000        ; 0.286      ; 2.009      ;
; -0.728 ; ram~63    ; q_b[7]~reg0 ; clk          ; clk         ; 1.000        ; 0.286      ; 2.009      ;
; -0.720 ; ram~75    ; q_a[3]~reg0 ; clk          ; clk         ; 1.000        ; 0.287      ; 2.002      ;
; -0.716 ; ram~72    ; q_a[0]~reg0 ; clk          ; clk         ; 1.000        ; 0.286      ; 1.997      ;
; -0.715 ; ram~35    ; q_a[3]~reg0 ; clk          ; clk         ; 1.000        ; 0.287      ; 1.997      ;
; -0.711 ; ram~87    ; ram~87      ; clk          ; clk         ; 1.000        ; -0.064     ; 1.642      ;
; -0.709 ; ram~63    ; q_a[7]~reg0 ; clk          ; clk         ; 1.000        ; 0.286      ; 1.990      ;
; -0.705 ; ram~45    ; q_b[5]~reg0 ; clk          ; clk         ; 1.000        ; 0.287      ; 1.987      ;
; -0.699 ; ram~25    ; q_a[1]~reg0 ; clk          ; clk         ; 1.000        ; 0.286      ; 1.980      ;
; -0.693 ; ram~40    ; ram~40      ; clk          ; clk         ; 1.000        ; -0.064     ; 1.624      ;
; -0.690 ; ram~45    ; q_a[5]~reg0 ; clk          ; clk         ; 1.000        ; 0.285      ; 1.970      ;
; -0.685 ; ram~38    ; q_a[6]~reg0 ; clk          ; clk         ; 1.000        ; 0.286      ; 1.966      ;
; -0.679 ; ram~32    ; ram~32      ; clk          ; clk         ; 1.000        ; -0.064     ; 1.610      ;
; -0.677 ; ram~74    ; ram~74      ; clk          ; clk         ; 1.000        ; -0.064     ; 1.608      ;
; -0.673 ; ram~68    ; ram~68      ; clk          ; clk         ; 1.000        ; -0.064     ; 1.604      ;
; -0.673 ; ram~42    ; ram~42      ; clk          ; clk         ; 1.000        ; -0.064     ; 1.604      ;
; -0.669 ; ram~85    ; ram~85      ; clk          ; clk         ; 1.000        ; -0.065     ; 1.599      ;
; -0.666 ; ram~71    ; ram~71      ; clk          ; clk         ; 1.000        ; -0.064     ; 1.597      ;
; -0.665 ; ram~41    ; ram~41      ; clk          ; clk         ; 1.000        ; -0.064     ; 1.596      ;
; -0.661 ; ram~54    ; q_a[6]~reg0 ; clk          ; clk         ; 1.000        ; 0.286      ; 1.942      ;
; -0.660 ; ram~65    ; ram~65      ; clk          ; clk         ; 1.000        ; -0.065     ; 1.590      ;
; -0.658 ; ram~82    ; q_b[2]~reg0 ; clk          ; clk         ; 1.000        ; 0.287      ; 1.940      ;
; -0.657 ; ram~77    ; ram~77      ; clk          ; clk         ; 1.000        ; -0.064     ; 1.588      ;
; -0.652 ; ram~44    ; ram~44      ; clk          ; clk         ; 1.000        ; -0.064     ; 1.583      ;
+--------+-----------+-------------+--------------+-------------+--------------+------------+------------+


+-------------------------------------------------------------------------------------------------------+
; Slow 1200mV 85C Model Hold: 'clk'                                                                     ;
+-------+-----------+-------------+--------------+-------------+--------------+------------+------------+
; Slack ; From Node ; To Node     ; Launch Clock ; Latch Clock ; Relationship ; Clock Skew ; Data Delay ;
+-------+-----------+-------------+--------------+-------------+--------------+------------+------------+
; 0.356 ; ram~37    ; ram~37      ; clk          ; clk         ; 0.000        ; 0.064      ; 0.577      ;
; 0.356 ; ram~59    ; ram~59      ; clk          ; clk         ; 0.000        ; 0.064      ; 0.577      ;
; 0.700 ; ram~65    ; q_a[1]~reg0 ; clk          ; clk         ; 0.000        ; 0.430      ; 1.287      ;
; 0.728 ; ram~49    ; q_a[1]~reg0 ; clk          ; clk         ; 0.000        ; 0.429      ; 1.314      ;
; 0.797 ; ram~60    ; ram~60      ; clk          ; clk         ; 0.000        ; 0.064      ; 1.018      ;
; 0.807 ; ram~85    ; q_a[5]~reg0 ; clk          ; clk         ; 0.000        ; 0.430      ; 1.394      ;
; 0.810 ; ram~86    ; q_a[6]~reg0 ; clk          ; clk         ; 0.000        ; 0.430      ; 1.397      ;
; 0.815 ; ram~43    ; ram~43      ; clk          ; clk         ; 0.000        ; 0.064      ; 1.036      ;
; 0.819 ; ram~62    ; ram~62      ; clk          ; clk         ; 0.000        ; 0.065      ; 1.041      ;
; 0.821 ; ram~31    ; ram~31      ; clk          ; clk         ; 0.000        ; 0.064      ; 1.042      ;
; 0.826 ; ram~80    ; q_a[0]~reg0 ; clk          ; clk         ; 0.000        ; 0.430      ; 1.413      ;
; 0.844 ; ram~70    ; q_a[6]~reg0 ; clk          ; clk         ; 0.000        ; 0.430      ; 1.431      ;
; 0.925 ; ram~71    ; q_a[7]~reg0 ; clk          ; clk         ; 0.000        ; 0.429      ; 1.511      ;
; 0.927 ; ram~64    ; q_a[0]~reg0 ; clk          ; clk         ; 0.000        ; 0.430      ; 1.514      ;
; 0.930 ; ram~51    ; ram~51      ; clk          ; clk         ; 0.000        ; 0.064      ; 1.151      ;
; 0.934 ; ram~47    ; q_a[7]~reg0 ; clk          ; clk         ; 0.000        ; 0.430      ; 1.521      ;
; 0.940 ; ram~34    ; ram~34      ; clk          ; clk         ; 0.000        ; 0.064      ; 1.161      ;
; 0.949 ; ram~67    ; q_a[3]~reg0 ; clk          ; clk         ; 0.000        ; 0.430      ; 1.536      ;
; 0.952 ; ram~81    ; q_a[1]~reg0 ; clk          ; clk         ; 0.000        ; 0.430      ; 1.539      ;
; 0.958 ; ram~69    ; q_a[5]~reg0 ; clk          ; clk         ; 0.000        ; 0.430      ; 1.545      ;
; 0.974 ; ram~59    ; q_b[3]~reg0 ; clk          ; clk         ; 0.000        ; 0.430      ; 1.561      ;
; 0.976 ; ram~66    ; q_a[2]~reg0 ; clk          ; clk         ; 0.000        ; 0.430      ; 1.563      ;
; 0.979 ; ram~58    ; q_a[2]~reg0 ; clk          ; clk         ; 0.000        ; 0.430      ; 1.566      ;
; 0.980 ; ram~79    ; q_a[7]~reg0 ; clk          ; clk         ; 0.000        ; 0.429      ; 1.566      ;
; 0.982 ; ram~66    ; ram~66      ; clk          ; clk         ; 0.000        ; 0.064      ; 1.203      ;
; 0.993 ; ram~55    ; q_a[7]~reg0 ; clk          ; clk         ; 0.000        ; 0.430      ; 1.580      ;
; 0.997 ; ram~86    ; ram~86      ; clk          ; clk         ; 0.000        ; 0.064      ; 1.218      ;
; 0.999 ; ram~62    ; q_b[6]~reg0 ; clk          ; clk         ; 0.000        ; 0.430      ; 1.586      ;
; 1.003 ; ram~26    ; q_a[2]~reg0 ; clk          ; clk         ; 0.000        ; 0.430      ; 1.590      ;
; 1.006 ; ram~62    ; q_a[6]~reg0 ; clk          ; clk         ; 0.000        ; 0.430      ; 1.593      ;
; 1.013 ; ram~42    ; q_a[2]~reg0 ; clk          ; clk         ; 0.000        ; 0.431      ; 1.601      ;
; 1.036 ; ram~82    ; q_a[2]~reg0 ; clk          ; clk         ; 0.000        ; 0.430      ; 1.623      ;
; 1.044 ; ram~87    ; q_a[7]~reg0 ; clk          ; clk         ; 0.000        ; 0.429      ; 1.630      ;
; 1.065 ; ram~50    ; q_a[2]~reg0 ; clk          ; clk         ; 0.000        ; 0.431      ; 1.653      ;
; 1.070 ; ram~24    ; ram~24      ; clk          ; clk         ; 0.000        ; 0.064      ; 1.291      ;
; 1.072 ; ram~68    ; q_a[4]~reg0 ; clk          ; clk         ; 0.000        ; 0.431      ; 1.660      ;
; 1.081 ; ram~40    ; q_a[0]~reg0 ; clk          ; clk         ; 0.000        ; 0.430      ; 1.668      ;
; 1.085 ; ram~46    ; q_a[6]~reg0 ; clk          ; clk         ; 0.000        ; 0.430      ; 1.672      ;
; 1.088 ; ram~83    ; q_a[3]~reg0 ; clk          ; clk         ; 0.000        ; 0.430      ; 1.675      ;
; 1.089 ; ram~57    ; q_a[1]~reg0 ; clk          ; clk         ; 0.000        ; 0.430      ; 1.676      ;
; 1.095 ; ram~41    ; q_a[1]~reg0 ; clk          ; clk         ; 0.000        ; 0.429      ; 1.681      ;
; 1.100 ; ram~33    ; ram~33      ; clk          ; clk         ; 0.000        ; 0.064      ; 1.321      ;
; 1.100 ; ram~72    ; ram~72      ; clk          ; clk         ; 0.000        ; 0.065      ; 1.322      ;
; 1.106 ; ram~33    ; q_a[1]~reg0 ; clk          ; clk         ; 0.000        ; 0.429      ; 1.692      ;
; 1.108 ; ram~31    ; q_b[7]~reg0 ; clk          ; clk         ; 0.000        ; 0.430      ; 1.695      ;
; 1.108 ; ram~70    ; ram~70      ; clk          ; clk         ; 0.000        ; 0.064      ; 1.329      ;
; 1.108 ; ram~34    ; q_a[2]~reg0 ; clk          ; clk         ; 0.000        ; 0.430      ; 1.695      ;
; 1.111 ; ram~57    ; ram~57      ; clk          ; clk         ; 0.000        ; 0.065      ; 1.333      ;
; 1.112 ; ram~30    ; ram~30      ; clk          ; clk         ; 0.000        ; 0.065      ; 1.334      ;
; 1.112 ; ram~29    ; ram~29      ; clk          ; clk         ; 0.000        ; 0.064      ; 1.333      ;
; 1.113 ; ram~47    ; ram~47      ; clk          ; clk         ; 0.000        ; 0.064      ; 1.334      ;
; 1.114 ; ram~63    ; ram~63      ; clk          ; clk         ; 0.000        ; 0.064      ; 1.335      ;
; 1.114 ; ram~61    ; ram~61      ; clk          ; clk         ; 0.000        ; 0.064      ; 1.335      ;
; 1.116 ; ram~37    ; q_b[5]~reg0 ; clk          ; clk         ; 0.000        ; 0.429      ; 1.702      ;
; 1.117 ; ram~84    ; q_a[4]~reg0 ; clk          ; clk         ; 0.000        ; 0.431      ; 1.705      ;
; 1.121 ; ram~58    ; ram~58      ; clk          ; clk         ; 0.000        ; 0.064      ; 1.342      ;
; 1.125 ; ram~36    ; ram~36      ; clk          ; clk         ; 0.000        ; 0.064      ; 1.346      ;
; 1.126 ; ram~39    ; q_a[7]~reg0 ; clk          ; clk         ; 0.000        ; 0.430      ; 1.713      ;
; 1.127 ; ram~76    ; ram~76      ; clk          ; clk         ; 0.000        ; 0.065      ; 1.349      ;
; 1.128 ; ram~49    ; ram~49      ; clk          ; clk         ; 0.000        ; 0.064      ; 1.349      ;
; 1.129 ; ram~78    ; q_a[6]~reg0 ; clk          ; clk         ; 0.000        ; 0.430      ; 1.716      ;
; 1.130 ; ram~46    ; ram~46      ; clk          ; clk         ; 0.000        ; 0.065      ; 1.352      ;
; 1.130 ; ram~64    ; ram~64      ; clk          ; clk         ; 0.000        ; 0.065      ; 1.352      ;
; 1.131 ; ram~27    ; q_a[3]~reg0 ; clk          ; clk         ; 0.000        ; 0.430      ; 1.718      ;
; 1.132 ; ram~76    ; q_a[4]~reg0 ; clk          ; clk         ; 0.000        ; 0.430      ; 1.719      ;
; 1.134 ; ram~30    ; q_a[6]~reg0 ; clk          ; clk         ; 0.000        ; 0.430      ; 1.721      ;
; 1.136 ; ram~48    ; ram~48      ; clk          ; clk         ; 0.000        ; 0.064      ; 1.357      ;
; 1.138 ; ram~32    ; q_a[0]~reg0 ; clk          ; clk         ; 0.000        ; 0.430      ; 1.725      ;
; 1.140 ; ram~28    ; q_a[4]~reg0 ; clk          ; clk         ; 0.000        ; 0.430      ; 1.727      ;
; 1.141 ; ram~69    ; ram~69      ; clk          ; clk         ; 0.000        ; 0.065      ; 1.363      ;
; 1.142 ; ram~84    ; ram~84      ; clk          ; clk         ; 0.000        ; 0.064      ; 1.363      ;
; 1.143 ; ram~78    ; ram~78      ; clk          ; clk         ; 0.000        ; 0.064      ; 1.364      ;
; 1.143 ; ram~50    ; ram~50      ; clk          ; clk         ; 0.000        ; 0.064      ; 1.364      ;
; 1.146 ; ram~81    ; ram~81      ; clk          ; clk         ; 0.000        ; 0.065      ; 1.368      ;
; 1.149 ; ram~48    ; q_a[0]~reg0 ; clk          ; clk         ; 0.000        ; 0.430      ; 1.736      ;
; 1.150 ; ram~49    ; q_b[1]~reg0 ; clk          ; clk         ; 0.000        ; 0.429      ; 1.736      ;
; 1.159 ; ram~68    ; q_b[4]~reg0 ; clk          ; clk         ; 0.000        ; 0.430      ; 1.746      ;
; 1.163 ; ram~74    ; q_a[2]~reg0 ; clk          ; clk         ; 0.000        ; 0.430      ; 1.750      ;
; 1.165 ; ram~52    ; q_a[4]~reg0 ; clk          ; clk         ; 0.000        ; 0.430      ; 1.752      ;
; 1.170 ; ram~60    ; q_b[4]~reg0 ; clk          ; clk         ; 0.000        ; 0.430      ; 1.757      ;
; 1.173 ; ram~54    ; q_a[6]~reg0 ; clk          ; clk         ; 0.000        ; 0.430      ; 1.760      ;
; 1.173 ; ram~87    ; q_b[7]~reg0 ; clk          ; clk         ; 0.000        ; 0.429      ; 1.759      ;
; 1.180 ; ram~63    ; q_a[7]~reg0 ; clk          ; clk         ; 0.000        ; 0.429      ; 1.766      ;
; 1.187 ; ram~70    ; q_b[6]~reg0 ; clk          ; clk         ; 0.000        ; 0.430      ; 1.774      ;
; 1.190 ; ram~72    ; q_a[0]~reg0 ; clk          ; clk         ; 0.000        ; 0.430      ; 1.777      ;
; 1.190 ; ram~81    ; q_b[1]~reg0 ; clk          ; clk         ; 0.000        ; 0.430      ; 1.777      ;
; 1.205 ; ram~73    ; ram~73      ; clk          ; clk         ; 0.000        ; 0.065      ; 1.427      ;
; 1.206 ; ram~60    ; q_a[4]~reg0 ; clk          ; clk         ; 0.000        ; 0.431      ; 1.794      ;
; 1.208 ; ram~44    ; ram~44      ; clk          ; clk         ; 0.000        ; 0.064      ; 1.429      ;
; 1.212 ; ram~35    ; ram~35      ; clk          ; clk         ; 0.000        ; 0.064      ; 1.433      ;
; 1.216 ; ram~25    ; q_a[1]~reg0 ; clk          ; clk         ; 0.000        ; 0.429      ; 1.802      ;
; 1.216 ; ram~44    ; q_a[4]~reg0 ; clk          ; clk         ; 0.000        ; 0.430      ; 1.803      ;
; 1.221 ; ram~47    ; q_b[7]~reg0 ; clk          ; clk         ; 0.000        ; 0.430      ; 1.808      ;
; 1.230 ; ram~38    ; q_a[6]~reg0 ; clk          ; clk         ; 0.000        ; 0.430      ; 1.817      ;
; 1.236 ; ram~82    ; ram~82      ; clk          ; clk         ; 0.000        ; 0.064      ; 1.457      ;
; 1.238 ; ram~46    ; q_b[6]~reg0 ; clk          ; clk         ; 0.000        ; 0.430      ; 1.825      ;
; 1.239 ; ram~35    ; q_a[3]~reg0 ; clk          ; clk         ; 0.000        ; 0.430      ; 1.826      ;
; 1.244 ; ram~44    ; q_b[4]~reg0 ; clk          ; clk         ; 0.000        ; 0.429      ; 1.830      ;
; 1.245 ; ram~77    ; ram~77      ; clk          ; clk         ; 0.000        ; 0.064      ; 1.466      ;
; 1.247 ; ram~65    ; q_b[1]~reg0 ; clk          ; clk         ; 0.000        ; 0.430      ; 1.834      ;
+-------+-----------+-------------+--------------+-------------+--------------+------------+------------+


+---------------------------------------------------------------------------------------------+
; Slow 1200mV 85C Model Minimum Pulse Width: 'clk'                                            ;
+--------+--------------+----------------+-----------------+-------+------------+-------------+
; Slack  ; Actual Width ; Required Width ; Type            ; Clock ; Clock Edge ; Target      ;
+--------+--------------+----------------+-----------------+-------+------------+-------------+
; -3.000 ; 1.000        ; 4.000          ; Port Rate       ; clk   ; Rise       ; clk         ;
; -1.000 ; 1.000        ; 2.000          ; Min Period      ; clk   ; Rise       ; q_a[0]~reg0 ;
; -1.000 ; 1.000        ; 2.000          ; Min Period      ; clk   ; Rise       ; q_a[1]~reg0 ;
; -1.000 ; 1.000        ; 2.000          ; Min Period      ; clk   ; Rise       ; q_a[2]~reg0 ;
; -1.000 ; 1.000        ; 2.000          ; Min Period      ; clk   ; Rise       ; q_a[3]~reg0 ;
; -1.000 ; 1.000        ; 2.000          ; Min Period      ; clk   ; Rise       ; q_a[4]~reg0 ;
; -1.000 ; 1.000        ; 2.000          ; Min Period      ; clk   ; Rise       ; q_a[5]~reg0 ;
; -1.000 ; 1.000        ; 2.000          ; Min Period      ; clk   ; Rise       ; q_a[6]~reg0 ;
; -1.000 ; 1.000        ; 2.000          ; Min Period      ; clk   ; Rise       ; q_a[7]~reg0 ;
; -1.000 ; 1.000        ; 2.000          ; Min Period      ; clk   ; Rise       ; q_b[0]~reg0 ;
; -1.000 ; 1.000        ; 2.000          ; Min Period      ; clk   ; Rise       ; q_b[1]~reg0 ;
; -1.000 ; 1.000        ; 2.000          ; Min Period      ; clk   ; Rise       ; q_b[2]~reg0 ;
; -1.000 ; 1.000        ; 2.000          ; Min Period      ; clk   ; Rise       ; q_b[3]~reg0 ;
; -1.000 ; 1.000        ; 2.000          ; Min Period      ; clk   ; Rise       ; q_b[4]~reg0 ;
; -1.000 ; 1.000        ; 2.000          ; Min Period      ; clk   ; Rise       ; q_b[5]~reg0 ;
; -1.000 ; 1.000        ; 2.000          ; Min Period      ; clk   ; Rise       ; q_b[6]~reg0 ;
; -1.000 ; 1.000        ; 2.000          ; Min Period      ; clk   ; Rise       ; q_b[7]~reg0 ;
; -1.000 ; 1.000        ; 2.000          ; Min Period      ; clk   ; Rise       ; ram~24      ;
; -1.000 ; 1.000        ; 2.000          ; Min Period      ; clk   ; Rise       ; ram~25      ;
; -1.000 ; 1.000        ; 2.000          ; Min Period      ; clk   ; Rise       ; ram~26      ;
; -1.000 ; 1.000        ; 2.000          ; Min Period      ; clk   ; Rise       ; ram~27      ;
; -1.000 ; 1.000        ; 2.000          ; Min Period      ; clk   ; Rise       ; ram~28      ;
; -1.000 ; 1.000        ; 2.000          ; Min Period      ; clk   ; Rise       ; ram~29      ;
; -1.000 ; 1.000        ; 2.000          ; Min Period      ; clk   ; Rise       ; ram~30      ;
; -1.000 ; 1.000        ; 2.000          ; Min Period      ; clk   ; Rise       ; ram~31      ;
; -1.000 ; 1.000        ; 2.000          ; Min Period      ; clk   ; Rise       ; ram~32      ;
; -1.000 ; 1.000        ; 2.000          ; Min Period      ; clk   ; Rise       ; ram~33      ;
; -1.000 ; 1.000        ; 2.000          ; Min Period      ; clk   ; Rise       ; ram~34      ;
; -1.000 ; 1.000        ; 2.000          ; Min Period      ; clk   ; Rise       ; ram~35      ;
; -1.000 ; 1.000        ; 2.000          ; Min Period      ; clk   ; Rise       ; ram~36      ;
; -1.000 ; 1.000        ; 2.000          ; Min Period      ; clk   ; Rise       ; ram~37      ;
; -1.000 ; 1.000        ; 2.000          ; Min Period      ; clk   ; Rise       ; ram~38      ;
; -1.000 ; 1.000        ; 2.000          ; Min Period      ; clk   ; Rise       ; ram~39      ;
; -1.000 ; 1.000        ; 2.000          ; Min Period      ; clk   ; Rise       ; ram~40      ;
; -1.000 ; 1.000        ; 2.000          ; Min Period      ; clk   ; Rise       ; ram~41      ;
; -1.000 ; 1.000        ; 2.000          ; Min Period      ; clk   ; Rise       ; ram~42      ;
; -1.000 ; 1.000        ; 2.000          ; Min Period      ; clk   ; Rise       ; ram~43      ;
; -1.000 ; 1.000        ; 2.000          ; Min Period      ; clk   ; Rise       ; ram~44      ;
; -1.000 ; 1.000        ; 2.000          ; Min Period      ; clk   ; Rise       ; ram~45      ;
; -1.000 ; 1.000        ; 2.000          ; Min Period      ; clk   ; Rise       ; ram~46      ;
; -1.000 ; 1.000        ; 2.000          ; Min Period      ; clk   ; Rise       ; ram~47      ;
; -1.000 ; 1.000        ; 2.000          ; Min Period      ; clk   ; Rise       ; ram~48      ;
; -1.000 ; 1.000        ; 2.000          ; Min Period      ; clk   ; Rise       ; ram~49      ;
; -1.000 ; 1.000        ; 2.000          ; Min Period      ; clk   ; Rise       ; ram~50      ;
; -1.000 ; 1.000        ; 2.000          ; Min Period      ; clk   ; Rise       ; ram~51      ;
; -1.000 ; 1.000        ; 2.000          ; Min Period      ; clk   ; Rise       ; ram~52      ;
; -1.000 ; 1.000        ; 2.000          ; Min Period      ; clk   ; Rise       ; ram~53      ;
; -1.000 ; 1.000        ; 2.000          ; Min Period      ; clk   ; Rise       ; ram~54      ;
; -1.000 ; 1.000        ; 2.000          ; Min Period      ; clk   ; Rise       ; ram~55      ;
; -1.000 ; 1.000        ; 2.000          ; Min Period      ; clk   ; Rise       ; ram~56      ;
; -1.000 ; 1.000        ; 2.000          ; Min Period      ; clk   ; Rise       ; ram~57      ;
; -1.000 ; 1.000        ; 2.000          ; Min Period      ; clk   ; Rise       ; ram~58      ;
; -1.000 ; 1.000        ; 2.000          ; Min Period      ; clk   ; Rise       ; ram~59      ;
; -1.000 ; 1.000        ; 2.000          ; Min Period      ; clk   ; Rise       ; ram~60      ;
; -1.000 ; 1.000        ; 2.000          ; Min Period      ; clk   ; Rise       ; ram~61      ;
; -1.000 ; 1.000        ; 2.000          ; Min Period      ; clk   ; Rise       ; ram~62      ;
; -1.000 ; 1.000        ; 2.000          ; Min Period      ; clk   ; Rise       ; ram~63      ;
; -1.000 ; 1.000        ; 2.000          ; Min Period      ; clk   ; Rise       ; ram~64      ;
; -1.000 ; 1.000        ; 2.000          ; Min Period      ; clk   ; Rise       ; ram~65      ;
; -1.000 ; 1.000        ; 2.000          ; Min Period      ; clk   ; Rise       ; ram~66      ;
; -1.000 ; 1.000        ; 2.000          ; Min Period      ; clk   ; Rise       ; ram~67      ;
; -1.000 ; 1.000        ; 2.000          ; Min Period      ; clk   ; Rise       ; ram~68      ;
; -1.000 ; 1.000        ; 2.000          ; Min Period      ; clk   ; Rise       ; ram~69      ;
; -1.000 ; 1.000        ; 2.000          ; Min Period      ; clk   ; Rise       ; ram~70      ;
; -1.000 ; 1.000        ; 2.000          ; Min Period      ; clk   ; Rise       ; ram~71      ;
; -1.000 ; 1.000        ; 2.000          ; Min Period      ; clk   ; Rise       ; ram~72      ;
; -1.000 ; 1.000        ; 2.000          ; Min Period      ; clk   ; Rise       ; ram~73      ;
; -1.000 ; 1.000        ; 2.000          ; Min Period      ; clk   ; Rise       ; ram~74      ;
; -1.000 ; 1.000        ; 2.000          ; Min Period      ; clk   ; Rise       ; ram~75      ;
; -1.000 ; 1.000        ; 2.000          ; Min Period      ; clk   ; Rise       ; ram~76      ;
; -1.000 ; 1.000        ; 2.000          ; Min Period      ; clk   ; Rise       ; ram~77      ;
; -1.000 ; 1.000        ; 2.000          ; Min Period      ; clk   ; Rise       ; ram~78      ;
; -1.000 ; 1.000        ; 2.000          ; Min Period      ; clk   ; Rise       ; ram~79      ;
; -1.000 ; 1.000        ; 2.000          ; Min Period      ; clk   ; Rise       ; ram~80      ;
; -1.000 ; 1.000        ; 2.000          ; Min Period      ; clk   ; Rise       ; ram~81      ;
; -1.000 ; 1.000        ; 2.000          ; Min Period      ; clk   ; Rise       ; ram~82      ;
; -1.000 ; 1.000        ; 2.000          ; Min Period      ; clk   ; Rise       ; ram~83      ;
; -1.000 ; 1.000        ; 2.000          ; Min Period      ; clk   ; Rise       ; ram~84      ;
; -1.000 ; 1.000        ; 2.000          ; Min Period      ; clk   ; Rise       ; ram~85      ;
; -1.000 ; 1.000        ; 2.000          ; Min Period      ; clk   ; Rise       ; ram~86      ;
; -1.000 ; 1.000        ; 2.000          ; Min Period      ; clk   ; Rise       ; ram~87      ;
; 0.191  ; 0.375        ; 0.184          ; Low Pulse Width ; clk   ; Rise       ; q_a[3]~reg0 ;
; 0.191  ; 0.375        ; 0.184          ; Low Pulse Width ; clk   ; Rise       ; q_a[5]~reg0 ;
; 0.201  ; 0.385        ; 0.184          ; Low Pulse Width ; clk   ; Rise       ; q_a[7]~reg0 ;
; 0.201  ; 0.385        ; 0.184          ; Low Pulse Width ; clk   ; Rise       ; q_b[1]~reg0 ;
; 0.201  ; 0.385        ; 0.184          ; Low Pulse Width ; clk   ; Rise       ; q_b[4]~reg0 ;
; 0.202  ; 0.386        ; 0.184          ; Low Pulse Width ; clk   ; Rise       ; q_a[0]~reg0 ;
; 0.202  ; 0.386        ; 0.184          ; Low Pulse Width ; clk   ; Rise       ; q_a[1]~reg0 ;
; 0.202  ; 0.386        ; 0.184          ; Low Pulse Width ; clk   ; Rise       ; q_a[2]~reg0 ;
; 0.202  ; 0.386        ; 0.184          ; Low Pulse Width ; clk   ; Rise       ; q_a[4]~reg0 ;
; 0.202  ; 0.386        ; 0.184          ; Low Pulse Width ; clk   ; Rise       ; q_a[6]~reg0 ;
; 0.202  ; 0.386        ; 0.184          ; Low Pulse Width ; clk   ; Rise       ; q_b[0]~reg0 ;
; 0.202  ; 0.386        ; 0.184          ; Low Pulse Width ; clk   ; Rise       ; q_b[2]~reg0 ;
; 0.202  ; 0.386        ; 0.184          ; Low Pulse Width ; clk   ; Rise       ; q_b[3]~reg0 ;
; 0.202  ; 0.386        ; 0.184          ; Low Pulse Width ; clk   ; Rise       ; q_b[5]~reg0 ;
; 0.202  ; 0.386        ; 0.184          ; Low Pulse Width ; clk   ; Rise       ; q_b[6]~reg0 ;
; 0.202  ; 0.386        ; 0.184          ; Low Pulse Width ; clk   ; Rise       ; q_b[7]~reg0 ;
; 0.213  ; 0.397        ; 0.184          ; Low Pulse Width ; clk   ; Rise       ; ram~24      ;
; 0.213  ; 0.397        ; 0.184          ; Low Pulse Width ; clk   ; Rise       ; ram~25      ;
; 0.213  ; 0.397        ; 0.184          ; Low Pulse Width ; clk   ; Rise       ; ram~27      ;
+--------+--------------+----------------+-----------------+-------+------------+-------------+


+------------------------------------------------------------------------+
; Setup Times                                                            ;
+------------+------------+-------+-------+------------+-----------------+
; Data Port  ; Clock Port ; Rise  ; Fall  ; Clock Edge ; Clock Reference ;
+------------+------------+-------+-------+------------+-----------------+
; addr_a[*]  ; clk        ; 5.005 ; 5.480 ; Rise       ; clk             ;
;  addr_a[0] ; clk        ; 4.758 ; 5.255 ; Rise       ; clk             ;
;  addr_a[1] ; clk        ; 5.005 ; 5.480 ; Rise       ; clk             ;
;  addr_a[2] ; clk        ; 4.933 ; 5.361 ; Rise       ; clk             ;
; addr_b[*]  ; clk        ; 5.904 ; 6.388 ; Rise       ; clk             ;
;  addr_b[0] ; clk        ; 4.856 ; 5.340 ; Rise       ; clk             ;
;  addr_b[1] ; clk        ; 5.567 ; 6.050 ; Rise       ; clk             ;
;  addr_b[2] ; clk        ; 5.904 ; 6.388 ; Rise       ; clk             ;
; data_a[*]  ; clk        ; 3.578 ; 4.164 ; Rise       ; clk             ;
;  data_a[0] ; clk        ; 3.549 ; 4.100 ; Rise       ; clk             ;
;  data_a[1] ; clk        ; 3.003 ; 3.495 ; Rise       ; clk             ;
;  data_a[2] ; clk        ; 3.262 ; 3.811 ; Rise       ; clk             ;
;  data_a[3] ; clk        ; 3.578 ; 4.164 ; Rise       ; clk             ;
;  data_a[4] ; clk        ; 3.042 ; 3.565 ; Rise       ; clk             ;
;  data_a[5] ; clk        ; 2.971 ; 3.518 ; Rise       ; clk             ;
;  data_a[6] ; clk        ; 3.041 ; 3.533 ; Rise       ; clk             ;
;  data_a[7] ; clk        ; 3.166 ; 3.757 ; Rise       ; clk             ;
; data_b[*]  ; clk        ; 4.152 ; 4.613 ; Rise       ; clk             ;
;  data_b[0] ; clk        ; 4.152 ; 4.613 ; Rise       ; clk             ;
;  data_b[1] ; clk        ; 3.173 ; 3.633 ; Rise       ; clk             ;
;  data_b[2] ; clk        ; 3.606 ; 4.127 ; Rise       ; clk             ;
;  data_b[3] ; clk        ; 3.488 ; 4.037 ; Rise       ; clk             ;
;  data_b[4] ; clk        ; 3.514 ; 4.033 ; Rise       ; clk             ;
;  data_b[5] ; clk        ; 3.361 ; 3.878 ; Rise       ; clk             ;
;  data_b[6] ; clk        ; 3.615 ; 4.096 ; Rise       ; clk             ;
;  data_b[7] ; clk        ; 3.918 ; 4.478 ; Rise       ; clk             ;
; we_a       ; clk        ; 5.465 ; 5.869 ; Rise       ; clk             ;
; we_b       ; clk        ; 5.293 ; 5.784 ; Rise       ; clk             ;
+------------+------------+-------+-------+------------+-----------------+


+--------------------------------------------------------------------------+
; Hold Times                                                               ;
+------------+------------+--------+--------+------------+-----------------+
; Data Port  ; Clock Port ; Rise   ; Fall   ; Clock Edge ; Clock Reference ;
+------------+------------+--------+--------+------------+-----------------+
; addr_a[*]  ; clk        ; -1.121 ; -1.548 ; Rise       ; clk             ;
;  addr_a[0] ; clk        ; -1.186 ; -1.613 ; Rise       ; clk             ;
;  addr_a[1] ; clk        ; -1.162 ; -1.548 ; Rise       ; clk             ;
;  addr_a[2] ; clk        ; -1.121 ; -1.560 ; Rise       ; clk             ;
; addr_b[*]  ; clk        ; -1.110 ; -1.533 ; Rise       ; clk             ;
;  addr_b[0] ; clk        ; -1.115 ; -1.533 ; Rise       ; clk             ;
;  addr_b[1] ; clk        ; -1.823 ; -2.271 ; Rise       ; clk             ;
;  addr_b[2] ; clk        ; -1.110 ; -1.541 ; Rise       ; clk             ;
; data_a[*]  ; clk        ; -1.024 ; -1.447 ; Rise       ; clk             ;
;  data_a[0] ; clk        ; -1.950 ; -2.395 ; Rise       ; clk             ;
;  data_a[1] ; clk        ; -1.801 ; -2.238 ; Rise       ; clk             ;
;  data_a[2] ; clk        ; -1.966 ; -2.439 ; Rise       ; clk             ;
;  data_a[3] ; clk        ; -1.764 ; -2.244 ; Rise       ; clk             ;
;  data_a[4] ; clk        ; -1.775 ; -2.237 ; Rise       ; clk             ;
;  data_a[5] ; clk        ; -1.024 ; -1.447 ; Rise       ; clk             ;
;  data_a[6] ; clk        ; -1.767 ; -2.220 ; Rise       ; clk             ;
;  data_a[7] ; clk        ; -2.088 ; -2.593 ; Rise       ; clk             ;
; data_b[*]  ; clk        ; -1.502 ; -1.940 ; Rise       ; clk             ;
;  data_b[0] ; clk        ; -2.212 ; -2.700 ; Rise       ; clk             ;
;  data_b[1] ; clk        ; -1.544 ; -1.942 ; Rise       ; clk             ;
;  data_b[2] ; clk        ; -1.899 ; -2.333 ; Rise       ; clk             ;
;  data_b[3] ; clk        ; -1.575 ; -2.071 ; Rise       ; clk             ;
;  data_b[4] ; clk        ; -2.075 ; -2.509 ; Rise       ; clk             ;
;  data_b[5] ; clk        ; -1.502 ; -1.940 ; Rise       ; clk             ;
;  data_b[6] ; clk        ; -1.850 ; -2.254 ; Rise       ; clk             ;
;  data_b[7] ; clk        ; -2.107 ; -2.570 ; Rise       ; clk             ;
; we_a       ; clk        ; -2.599 ; -3.002 ; Rise       ; clk             ;
; we_b       ; clk        ; -2.394 ; -2.931 ; Rise       ; clk             ;
+------------+------------+--------+--------+------------+-----------------+


+-----------------------------------------------------------------------+
; Clock to Output Times                                                 ;
+-----------+------------+-------+-------+------------+-----------------+
; Data Port ; Clock Port ; Rise  ; Fall  ; Clock Edge ; Clock Reference ;
+-----------+------------+-------+-------+------------+-----------------+
; q_a[*]    ; clk        ; 8.653 ; 8.623 ; Rise       ; clk             ;
;  q_a[0]   ; clk        ; 7.397 ; 7.396 ; Rise       ; clk             ;
;  q_a[1]   ; clk        ; 6.985 ; 6.973 ; Rise       ; clk             ;
;  q_a[2]   ; clk        ; 6.768 ; 6.711 ; Rise       ; clk             ;
;  q_a[3]   ; clk        ; 7.009 ; 6.950 ; Rise       ; clk             ;
;  q_a[4]   ; clk        ; 7.735 ; 7.670 ; Rise       ; clk             ;
;  q_a[5]   ; clk        ; 7.252 ; 7.232 ; Rise       ; clk             ;
;  q_a[6]   ; clk        ; 7.224 ; 7.174 ; Rise       ; clk             ;
;  q_a[7]   ; clk        ; 8.653 ; 8.623 ; Rise       ; clk             ;
; q_b[*]    ; clk        ; 7.417 ; 7.404 ; Rise       ; clk             ;
;  q_b[0]   ; clk        ; 6.787 ; 6.732 ; Rise       ; clk             ;
;  q_b[1]   ; clk        ; 6.998 ; 6.934 ; Rise       ; clk             ;
;  q_b[2]   ; clk        ; 6.997 ; 6.930 ; Rise       ; clk             ;
;  q_b[3]   ; clk        ; 7.417 ; 7.404 ; Rise       ; clk             ;
;  q_b[4]   ; clk        ; 6.546 ; 6.483 ; Rise       ; clk             ;
;  q_b[5]   ; clk        ; 6.496 ; 6.428 ; Rise       ; clk             ;
;  q_b[6]   ; clk        ; 7.015 ; 6.959 ; Rise       ; clk             ;
;  q_b[7]   ; clk        ; 6.883 ; 6.814 ; Rise       ; clk             ;
+-----------+------------+-------+-------+------------+-----------------+


+-----------------------------------------------------------------------+
; Minimum Clock to Output Times                                         ;
+-----------+------------+-------+-------+------------+-----------------+
; Data Port ; Clock Port ; Rise  ; Fall  ; Clock Edge ; Clock Reference ;
+-----------+------------+-------+-------+------------+-----------------+
; q_a[*]    ; clk        ; 6.545 ; 6.486 ; Rise       ; clk             ;
;  q_a[0]   ; clk        ; 7.149 ; 7.144 ; Rise       ; clk             ;
;  q_a[1]   ; clk        ; 6.754 ; 6.738 ; Rise       ; clk             ;
;  q_a[2]   ; clk        ; 6.545 ; 6.486 ; Rise       ; clk             ;
;  q_a[3]   ; clk        ; 6.778 ; 6.717 ; Rise       ; clk             ;
;  q_a[4]   ; clk        ; 7.465 ; 7.398 ; Rise       ; clk             ;
;  q_a[5]   ; clk        ; 7.008 ; 6.985 ; Rise       ; clk             ;
;  q_a[6]   ; clk        ; 6.983 ; 6.930 ; Rise       ; clk             ;
;  q_a[7]   ; clk        ; 8.354 ; 8.321 ; Rise       ; clk             ;
; q_b[*]    ; clk        ; 6.280 ; 6.210 ; Rise       ; clk             ;
;  q_b[0]   ; clk        ; 6.564 ; 6.506 ; Rise       ; clk             ;
;  q_b[1]   ; clk        ; 6.766 ; 6.701 ; Rise       ; clk             ;
;  q_b[2]   ; clk        ; 6.766 ; 6.697 ; Rise       ; clk             ;
;  q_b[3]   ; clk        ; 7.165 ; 7.151 ; Rise       ; clk             ;
;  q_b[4]   ; clk        ; 6.332 ; 6.267 ; Rise       ; clk             ;
;  q_b[5]   ; clk        ; 6.280 ; 6.210 ; Rise       ; clk             ;
;  q_b[6]   ; clk        ; 6.782 ; 6.725 ; Rise       ; clk             ;
;  q_b[7]   ; clk        ; 6.658 ; 6.588 ; Rise       ; clk             ;
+-----------+------------+-------+-------+------------+-----------------+


----------------------------------------------
; Slow 1200mV 85C Model Metastability Report ;
----------------------------------------------
No synchronizer chains to report.


+-----------------------------------------------------------------------------------------------------------+
; Slow 1200mV 0C Model Fmax Summary                                                                         ;
+------------+-----------------+------------+---------------------------------------------------------------+
; Fmax       ; Restricted Fmax ; Clock Name ; Note                                                          ;
+------------+-----------------+------------+---------------------------------------------------------------+
; 454.55 MHz ; 250.0 MHz       ; clk        ; limit due to minimum period restriction (max I/O toggle rate) ;
+------------+-----------------+------------+---------------------------------------------------------------+
This panel reports FMAX for every clock in the design, regardless of the user-specified clock periods.  FMAX is only computed for paths where the source and destination registers or ports are driven by the same clock.  Paths of different clocks, including generated clocks, are ignored.  For paths between a clock and its inversion, FMAX is computed as if the rising and falling edges are scaled along with FMAX, such that the duty cycle (in terms of a percentage) is maintained. Altera recommends that you always use clock constraints and other slack reports for sign-off analysis.


+------------------------------------+
; Slow 1200mV 0C Model Setup Summary ;
+-------+--------+-------------------+
; Clock ; Slack  ; End Point TNS     ;
+-------+--------+-------------------+
; clk   ; -1.200 ; -39.185           ;
+-------+--------+-------------------+


+-----------------------------------+
; Slow 1200mV 0C Model Hold Summary ;
+-------+-------+-------------------+
; Clock ; Slack ; End Point TNS     ;
+-------+-------+-------------------+
; clk   ; 0.310 ; 0.000             ;
+-------+-------+-------------------+


-----------------------------------------
; Slow 1200mV 0C Model Recovery Summary ;
-----------------------------------------
No paths to report.


----------------------------------------
; Slow 1200mV 0C Model Removal Summary ;
----------------------------------------
No paths to report.


+--------------------------------------------------+
; Slow 1200mV 0C Model Minimum Pulse Width Summary ;
+-------+--------+---------------------------------+
; Clock ; Slack  ; End Point TNS                   ;
+-------+--------+---------------------------------+
; clk   ; -3.000 ; -83.000                         ;
+-------+--------+---------------------------------+


+--------------------------------------------------------------------------------------------------------+
; Slow 1200mV 0C Model Setup: 'clk'                                                                      ;
+--------+-----------+-------------+--------------+-------------+--------------+------------+------------+
; Slack  ; From Node ; To Node     ; Launch Clock ; Latch Clock ; Relationship ; Clock Skew ; Data Delay ;
+--------+-----------+-------------+--------------+-------------+--------------+------------+------------+
; -1.200 ; ram~83    ; q_b[3]~reg0 ; clk          ; clk         ; 1.000        ; 0.258      ; 2.453      ;
; -1.160 ; ram~83    ; ram~83      ; clk          ; clk         ; 1.000        ; -0.057     ; 2.098      ;
; -1.052 ; ram~73    ; q_a[1]~reg0 ; clk          ; clk         ; 1.000        ; 0.258      ; 2.305      ;
; -0.961 ; ram~69    ; q_b[5]~reg0 ; clk          ; clk         ; 1.000        ; 0.260      ; 2.216      ;
; -0.858 ; ram~77    ; q_b[5]~reg0 ; clk          ; clk         ; 1.000        ; 0.258      ; 2.111      ;
; -0.827 ; ram~55    ; q_b[7]~reg0 ; clk          ; clk         ; 1.000        ; 0.259      ; 2.081      ;
; -0.814 ; ram~24    ; q_a[0]~reg0 ; clk          ; clk         ; 1.000        ; 0.259      ; 2.068      ;
; -0.808 ; ram~61    ; q_b[5]~reg0 ; clk          ; clk         ; 1.000        ; 0.259      ; 2.062      ;
; -0.800 ; ram~35    ; q_b[3]~reg0 ; clk          ; clk         ; 1.000        ; 0.259      ; 2.054      ;
; -0.790 ; ram~67    ; q_b[3]~reg0 ; clk          ; clk         ; 1.000        ; 0.258      ; 2.043      ;
; -0.787 ; ram~77    ; q_a[5]~reg0 ; clk          ; clk         ; 1.000        ; 0.257      ; 2.039      ;
; -0.787 ; ram~53    ; q_b[5]~reg0 ; clk          ; clk         ; 1.000        ; 0.259      ; 2.041      ;
; -0.782 ; ram~52    ; q_b[4]~reg0 ; clk          ; clk         ; 1.000        ; 0.259      ; 2.036      ;
; -0.780 ; ram~72    ; q_b[0]~reg0 ; clk          ; clk         ; 1.000        ; 0.258      ; 2.033      ;
; -0.778 ; ram~37    ; q_a[5]~reg0 ; clk          ; clk         ; 1.000        ; 0.257      ; 2.030      ;
; -0.771 ; ram~56    ; q_a[0]~reg0 ; clk          ; clk         ; 1.000        ; 0.258      ; 2.024      ;
; -0.766 ; ram~51    ; q_b[3]~reg0 ; clk          ; clk         ; 1.000        ; 0.259      ; 2.020      ;
; -0.763 ; ram~75    ; ram~75      ; clk          ; clk         ; 1.000        ; -0.057     ; 1.701      ;
; -0.756 ; ram~55    ; ram~55      ; clk          ; clk         ; 1.000        ; -0.057     ; 1.694      ;
; -0.741 ; ram~53    ; ram~53      ; clk          ; clk         ; 1.000        ; -0.057     ; 1.679      ;
; -0.740 ; ram~42    ; q_b[2]~reg0 ; clk          ; clk         ; 1.000        ; 0.260      ; 1.995      ;
; -0.725 ; ram~53    ; q_a[5]~reg0 ; clk          ; clk         ; 1.000        ; 0.258      ; 1.978      ;
; -0.720 ; ram~61    ; q_a[5]~reg0 ; clk          ; clk         ; 1.000        ; 0.258      ; 1.973      ;
; -0.717 ; ram~24    ; q_b[0]~reg0 ; clk          ; clk         ; 1.000        ; 0.259      ; 1.971      ;
; -0.702 ; ram~36    ; q_a[4]~reg0 ; clk          ; clk         ; 1.000        ; 0.259      ; 1.956      ;
; -0.699 ; ram~75    ; q_b[3]~reg0 ; clk          ; clk         ; 1.000        ; 0.259      ; 1.953      ;
; -0.697 ; ram~85    ; q_b[5]~reg0 ; clk          ; clk         ; 1.000        ; 0.260      ; 1.952      ;
; -0.688 ; ram~56    ; q_b[0]~reg0 ; clk          ; clk         ; 1.000        ; 0.258      ; 1.941      ;
; -0.685 ; ram~41    ; q_b[1]~reg0 ; clk          ; clk         ; 1.000        ; 0.259      ; 1.939      ;
; -0.679 ; ram~36    ; q_b[4]~reg0 ; clk          ; clk         ; 1.000        ; 0.259      ; 1.933      ;
; -0.678 ; ram~30    ; q_b[6]~reg0 ; clk          ; clk         ; 1.000        ; 0.258      ; 1.931      ;
; -0.678 ; ram~25    ; q_b[1]~reg0 ; clk          ; clk         ; 1.000        ; 0.259      ; 1.932      ;
; -0.673 ; ram~58    ; q_b[2]~reg0 ; clk          ; clk         ; 1.000        ; 0.259      ; 1.927      ;
; -0.670 ; ram~79    ; q_b[7]~reg0 ; clk          ; clk         ; 1.000        ; 0.258      ; 1.923      ;
; -0.669 ; ram~54    ; q_b[6]~reg0 ; clk          ; clk         ; 1.000        ; 0.258      ; 1.922      ;
; -0.668 ; ram~33    ; q_b[1]~reg0 ; clk          ; clk         ; 1.000        ; 0.259      ; 1.922      ;
; -0.654 ; ram~28    ; ram~28      ; clk          ; clk         ; 1.000        ; -0.057     ; 1.592      ;
; -0.648 ; ram~73    ; q_b[1]~reg0 ; clk          ; clk         ; 1.000        ; 0.259      ; 1.902      ;
; -0.635 ; ram~78    ; q_b[6]~reg0 ; clk          ; clk         ; 1.000        ; 0.259      ; 1.889      ;
; -0.634 ; ram~29    ; q_a[5]~reg0 ; clk          ; clk         ; 1.000        ; 0.257      ; 1.886      ;
; -0.630 ; ram~52    ; ram~52      ; clk          ; clk         ; 1.000        ; -0.057     ; 1.568      ;
; -0.628 ; ram~32    ; q_b[0]~reg0 ; clk          ; clk         ; 1.000        ; 0.259      ; 1.882      ;
; -0.620 ; ram~45    ; ram~45      ; clk          ; clk         ; 1.000        ; -0.057     ; 1.558      ;
; -0.618 ; ram~80    ; q_b[0]~reg0 ; clk          ; clk         ; 1.000        ; 0.258      ; 1.871      ;
; -0.617 ; ram~67    ; ram~67      ; clk          ; clk         ; 1.000        ; -0.057     ; 1.555      ;
; -0.612 ; ram~59    ; q_a[3]~reg0 ; clk          ; clk         ; 1.000        ; 0.260      ; 1.867      ;
; -0.610 ; ram~51    ; q_a[3]~reg0 ; clk          ; clk         ; 1.000        ; 0.260      ; 1.865      ;
; -0.608 ; ram~50    ; q_b[2]~reg0 ; clk          ; clk         ; 1.000        ; 0.260      ; 1.863      ;
; -0.596 ; ram~54    ; ram~54      ; clk          ; clk         ; 1.000        ; -0.057     ; 1.534      ;
; -0.595 ; ram~46    ; q_b[6]~reg0 ; clk          ; clk         ; 1.000        ; 0.258      ; 1.848      ;
; -0.594 ; ram~25    ; ram~25      ; clk          ; clk         ; 1.000        ; -0.057     ; 1.532      ;
; -0.594 ; ram~26    ; q_b[2]~reg0 ; clk          ; clk         ; 1.000        ; 0.259      ; 1.848      ;
; -0.591 ; ram~57    ; q_b[1]~reg0 ; clk          ; clk         ; 1.000        ; 0.259      ; 1.845      ;
; -0.589 ; ram~40    ; q_b[0]~reg0 ; clk          ; clk         ; 1.000        ; 0.259      ; 1.843      ;
; -0.588 ; ram~48    ; q_b[0]~reg0 ; clk          ; clk         ; 1.000        ; 0.259      ; 1.842      ;
; -0.587 ; ram~74    ; q_b[2]~reg0 ; clk          ; clk         ; 1.000        ; 0.259      ; 1.841      ;
; -0.579 ; ram~43    ; q_a[3]~reg0 ; clk          ; clk         ; 1.000        ; 0.260      ; 1.834      ;
; -0.578 ; ram~80    ; ram~80      ; clk          ; clk         ; 1.000        ; -0.057     ; 1.516      ;
; -0.577 ; ram~76    ; q_b[4]~reg0 ; clk          ; clk         ; 1.000        ; 0.258      ; 1.830      ;
; -0.576 ; ram~47    ; q_b[7]~reg0 ; clk          ; clk         ; 1.000        ; 0.259      ; 1.830      ;
; -0.575 ; ram~31    ; q_a[7]~reg0 ; clk          ; clk         ; 1.000        ; 0.259      ; 1.829      ;
; -0.573 ; ram~84    ; q_b[4]~reg0 ; clk          ; clk         ; 1.000        ; 0.260      ; 1.828      ;
; -0.573 ; ram~34    ; q_b[2]~reg0 ; clk          ; clk         ; 1.000        ; 0.259      ; 1.827      ;
; -0.572 ; ram~38    ; q_b[6]~reg0 ; clk          ; clk         ; 1.000        ; 0.258      ; 1.825      ;
; -0.572 ; ram~86    ; q_b[6]~reg0 ; clk          ; clk         ; 1.000        ; 0.259      ; 1.826      ;
; -0.568 ; ram~64    ; q_b[0]~reg0 ; clk          ; clk         ; 1.000        ; 0.258      ; 1.821      ;
; -0.566 ; ram~63    ; q_b[7]~reg0 ; clk          ; clk         ; 1.000        ; 0.258      ; 1.819      ;
; -0.565 ; ram~66    ; q_b[2]~reg0 ; clk          ; clk         ; 1.000        ; 0.259      ; 1.819      ;
; -0.561 ; ram~29    ; q_b[5]~reg0 ; clk          ; clk         ; 1.000        ; 0.258      ; 1.814      ;
; -0.560 ; ram~65    ; q_b[1]~reg0 ; clk          ; clk         ; 1.000        ; 0.259      ; 1.814      ;
; -0.559 ; ram~71    ; q_b[7]~reg0 ; clk          ; clk         ; 1.000        ; 0.258      ; 1.812      ;
; -0.558 ; ram~27    ; q_b[3]~reg0 ; clk          ; clk         ; 1.000        ; 0.259      ; 1.812      ;
; -0.557 ; ram~39    ; q_b[7]~reg0 ; clk          ; clk         ; 1.000        ; 0.259      ; 1.811      ;
; -0.556 ; ram~28    ; q_b[4]~reg0 ; clk          ; clk         ; 1.000        ; 0.259      ; 1.810      ;
; -0.553 ; ram~43    ; q_b[3]~reg0 ; clk          ; clk         ; 1.000        ; 0.259      ; 1.807      ;
; -0.550 ; ram~44    ; q_a[4]~reg0 ; clk          ; clk         ; 1.000        ; 0.259      ; 1.804      ;
; -0.549 ; ram~44    ; q_b[4]~reg0 ; clk          ; clk         ; 1.000        ; 0.259      ; 1.803      ;
; -0.544 ; ram~75    ; q_a[3]~reg0 ; clk          ; clk         ; 1.000        ; 0.260      ; 1.799      ;
; -0.541 ; ram~45    ; q_b[5]~reg0 ; clk          ; clk         ; 1.000        ; 0.259      ; 1.795      ;
; -0.540 ; ram~74    ; q_a[2]~reg0 ; clk          ; clk         ; 1.000        ; 0.259      ; 1.794      ;
; -0.537 ; ram~45    ; q_a[5]~reg0 ; clk          ; clk         ; 1.000        ; 0.258      ; 1.790      ;
; -0.528 ; ram~72    ; q_a[0]~reg0 ; clk          ; clk         ; 1.000        ; 0.258      ; 1.781      ;
; -0.527 ; ram~87    ; ram~87      ; clk          ; clk         ; 1.000        ; -0.057     ; 1.465      ;
; -0.519 ; ram~35    ; q_a[3]~reg0 ; clk          ; clk         ; 1.000        ; 0.260      ; 1.774      ;
; -0.518 ; ram~32    ; ram~32      ; clk          ; clk         ; 1.000        ; -0.057     ; 1.456      ;
; -0.514 ; ram~74    ; ram~74      ; clk          ; clk         ; 1.000        ; -0.057     ; 1.452      ;
; -0.513 ; ram~63    ; q_a[7]~reg0 ; clk          ; clk         ; 1.000        ; 0.258      ; 1.766      ;
; -0.510 ; ram~25    ; q_a[1]~reg0 ; clk          ; clk         ; 1.000        ; 0.258      ; 1.763      ;
; -0.509 ; ram~40    ; ram~40      ; clk          ; clk         ; 1.000        ; -0.057     ; 1.447      ;
; -0.504 ; ram~38    ; q_a[6]~reg0 ; clk          ; clk         ; 1.000        ; 0.258      ; 1.757      ;
; -0.499 ; ram~68    ; ram~68      ; clk          ; clk         ; 1.000        ; -0.056     ; 1.438      ;
; -0.498 ; ram~85    ; ram~85      ; clk          ; clk         ; 1.000        ; -0.057     ; 1.436      ;
; -0.498 ; ram~82    ; q_b[2]~reg0 ; clk          ; clk         ; 1.000        ; 0.259      ; 1.752      ;
; -0.494 ; ram~41    ; ram~41      ; clk          ; clk         ; 1.000        ; -0.057     ; 1.432      ;
; -0.492 ; ram~77    ; ram~77      ; clk          ; clk         ; 1.000        ; -0.057     ; 1.430      ;
; -0.492 ; ram~42    ; ram~42      ; clk          ; clk         ; 1.000        ; -0.057     ; 1.430      ;
; -0.485 ; ram~71    ; ram~71      ; clk          ; clk         ; 1.000        ; -0.057     ; 1.423      ;
; -0.480 ; ram~26    ; ram~26      ; clk          ; clk         ; 1.000        ; -0.057     ; 1.418      ;
; -0.479 ; ram~65    ; ram~65      ; clk          ; clk         ; 1.000        ; -0.057     ; 1.417      ;
; -0.478 ; ram~38    ; ram~38      ; clk          ; clk         ; 1.000        ; -0.057     ; 1.416      ;
+--------+-----------+-------------+--------------+-------------+--------------+------------+------------+


+-------------------------------------------------------------------------------------------------------+
; Slow 1200mV 0C Model Hold: 'clk'                                                                      ;
+-------+-----------+-------------+--------------+-------------+--------------+------------+------------+
; Slack ; From Node ; To Node     ; Launch Clock ; Latch Clock ; Relationship ; Clock Skew ; Data Delay ;
+-------+-----------+-------------+--------------+-------------+--------------+------------+------------+
; 0.310 ; ram~37    ; ram~37      ; clk          ; clk         ; 0.000        ; 0.057      ; 0.511      ;
; 0.310 ; ram~59    ; ram~59      ; clk          ; clk         ; 0.000        ; 0.057      ; 0.511      ;
; 0.641 ; ram~65    ; q_a[1]~reg0 ; clk          ; clk         ; 0.000        ; 0.385      ; 1.170      ;
; 0.645 ; ram~49    ; q_a[1]~reg0 ; clk          ; clk         ; 0.000        ; 0.385      ; 1.174      ;
; 0.712 ; ram~85    ; q_a[5]~reg0 ; clk          ; clk         ; 0.000        ; 0.386      ; 1.242      ;
; 0.713 ; ram~86    ; q_a[6]~reg0 ; clk          ; clk         ; 0.000        ; 0.386      ; 1.243      ;
; 0.724 ; ram~60    ; ram~60      ; clk          ; clk         ; 0.000        ; 0.056      ; 0.924      ;
; 0.733 ; ram~80    ; q_a[0]~reg0 ; clk          ; clk         ; 0.000        ; 0.385      ; 1.262      ;
; 0.743 ; ram~43    ; ram~43      ; clk          ; clk         ; 0.000        ; 0.057      ; 0.944      ;
; 0.744 ; ram~62    ; ram~62      ; clk          ; clk         ; 0.000        ; 0.057      ; 0.945      ;
; 0.745 ; ram~31    ; ram~31      ; clk          ; clk         ; 0.000        ; 0.057      ; 0.946      ;
; 0.748 ; ram~70    ; q_a[6]~reg0 ; clk          ; clk         ; 0.000        ; 0.386      ; 1.278      ;
; 0.819 ; ram~64    ; q_a[0]~reg0 ; clk          ; clk         ; 0.000        ; 0.385      ; 1.348      ;
; 0.841 ; ram~71    ; q_a[7]~reg0 ; clk          ; clk         ; 0.000        ; 0.386      ; 1.371      ;
; 0.848 ; ram~51    ; ram~51      ; clk          ; clk         ; 0.000        ; 0.057      ; 1.049      ;
; 0.855 ; ram~81    ; q_a[1]~reg0 ; clk          ; clk         ; 0.000        ; 0.385      ; 1.384      ;
; 0.859 ; ram~47    ; q_a[7]~reg0 ; clk          ; clk         ; 0.000        ; 0.387      ; 1.390      ;
; 0.861 ; ram~34    ; ram~34      ; clk          ; clk         ; 0.000        ; 0.057      ; 1.062      ;
; 0.865 ; ram~66    ; q_a[2]~reg0 ; clk          ; clk         ; 0.000        ; 0.386      ; 1.395      ;
; 0.870 ; ram~67    ; q_a[3]~reg0 ; clk          ; clk         ; 0.000        ; 0.386      ; 1.400      ;
; 0.870 ; ram~59    ; q_b[3]~reg0 ; clk          ; clk         ; 0.000        ; 0.386      ; 1.400      ;
; 0.880 ; ram~69    ; q_a[5]~reg0 ; clk          ; clk         ; 0.000        ; 0.386      ; 1.410      ;
; 0.884 ; ram~66    ; ram~66      ; clk          ; clk         ; 0.000        ; 0.057      ; 1.085      ;
; 0.887 ; ram~58    ; q_a[2]~reg0 ; clk          ; clk         ; 0.000        ; 0.386      ; 1.417      ;
; 0.889 ; ram~79    ; q_a[7]~reg0 ; clk          ; clk         ; 0.000        ; 0.386      ; 1.419      ;
; 0.892 ; ram~62    ; q_a[6]~reg0 ; clk          ; clk         ; 0.000        ; 0.385      ; 1.421      ;
; 0.892 ; ram~26    ; q_a[2]~reg0 ; clk          ; clk         ; 0.000        ; 0.386      ; 1.422      ;
; 0.894 ; ram~62    ; q_b[6]~reg0 ; clk          ; clk         ; 0.000        ; 0.385      ; 1.423      ;
; 0.895 ; ram~86    ; ram~86      ; clk          ; clk         ; 0.000        ; 0.057      ; 1.096      ;
; 0.919 ; ram~55    ; q_a[7]~reg0 ; clk          ; clk         ; 0.000        ; 0.387      ; 1.450      ;
; 0.921 ; ram~82    ; q_a[2]~reg0 ; clk          ; clk         ; 0.000        ; 0.386      ; 1.451      ;
; 0.939 ; ram~42    ; q_a[2]~reg0 ; clk          ; clk         ; 0.000        ; 0.387      ; 1.470      ;
; 0.951 ; ram~68    ; q_a[4]~reg0 ; clk          ; clk         ; 0.000        ; 0.386      ; 1.481      ;
; 0.952 ; ram~87    ; q_a[7]~reg0 ; clk          ; clk         ; 0.000        ; 0.386      ; 1.482      ;
; 0.973 ; ram~41    ; q_a[1]~reg0 ; clk          ; clk         ; 0.000        ; 0.385      ; 1.502      ;
; 0.974 ; ram~24    ; ram~24      ; clk          ; clk         ; 0.000        ; 0.057      ; 1.175      ;
; 0.983 ; ram~57    ; q_a[1]~reg0 ; clk          ; clk         ; 0.000        ; 0.385      ; 1.512      ;
; 0.984 ; ram~50    ; q_a[2]~reg0 ; clk          ; clk         ; 0.000        ; 0.387      ; 1.515      ;
; 0.989 ; ram~33    ; q_a[1]~reg0 ; clk          ; clk         ; 0.000        ; 0.385      ; 1.518      ;
; 0.990 ; ram~34    ; q_a[2]~reg0 ; clk          ; clk         ; 0.000        ; 0.386      ; 1.520      ;
; 0.991 ; ram~40    ; q_a[0]~reg0 ; clk          ; clk         ; 0.000        ; 0.386      ; 1.521      ;
; 0.994 ; ram~33    ; ram~33      ; clk          ; clk         ; 0.000        ; 0.057      ; 1.195      ;
; 0.994 ; ram~46    ; q_a[6]~reg0 ; clk          ; clk         ; 0.000        ; 0.385      ; 1.523      ;
; 0.994 ; ram~83    ; q_a[3]~reg0 ; clk          ; clk         ; 0.000        ; 0.386      ; 1.524      ;
; 0.995 ; ram~72    ; ram~72      ; clk          ; clk         ; 0.000        ; 0.057      ; 1.196      ;
; 0.998 ; ram~70    ; ram~70      ; clk          ; clk         ; 0.000        ; 0.057      ; 1.199      ;
; 1.002 ; ram~58    ; ram~58      ; clk          ; clk         ; 0.000        ; 0.057      ; 1.203      ;
; 1.004 ; ram~57    ; ram~57      ; clk          ; clk         ; 0.000        ; 0.057      ; 1.205      ;
; 1.005 ; ram~30    ; ram~30      ; clk          ; clk         ; 0.000        ; 0.057      ; 1.206      ;
; 1.005 ; ram~29    ; ram~29      ; clk          ; clk         ; 0.000        ; 0.057      ; 1.206      ;
; 1.005 ; ram~61    ; ram~61      ; clk          ; clk         ; 0.000        ; 0.057      ; 1.206      ;
; 1.005 ; ram~39    ; q_a[7]~reg0 ; clk          ; clk         ; 0.000        ; 0.387      ; 1.536      ;
; 1.006 ; ram~36    ; ram~36      ; clk          ; clk         ; 0.000        ; 0.057      ; 1.207      ;
; 1.007 ; ram~63    ; ram~63      ; clk          ; clk         ; 0.000        ; 0.057      ; 1.208      ;
; 1.007 ; ram~37    ; q_b[5]~reg0 ; clk          ; clk         ; 0.000        ; 0.385      ; 1.536      ;
; 1.010 ; ram~31    ; q_b[7]~reg0 ; clk          ; clk         ; 0.000        ; 0.386      ; 1.540      ;
; 1.010 ; ram~47    ; ram~47      ; clk          ; clk         ; 0.000        ; 0.057      ; 1.211      ;
; 1.013 ; ram~76    ; q_a[4]~reg0 ; clk          ; clk         ; 0.000        ; 0.385      ; 1.542      ;
; 1.017 ; ram~76    ; ram~76      ; clk          ; clk         ; 0.000        ; 0.057      ; 1.218      ;
; 1.017 ; ram~49    ; ram~49      ; clk          ; clk         ; 0.000        ; 0.057      ; 1.218      ;
; 1.018 ; ram~64    ; ram~64      ; clk          ; clk         ; 0.000        ; 0.057      ; 1.219      ;
; 1.018 ; ram~30    ; q_a[6]~reg0 ; clk          ; clk         ; 0.000        ; 0.385      ; 1.547      ;
; 1.019 ; ram~27    ; q_a[3]~reg0 ; clk          ; clk         ; 0.000        ; 0.387      ; 1.550      ;
; 1.019 ; ram~84    ; q_a[4]~reg0 ; clk          ; clk         ; 0.000        ; 0.386      ; 1.549      ;
; 1.020 ; ram~78    ; q_a[6]~reg0 ; clk          ; clk         ; 0.000        ; 0.386      ; 1.550      ;
; 1.022 ; ram~78    ; ram~78      ; clk          ; clk         ; 0.000        ; 0.057      ; 1.223      ;
; 1.022 ; ram~84    ; ram~84      ; clk          ; clk         ; 0.000        ; 0.056      ; 1.222      ;
; 1.023 ; ram~48    ; ram~48      ; clk          ; clk         ; 0.000        ; 0.057      ; 1.224      ;
; 1.023 ; ram~48    ; q_a[0]~reg0 ; clk          ; clk         ; 0.000        ; 0.386      ; 1.553      ;
; 1.027 ; ram~46    ; ram~46      ; clk          ; clk         ; 0.000        ; 0.057      ; 1.228      ;
; 1.027 ; ram~49    ; q_b[1]~reg0 ; clk          ; clk         ; 0.000        ; 0.386      ; 1.557      ;
; 1.032 ; ram~81    ; ram~81      ; clk          ; clk         ; 0.000        ; 0.057      ; 1.233      ;
; 1.033 ; ram~28    ; q_a[4]~reg0 ; clk          ; clk         ; 0.000        ; 0.386      ; 1.563      ;
; 1.033 ; ram~32    ; q_a[0]~reg0 ; clk          ; clk         ; 0.000        ; 0.386      ; 1.563      ;
; 1.035 ; ram~69    ; ram~69      ; clk          ; clk         ; 0.000        ; 0.057      ; 1.236      ;
; 1.036 ; ram~50    ; ram~50      ; clk          ; clk         ; 0.000        ; 0.057      ; 1.237      ;
; 1.043 ; ram~68    ; q_b[4]~reg0 ; clk          ; clk         ; 0.000        ; 0.386      ; 1.573      ;
; 1.048 ; ram~52    ; q_a[4]~reg0 ; clk          ; clk         ; 0.000        ; 0.386      ; 1.578      ;
; 1.052 ; ram~74    ; q_a[2]~reg0 ; clk          ; clk         ; 0.000        ; 0.386      ; 1.582      ;
; 1.064 ; ram~60    ; q_b[4]~reg0 ; clk          ; clk         ; 0.000        ; 0.386      ; 1.594      ;
; 1.066 ; ram~72    ; q_a[0]~reg0 ; clk          ; clk         ; 0.000        ; 0.385      ; 1.595      ;
; 1.070 ; ram~63    ; q_a[7]~reg0 ; clk          ; clk         ; 0.000        ; 0.386      ; 1.600      ;
; 1.070 ; ram~70    ; q_b[6]~reg0 ; clk          ; clk         ; 0.000        ; 0.386      ; 1.600      ;
; 1.071 ; ram~81    ; q_b[1]~reg0 ; clk          ; clk         ; 0.000        ; 0.386      ; 1.601      ;
; 1.076 ; ram~87    ; q_b[7]~reg0 ; clk          ; clk         ; 0.000        ; 0.385      ; 1.605      ;
; 1.084 ; ram~54    ; q_a[6]~reg0 ; clk          ; clk         ; 0.000        ; 0.385      ; 1.613      ;
; 1.088 ; ram~25    ; q_a[1]~reg0 ; clk          ; clk         ; 0.000        ; 0.385      ; 1.617      ;
; 1.095 ; ram~35    ; ram~35      ; clk          ; clk         ; 0.000        ; 0.057      ; 1.296      ;
; 1.102 ; ram~44    ; ram~44      ; clk          ; clk         ; 0.000        ; 0.057      ; 1.303      ;
; 1.102 ; ram~73    ; ram~73      ; clk          ; clk         ; 0.000        ; 0.057      ; 1.303      ;
; 1.105 ; ram~60    ; q_a[4]~reg0 ; clk          ; clk         ; 0.000        ; 0.386      ; 1.635      ;
; 1.107 ; ram~47    ; q_b[7]~reg0 ; clk          ; clk         ; 0.000        ; 0.386      ; 1.637      ;
; 1.112 ; ram~77    ; ram~77      ; clk          ; clk         ; 0.000        ; 0.057      ; 1.313      ;
; 1.112 ; ram~56    ; ram~56      ; clk          ; clk         ; 0.000        ; 0.057      ; 1.313      ;
; 1.113 ; ram~79    ; ram~79      ; clk          ; clk         ; 0.000        ; 0.057      ; 1.314      ;
; 1.115 ; ram~82    ; ram~82      ; clk          ; clk         ; 0.000        ; 0.057      ; 1.316      ;
; 1.116 ; ram~27    ; ram~27      ; clk          ; clk         ; 0.000        ; 0.057      ; 1.317      ;
; 1.117 ; ram~38    ; q_a[6]~reg0 ; clk          ; clk         ; 0.000        ; 0.385      ; 1.646      ;
; 1.118 ; ram~39    ; ram~39      ; clk          ; clk         ; 0.000        ; 0.057      ; 1.319      ;
; 1.119 ; ram~44    ; q_a[4]~reg0 ; clk          ; clk         ; 0.000        ; 0.386      ; 1.649      ;
+-------+-----------+-------------+--------------+-------------+--------------+------------+------------+


+---------------------------------------------------------------------------------------------+
; Slow 1200mV 0C Model Minimum Pulse Width: 'clk'                                             ;
+--------+--------------+----------------+-----------------+-------+------------+-------------+
; Slack  ; Actual Width ; Required Width ; Type            ; Clock ; Clock Edge ; Target      ;
+--------+--------------+----------------+-----------------+-------+------------+-------------+
; -3.000 ; 1.000        ; 4.000          ; Port Rate       ; clk   ; Rise       ; clk         ;
; -1.000 ; 1.000        ; 2.000          ; Min Period      ; clk   ; Rise       ; q_a[0]~reg0 ;
; -1.000 ; 1.000        ; 2.000          ; Min Period      ; clk   ; Rise       ; q_a[1]~reg0 ;
; -1.000 ; 1.000        ; 2.000          ; Min Period      ; clk   ; Rise       ; q_a[2]~reg0 ;
; -1.000 ; 1.000        ; 2.000          ; Min Period      ; clk   ; Rise       ; q_a[3]~reg0 ;
; -1.000 ; 1.000        ; 2.000          ; Min Period      ; clk   ; Rise       ; q_a[4]~reg0 ;
; -1.000 ; 1.000        ; 2.000          ; Min Period      ; clk   ; Rise       ; q_a[5]~reg0 ;
; -1.000 ; 1.000        ; 2.000          ; Min Period      ; clk   ; Rise       ; q_a[6]~reg0 ;
; -1.000 ; 1.000        ; 2.000          ; Min Period      ; clk   ; Rise       ; q_a[7]~reg0 ;
; -1.000 ; 1.000        ; 2.000          ; Min Period      ; clk   ; Rise       ; q_b[0]~reg0 ;
; -1.000 ; 1.000        ; 2.000          ; Min Period      ; clk   ; Rise       ; q_b[1]~reg0 ;
; -1.000 ; 1.000        ; 2.000          ; Min Period      ; clk   ; Rise       ; q_b[2]~reg0 ;
; -1.000 ; 1.000        ; 2.000          ; Min Period      ; clk   ; Rise       ; q_b[3]~reg0 ;
; -1.000 ; 1.000        ; 2.000          ; Min Period      ; clk   ; Rise       ; q_b[4]~reg0 ;
; -1.000 ; 1.000        ; 2.000          ; Min Period      ; clk   ; Rise       ; q_b[5]~reg0 ;
; -1.000 ; 1.000        ; 2.000          ; Min Period      ; clk   ; Rise       ; q_b[6]~reg0 ;
; -1.000 ; 1.000        ; 2.000          ; Min Period      ; clk   ; Rise       ; q_b[7]~reg0 ;
; -1.000 ; 1.000        ; 2.000          ; Min Period      ; clk   ; Rise       ; ram~24      ;
; -1.000 ; 1.000        ; 2.000          ; Min Period      ; clk   ; Rise       ; ram~25      ;
; -1.000 ; 1.000        ; 2.000          ; Min Period      ; clk   ; Rise       ; ram~26      ;
; -1.000 ; 1.000        ; 2.000          ; Min Period      ; clk   ; Rise       ; ram~27      ;
; -1.000 ; 1.000        ; 2.000          ; Min Period      ; clk   ; Rise       ; ram~28      ;
; -1.000 ; 1.000        ; 2.000          ; Min Period      ; clk   ; Rise       ; ram~29      ;
; -1.000 ; 1.000        ; 2.000          ; Min Period      ; clk   ; Rise       ; ram~30      ;
; -1.000 ; 1.000        ; 2.000          ; Min Period      ; clk   ; Rise       ; ram~31      ;
; -1.000 ; 1.000        ; 2.000          ; Min Period      ; clk   ; Rise       ; ram~32      ;
; -1.000 ; 1.000        ; 2.000          ; Min Period      ; clk   ; Rise       ; ram~33      ;
; -1.000 ; 1.000        ; 2.000          ; Min Period      ; clk   ; Rise       ; ram~34      ;
; -1.000 ; 1.000        ; 2.000          ; Min Period      ; clk   ; Rise       ; ram~35      ;
; -1.000 ; 1.000        ; 2.000          ; Min Period      ; clk   ; Rise       ; ram~36      ;
; -1.000 ; 1.000        ; 2.000          ; Min Period      ; clk   ; Rise       ; ram~37      ;
; -1.000 ; 1.000        ; 2.000          ; Min Period      ; clk   ; Rise       ; ram~38      ;
; -1.000 ; 1.000        ; 2.000          ; Min Period      ; clk   ; Rise       ; ram~39      ;
; -1.000 ; 1.000        ; 2.000          ; Min Period      ; clk   ; Rise       ; ram~40      ;
; -1.000 ; 1.000        ; 2.000          ; Min Period      ; clk   ; Rise       ; ram~41      ;
; -1.000 ; 1.000        ; 2.000          ; Min Period      ; clk   ; Rise       ; ram~42      ;
; -1.000 ; 1.000        ; 2.000          ; Min Period      ; clk   ; Rise       ; ram~43      ;
; -1.000 ; 1.000        ; 2.000          ; Min Period      ; clk   ; Rise       ; ram~44      ;
; -1.000 ; 1.000        ; 2.000          ; Min Period      ; clk   ; Rise       ; ram~45      ;
; -1.000 ; 1.000        ; 2.000          ; Min Period      ; clk   ; Rise       ; ram~46      ;
; -1.000 ; 1.000        ; 2.000          ; Min Period      ; clk   ; Rise       ; ram~47      ;
; -1.000 ; 1.000        ; 2.000          ; Min Period      ; clk   ; Rise       ; ram~48      ;
; -1.000 ; 1.000        ; 2.000          ; Min Period      ; clk   ; Rise       ; ram~49      ;
; -1.000 ; 1.000        ; 2.000          ; Min Period      ; clk   ; Rise       ; ram~50      ;
; -1.000 ; 1.000        ; 2.000          ; Min Period      ; clk   ; Rise       ; ram~51      ;
; -1.000 ; 1.000        ; 2.000          ; Min Period      ; clk   ; Rise       ; ram~52      ;
; -1.000 ; 1.000        ; 2.000          ; Min Period      ; clk   ; Rise       ; ram~53      ;
; -1.000 ; 1.000        ; 2.000          ; Min Period      ; clk   ; Rise       ; ram~54      ;
; -1.000 ; 1.000        ; 2.000          ; Min Period      ; clk   ; Rise       ; ram~55      ;
; -1.000 ; 1.000        ; 2.000          ; Min Period      ; clk   ; Rise       ; ram~56      ;
; -1.000 ; 1.000        ; 2.000          ; Min Period      ; clk   ; Rise       ; ram~57      ;
; -1.000 ; 1.000        ; 2.000          ; Min Period      ; clk   ; Rise       ; ram~58      ;
; -1.000 ; 1.000        ; 2.000          ; Min Period      ; clk   ; Rise       ; ram~59      ;
; -1.000 ; 1.000        ; 2.000          ; Min Period      ; clk   ; Rise       ; ram~60      ;
; -1.000 ; 1.000        ; 2.000          ; Min Period      ; clk   ; Rise       ; ram~61      ;
; -1.000 ; 1.000        ; 2.000          ; Min Period      ; clk   ; Rise       ; ram~62      ;
; -1.000 ; 1.000        ; 2.000          ; Min Period      ; clk   ; Rise       ; ram~63      ;
; -1.000 ; 1.000        ; 2.000          ; Min Period      ; clk   ; Rise       ; ram~64      ;
; -1.000 ; 1.000        ; 2.000          ; Min Period      ; clk   ; Rise       ; ram~65      ;
; -1.000 ; 1.000        ; 2.000          ; Min Period      ; clk   ; Rise       ; ram~66      ;
; -1.000 ; 1.000        ; 2.000          ; Min Period      ; clk   ; Rise       ; ram~67      ;
; -1.000 ; 1.000        ; 2.000          ; Min Period      ; clk   ; Rise       ; ram~68      ;
; -1.000 ; 1.000        ; 2.000          ; Min Period      ; clk   ; Rise       ; ram~69      ;
; -1.000 ; 1.000        ; 2.000          ; Min Period      ; clk   ; Rise       ; ram~70      ;
; -1.000 ; 1.000        ; 2.000          ; Min Period      ; clk   ; Rise       ; ram~71      ;
; -1.000 ; 1.000        ; 2.000          ; Min Period      ; clk   ; Rise       ; ram~72      ;
; -1.000 ; 1.000        ; 2.000          ; Min Period      ; clk   ; Rise       ; ram~73      ;
; -1.000 ; 1.000        ; 2.000          ; Min Period      ; clk   ; Rise       ; ram~74      ;
; -1.000 ; 1.000        ; 2.000          ; Min Period      ; clk   ; Rise       ; ram~75      ;
; -1.000 ; 1.000        ; 2.000          ; Min Period      ; clk   ; Rise       ; ram~76      ;
; -1.000 ; 1.000        ; 2.000          ; Min Period      ; clk   ; Rise       ; ram~77      ;
; -1.000 ; 1.000        ; 2.000          ; Min Period      ; clk   ; Rise       ; ram~78      ;
; -1.000 ; 1.000        ; 2.000          ; Min Period      ; clk   ; Rise       ; ram~79      ;
; -1.000 ; 1.000        ; 2.000          ; Min Period      ; clk   ; Rise       ; ram~80      ;
; -1.000 ; 1.000        ; 2.000          ; Min Period      ; clk   ; Rise       ; ram~81      ;
; -1.000 ; 1.000        ; 2.000          ; Min Period      ; clk   ; Rise       ; ram~82      ;
; -1.000 ; 1.000        ; 2.000          ; Min Period      ; clk   ; Rise       ; ram~83      ;
; -1.000 ; 1.000        ; 2.000          ; Min Period      ; clk   ; Rise       ; ram~84      ;
; -1.000 ; 1.000        ; 2.000          ; Min Period      ; clk   ; Rise       ; ram~85      ;
; -1.000 ; 1.000        ; 2.000          ; Min Period      ; clk   ; Rise       ; ram~86      ;
; -1.000 ; 1.000        ; 2.000          ; Min Period      ; clk   ; Rise       ; ram~87      ;
; 0.208  ; 0.392        ; 0.184          ; Low Pulse Width ; clk   ; Rise       ; q_a[3]~reg0 ;
; 0.208  ; 0.392        ; 0.184          ; Low Pulse Width ; clk   ; Rise       ; q_a[5]~reg0 ;
; 0.216  ; 0.400        ; 0.184          ; Low Pulse Width ; clk   ; Rise       ; q_a[0]~reg0 ;
; 0.216  ; 0.400        ; 0.184          ; Low Pulse Width ; clk   ; Rise       ; q_a[1]~reg0 ;
; 0.216  ; 0.400        ; 0.184          ; Low Pulse Width ; clk   ; Rise       ; q_a[2]~reg0 ;
; 0.216  ; 0.400        ; 0.184          ; Low Pulse Width ; clk   ; Rise       ; q_a[4]~reg0 ;
; 0.216  ; 0.400        ; 0.184          ; Low Pulse Width ; clk   ; Rise       ; q_a[6]~reg0 ;
; 0.216  ; 0.400        ; 0.184          ; Low Pulse Width ; clk   ; Rise       ; q_a[7]~reg0 ;
; 0.216  ; 0.400        ; 0.184          ; Low Pulse Width ; clk   ; Rise       ; q_b[0]~reg0 ;
; 0.216  ; 0.400        ; 0.184          ; Low Pulse Width ; clk   ; Rise       ; q_b[2]~reg0 ;
; 0.216  ; 0.400        ; 0.184          ; Low Pulse Width ; clk   ; Rise       ; q_b[3]~reg0 ;
; 0.216  ; 0.400        ; 0.184          ; Low Pulse Width ; clk   ; Rise       ; q_b[5]~reg0 ;
; 0.216  ; 0.400        ; 0.184          ; Low Pulse Width ; clk   ; Rise       ; q_b[6]~reg0 ;
; 0.216  ; 0.400        ; 0.184          ; Low Pulse Width ; clk   ; Rise       ; q_b[7]~reg0 ;
; 0.217  ; 0.401        ; 0.184          ; Low Pulse Width ; clk   ; Rise       ; q_b[1]~reg0 ;
; 0.217  ; 0.401        ; 0.184          ; Low Pulse Width ; clk   ; Rise       ; q_b[4]~reg0 ;
; 0.220  ; 0.404        ; 0.184          ; Low Pulse Width ; clk   ; Rise       ; ram~24      ;
; 0.220  ; 0.404        ; 0.184          ; Low Pulse Width ; clk   ; Rise       ; ram~25      ;
; 0.220  ; 0.404        ; 0.184          ; Low Pulse Width ; clk   ; Rise       ; ram~26      ;
+--------+--------------+----------------+-----------------+-------+------------+-------------+


+------------------------------------------------------------------------+
; Setup Times                                                            ;
+------------+------------+-------+-------+------------+-----------------+
; Data Port  ; Clock Port ; Rise  ; Fall  ; Clock Edge ; Clock Reference ;
+------------+------------+-------+-------+------------+-----------------+
; addr_a[*]  ; clk        ; 4.448 ; 4.809 ; Rise       ; clk             ;
;  addr_a[0] ; clk        ; 4.199 ; 4.604 ; Rise       ; clk             ;
;  addr_a[1] ; clk        ; 4.448 ; 4.809 ; Rise       ; clk             ;
;  addr_a[2] ; clk        ; 4.331 ; 4.742 ; Rise       ; clk             ;
; addr_b[*]  ; clk        ; 5.215 ; 5.624 ; Rise       ; clk             ;
;  addr_b[0] ; clk        ; 4.283 ; 4.679 ; Rise       ; clk             ;
;  addr_b[1] ; clk        ; 4.916 ; 5.321 ; Rise       ; clk             ;
;  addr_b[2] ; clk        ; 5.215 ; 5.624 ; Rise       ; clk             ;
; data_a[*]  ; clk        ; 3.179 ; 3.584 ; Rise       ; clk             ;
;  data_a[0] ; clk        ; 3.125 ; 3.549 ; Rise       ; clk             ;
;  data_a[1] ; clk        ; 2.618 ; 3.005 ; Rise       ; clk             ;
;  data_a[2] ; clk        ; 2.890 ; 3.263 ; Rise       ; clk             ;
;  data_a[3] ; clk        ; 3.179 ; 3.584 ; Rise       ; clk             ;
;  data_a[4] ; clk        ; 2.649 ; 3.065 ; Rise       ; clk             ;
;  data_a[5] ; clk        ; 2.598 ; 3.018 ; Rise       ; clk             ;
;  data_a[6] ; clk        ; 2.653 ; 3.032 ; Rise       ; clk             ;
;  data_a[7] ; clk        ; 2.795 ; 3.235 ; Rise       ; clk             ;
; data_b[*]  ; clk        ; 3.679 ; 4.020 ; Rise       ; clk             ;
;  data_b[0] ; clk        ; 3.679 ; 4.020 ; Rise       ; clk             ;
;  data_b[1] ; clk        ; 2.770 ; 3.137 ; Rise       ; clk             ;
;  data_b[2] ; clk        ; 3.196 ; 3.586 ; Rise       ; clk             ;
;  data_b[3] ; clk        ; 3.083 ; 3.488 ; Rise       ; clk             ;
;  data_b[4] ; clk        ; 3.099 ; 3.480 ; Rise       ; clk             ;
;  data_b[5] ; clk        ; 2.949 ; 3.339 ; Rise       ; clk             ;
;  data_b[6] ; clk        ; 3.168 ; 3.546 ; Rise       ; clk             ;
;  data_b[7] ; clk        ; 3.446 ; 3.869 ; Rise       ; clk             ;
; we_a       ; clk        ; 4.860 ; 5.157 ; Rise       ; clk             ;
; we_b       ; clk        ; 4.695 ; 5.056 ; Rise       ; clk             ;
+------------+------------+-------+-------+------------+-----------------+


+--------------------------------------------------------------------------+
; Hold Times                                                               ;
+------------+------------+--------+--------+------------+-----------------+
; Data Port  ; Clock Port ; Rise   ; Fall   ; Clock Edge ; Clock Reference ;
+------------+------------+--------+--------+------------+-----------------+
; addr_a[*]  ; clk        ; -0.928 ; -1.283 ; Rise       ; clk             ;
;  addr_a[0] ; clk        ; -0.995 ; -1.340 ; Rise       ; clk             ;
;  addr_a[1] ; clk        ; -0.964 ; -1.287 ; Rise       ; clk             ;
;  addr_a[2] ; clk        ; -0.928 ; -1.283 ; Rise       ; clk             ;
; addr_b[*]  ; clk        ; -0.914 ; -1.263 ; Rise       ; clk             ;
;  addr_b[0] ; clk        ; -0.914 ; -1.271 ; Rise       ; clk             ;
;  addr_b[1] ; clk        ; -1.550 ; -1.915 ; Rise       ; clk             ;
;  addr_b[2] ; clk        ; -0.924 ; -1.263 ; Rise       ; clk             ;
; data_a[*]  ; clk        ; -0.836 ; -1.179 ; Rise       ; clk             ;
;  data_a[0] ; clk        ; -1.707 ; -2.025 ; Rise       ; clk             ;
;  data_a[1] ; clk        ; -1.542 ; -1.878 ; Rise       ; clk             ;
;  data_a[2] ; clk        ; -1.709 ; -2.060 ; Rise       ; clk             ;
;  data_a[3] ; clk        ; -1.530 ; -1.891 ; Rise       ; clk             ;
;  data_a[4] ; clk        ; -1.525 ; -1.894 ; Rise       ; clk             ;
;  data_a[5] ; clk        ; -0.836 ; -1.179 ; Rise       ; clk             ;
;  data_a[6] ; clk        ; -1.516 ; -1.870 ; Rise       ; clk             ;
;  data_a[7] ; clk        ; -1.830 ; -2.199 ; Rise       ; clk             ;
; data_b[*]  ; clk        ; -1.266 ; -1.623 ; Rise       ; clk             ;
;  data_b[0] ; clk        ; -1.919 ; -2.308 ; Rise       ; clk             ;
;  data_b[1] ; clk        ; -1.305 ; -1.637 ; Rise       ; clk             ;
;  data_b[2] ; clk        ; -1.637 ; -1.983 ; Rise       ; clk             ;
;  data_b[3] ; clk        ; -1.352 ; -1.739 ; Rise       ; clk             ;
;  data_b[4] ; clk        ; -1.789 ; -2.141 ; Rise       ; clk             ;
;  data_b[5] ; clk        ; -1.266 ; -1.623 ; Rise       ; clk             ;
;  data_b[6] ; clk        ; -1.581 ; -1.910 ; Rise       ; clk             ;
;  data_b[7] ; clk        ; -1.836 ; -2.182 ; Rise       ; clk             ;
; we_a       ; clk        ; -2.278 ; -2.589 ; Rise       ; clk             ;
; we_b       ; clk        ; -2.095 ; -2.510 ; Rise       ; clk             ;
+------------+------------+--------+--------+------------+-----------------+


+-----------------------------------------------------------------------+
; Clock to Output Times                                                 ;
+-----------+------------+-------+-------+------------+-----------------+
; Data Port ; Clock Port ; Rise  ; Fall  ; Clock Edge ; Clock Reference ;
+-----------+------------+-------+-------+------------+-----------------+
; q_a[*]    ; clk        ; 7.789 ; 7.715 ; Rise       ; clk             ;
;  q_a[0]   ; clk        ; 6.677 ; 6.596 ; Rise       ; clk             ;
;  q_a[1]   ; clk        ; 6.281 ; 6.220 ; Rise       ; clk             ;
;  q_a[2]   ; clk        ; 6.085 ; 5.980 ; Rise       ; clk             ;
;  q_a[3]   ; clk        ; 6.323 ; 6.198 ; Rise       ; clk             ;
;  q_a[4]   ; clk        ; 6.943 ; 6.855 ; Rise       ; clk             ;
;  q_a[5]   ; clk        ; 6.522 ; 6.439 ; Rise       ; clk             ;
;  q_a[6]   ; clk        ; 6.513 ; 6.393 ; Rise       ; clk             ;
;  q_a[7]   ; clk        ; 7.789 ; 7.715 ; Rise       ; clk             ;
; q_b[*]    ; clk        ; 6.671 ; 6.590 ; Rise       ; clk             ;
;  q_b[0]   ; clk        ; 6.103 ; 6.003 ; Rise       ; clk             ;
;  q_b[1]   ; clk        ; 6.301 ; 6.183 ; Rise       ; clk             ;
;  q_b[2]   ; clk        ; 6.308 ; 6.175 ; Rise       ; clk             ;
;  q_b[3]   ; clk        ; 6.671 ; 6.590 ; Rise       ; clk             ;
;  q_b[4]   ; clk        ; 5.877 ; 5.779 ; Rise       ; clk             ;
;  q_b[5]   ; clk        ; 5.800 ; 5.733 ; Rise       ; clk             ;
;  q_b[6]   ; clk        ; 6.323 ; 6.203 ; Rise       ; clk             ;
;  q_b[7]   ; clk        ; 6.191 ; 6.081 ; Rise       ; clk             ;
+-----------+------------+-------+-------+------------+-----------------+


+-----------------------------------------------------------------------+
; Minimum Clock to Output Times                                         ;
+-----------+------------+-------+-------+------------+-----------------+
; Data Port ; Clock Port ; Rise  ; Fall  ; Clock Edge ; Clock Reference ;
+-----------+------------+-------+-------+------------+-----------------+
; q_a[*]    ; clk        ; 5.883 ; 5.778 ; Rise       ; clk             ;
;  q_a[0]   ; clk        ; 6.451 ; 6.369 ; Rise       ; clk             ;
;  q_a[1]   ; clk        ; 6.072 ; 6.009 ; Rise       ; clk             ;
;  q_a[2]   ; clk        ; 5.883 ; 5.778 ; Rise       ; clk             ;
;  q_a[3]   ; clk        ; 6.113 ; 5.988 ; Rise       ; clk             ;
;  q_a[4]   ; clk        ; 6.701 ; 6.614 ; Rise       ; clk             ;
;  q_a[5]   ; clk        ; 6.304 ; 6.220 ; Rise       ; clk             ;
;  q_a[6]   ; clk        ; 6.294 ; 6.174 ; Rise       ; clk             ;
;  q_a[7]   ; clk        ; 7.518 ; 7.442 ; Rise       ; clk             ;
; q_b[*]    ; clk        ; 5.605 ; 5.537 ; Rise       ; clk             ;
;  q_b[0]   ; clk        ; 5.900 ; 5.800 ; Rise       ; clk             ;
;  q_b[1]   ; clk        ; 6.091 ; 5.973 ; Rise       ; clk             ;
;  q_b[2]   ; clk        ; 6.098 ; 5.966 ; Rise       ; clk             ;
;  q_b[3]   ; clk        ; 6.446 ; 6.365 ; Rise       ; clk             ;
;  q_b[4]   ; clk        ; 5.683 ; 5.585 ; Rise       ; clk             ;
;  q_b[5]   ; clk        ; 5.605 ; 5.537 ; Rise       ; clk             ;
;  q_b[6]   ; clk        ; 6.112 ; 5.993 ; Rise       ; clk             ;
;  q_b[7]   ; clk        ; 5.987 ; 5.877 ; Rise       ; clk             ;
+-----------+------------+-------+-------+------------+-----------------+


---------------------------------------------
; Slow 1200mV 0C Model Metastability Report ;
---------------------------------------------
No synchronizer chains to report.


+------------------------------------+
; Fast 1200mV 0C Model Setup Summary ;
+-------+--------+-------------------+
; Clock ; Slack  ; End Point TNS     ;
+-------+--------+-------------------+
; clk   ; -0.410 ; -2.567            ;
+-------+--------+-------------------+


+-----------------------------------+
; Fast 1200mV 0C Model Hold Summary ;
+-------+-------+-------------------+
; Clock ; Slack ; End Point TNS     ;
+-------+-------+-------------------+
; clk   ; 0.186 ; 0.000             ;
+-------+-------+-------------------+


-----------------------------------------
; Fast 1200mV 0C Model Recovery Summary ;
-----------------------------------------
No paths to report.


----------------------------------------
; Fast 1200mV 0C Model Removal Summary ;
----------------------------------------
No paths to report.


+--------------------------------------------------+
; Fast 1200mV 0C Model Minimum Pulse Width Summary ;
+-------+--------+---------------------------------+
; Clock ; Slack  ; End Point TNS                   ;
+-------+--------+---------------------------------+
; clk   ; -3.000 ; -85.522                         ;
+-------+--------+---------------------------------+


+--------------------------------------------------------------------------------------------------------+
; Fast 1200mV 0C Model Setup: 'clk'                                                                      ;
+--------+-----------+-------------+--------------+-------------+--------------+------------+------------+
; Slack  ; From Node ; To Node     ; Launch Clock ; Latch Clock ; Relationship ; Clock Skew ; Data Delay ;
+--------+-----------+-------------+--------------+-------------+--------------+------------+------------+
; -0.410 ; ram~83    ; q_b[3]~reg0 ; clk          ; clk         ; 1.000        ; 0.151      ; 1.548      ;
; -0.353 ; ram~83    ; ram~83      ; clk          ; clk         ; 1.000        ; -0.037     ; 1.303      ;
; -0.266 ; ram~73    ; q_a[1]~reg0 ; clk          ; clk         ; 1.000        ; 0.151      ; 1.404      ;
; -0.261 ; ram~69    ; q_b[5]~reg0 ; clk          ; clk         ; 1.000        ; 0.153      ; 1.401      ;
; -0.159 ; ram~55    ; q_b[7]~reg0 ; clk          ; clk         ; 1.000        ; 0.151      ; 1.297      ;
; -0.152 ; ram~77    ; q_a[5]~reg0 ; clk          ; clk         ; 1.000        ; 0.149      ; 1.288      ;
; -0.144 ; ram~37    ; q_a[5]~reg0 ; clk          ; clk         ; 1.000        ; 0.149      ; 1.280      ;
; -0.143 ; ram~24    ; q_a[0]~reg0 ; clk          ; clk         ; 1.000        ; 0.151      ; 1.281      ;
; -0.142 ; ram~77    ; q_b[5]~reg0 ; clk          ; clk         ; 1.000        ; 0.151      ; 1.280      ;
; -0.139 ; ram~67    ; q_b[3]~reg0 ; clk          ; clk         ; 1.000        ; 0.151      ; 1.277      ;
; -0.139 ; ram~61    ; q_b[5]~reg0 ; clk          ; clk         ; 1.000        ; 0.151      ; 1.277      ;
; -0.136 ; ram~35    ; q_b[3]~reg0 ; clk          ; clk         ; 1.000        ; 0.151      ; 1.274      ;
; -0.130 ; ram~72    ; q_b[0]~reg0 ; clk          ; clk         ; 1.000        ; 0.151      ; 1.268      ;
; -0.128 ; ram~56    ; q_a[0]~reg0 ; clk          ; clk         ; 1.000        ; 0.151      ; 1.266      ;
; -0.123 ; ram~51    ; q_b[3]~reg0 ; clk          ; clk         ; 1.000        ; 0.151      ; 1.261      ;
; -0.121 ; ram~42    ; q_b[2]~reg0 ; clk          ; clk         ; 1.000        ; 0.152      ; 1.260      ;
; -0.103 ; ram~61    ; q_a[5]~reg0 ; clk          ; clk         ; 1.000        ; 0.149      ; 1.239      ;
; -0.102 ; ram~53    ; q_a[5]~reg0 ; clk          ; clk         ; 1.000        ; 0.149      ; 1.238      ;
; -0.102 ; ram~53    ; q_b[5]~reg0 ; clk          ; clk         ; 1.000        ; 0.151      ; 1.240      ;
; -0.098 ; ram~52    ; q_b[4]~reg0 ; clk          ; clk         ; 1.000        ; 0.150      ; 1.235      ;
; -0.096 ; ram~55    ; ram~55      ; clk          ; clk         ; 1.000        ; -0.037     ; 1.046      ;
; -0.080 ; ram~36    ; q_a[4]~reg0 ; clk          ; clk         ; 1.000        ; 0.151      ; 1.218      ;
; -0.073 ; ram~24    ; q_b[0]~reg0 ; clk          ; clk         ; 1.000        ; 0.151      ; 1.211      ;
; -0.072 ; ram~75    ; ram~75      ; clk          ; clk         ; 1.000        ; -0.037     ; 1.022      ;
; -0.065 ; ram~25    ; q_b[1]~reg0 ; clk          ; clk         ; 1.000        ; 0.150      ; 1.202      ;
; -0.063 ; ram~30    ; q_b[6]~reg0 ; clk          ; clk         ; 1.000        ; 0.151      ; 1.201      ;
; -0.063 ; ram~85    ; q_b[5]~reg0 ; clk          ; clk         ; 1.000        ; 0.153      ; 1.203      ;
; -0.060 ; ram~56    ; q_b[0]~reg0 ; clk          ; clk         ; 1.000        ; 0.151      ; 1.198      ;
; -0.060 ; ram~33    ; q_b[1]~reg0 ; clk          ; clk         ; 1.000        ; 0.150      ; 1.197      ;
; -0.060 ; ram~54    ; q_b[6]~reg0 ; clk          ; clk         ; 1.000        ; 0.151      ; 1.198      ;
; -0.059 ; ram~75    ; q_b[3]~reg0 ; clk          ; clk         ; 1.000        ; 0.151      ; 1.197      ;
; -0.057 ; ram~53    ; ram~53      ; clk          ; clk         ; 1.000        ; -0.037     ; 1.007      ;
; -0.054 ; ram~79    ; q_b[7]~reg0 ; clk          ; clk         ; 1.000        ; 0.151      ; 1.192      ;
; -0.051 ; ram~29    ; q_a[5]~reg0 ; clk          ; clk         ; 1.000        ; 0.149      ; 1.187      ;
; -0.051 ; ram~36    ; q_b[4]~reg0 ; clk          ; clk         ; 1.000        ; 0.150      ; 1.188      ;
; -0.049 ; ram~41    ; q_b[1]~reg0 ; clk          ; clk         ; 1.000        ; 0.150      ; 1.186      ;
; -0.046 ; ram~58    ; q_b[2]~reg0 ; clk          ; clk         ; 1.000        ; 0.151      ; 1.184      ;
; -0.032 ; ram~73    ; q_b[1]~reg0 ; clk          ; clk         ; 1.000        ; 0.151      ; 1.170      ;
; -0.031 ; ram~50    ; q_b[2]~reg0 ; clk          ; clk         ; 1.000        ; 0.152      ; 1.170      ;
; -0.027 ; ram~51    ; q_a[3]~reg0 ; clk          ; clk         ; 1.000        ; 0.151      ; 1.165      ;
; -0.026 ; ram~59    ; q_a[3]~reg0 ; clk          ; clk         ; 1.000        ; 0.151      ; 1.164      ;
; -0.020 ; ram~40    ; q_b[0]~reg0 ; clk          ; clk         ; 1.000        ; 0.151      ; 1.158      ;
; -0.014 ; ram~28    ; ram~28      ; clk          ; clk         ; 1.000        ; -0.038     ; 0.963      ;
; -0.012 ; ram~46    ; q_b[6]~reg0 ; clk          ; clk         ; 1.000        ; 0.151      ; 1.150      ;
; -0.010 ; ram~32    ; q_b[0]~reg0 ; clk          ; clk         ; 1.000        ; 0.151      ; 1.148      ;
; -0.010 ; ram~43    ; q_a[3]~reg0 ; clk          ; clk         ; 1.000        ; 0.151      ; 1.148      ;
; -0.005 ; ram~26    ; q_b[2]~reg0 ; clk          ; clk         ; 1.000        ; 0.152      ; 1.144      ;
; -0.004 ; ram~65    ; q_b[1]~reg0 ; clk          ; clk         ; 1.000        ; 0.151      ; 1.142      ;
; -0.004 ; ram~57    ; q_b[1]~reg0 ; clk          ; clk         ; 1.000        ; 0.151      ; 1.142      ;
; -0.003 ; ram~78    ; q_b[6]~reg0 ; clk          ; clk         ; 1.000        ; 0.151      ; 1.141      ;
; 0.000  ; ram~31    ; q_a[7]~reg0 ; clk          ; clk         ; 1.000        ; 0.151      ; 1.138      ;
; 0.000  ; ram~71    ; q_b[7]~reg0 ; clk          ; clk         ; 1.000        ; 0.151      ; 1.138      ;
; 0.001  ; ram~47    ; q_b[7]~reg0 ; clk          ; clk         ; 1.000        ; 0.151      ; 1.137      ;
; 0.002  ; ram~67    ; ram~67      ; clk          ; clk         ; 1.000        ; -0.037     ; 0.948      ;
; 0.002  ; ram~38    ; q_b[6]~reg0 ; clk          ; clk         ; 1.000        ; 0.151      ; 1.136      ;
; 0.005  ; ram~74    ; q_b[2]~reg0 ; clk          ; clk         ; 1.000        ; 0.151      ; 1.133      ;
; 0.006  ; ram~54    ; ram~54      ; clk          ; clk         ; 1.000        ; -0.037     ; 0.944      ;
; 0.007  ; ram~44    ; q_a[4]~reg0 ; clk          ; clk         ; 1.000        ; 0.151      ; 1.131      ;
; 0.009  ; ram~27    ; q_b[3]~reg0 ; clk          ; clk         ; 1.000        ; 0.151      ; 1.129      ;
; 0.010  ; ram~39    ; q_b[7]~reg0 ; clk          ; clk         ; 1.000        ; 0.151      ; 1.128      ;
; 0.011  ; ram~52    ; ram~52      ; clk          ; clk         ; 1.000        ; -0.038     ; 0.938      ;
; 0.011  ; ram~76    ; q_b[4]~reg0 ; clk          ; clk         ; 1.000        ; 0.150      ; 1.126      ;
; 0.012  ; ram~80    ; q_b[0]~reg0 ; clk          ; clk         ; 1.000        ; 0.151      ; 1.126      ;
; 0.012  ; ram~28    ; q_b[4]~reg0 ; clk          ; clk         ; 1.000        ; 0.150      ; 1.125      ;
; 0.013  ; ram~25    ; ram~25      ; clk          ; clk         ; 1.000        ; -0.038     ; 0.936      ;
; 0.015  ; ram~34    ; q_b[2]~reg0 ; clk          ; clk         ; 1.000        ; 0.152      ; 1.124      ;
; 0.017  ; ram~45    ; ram~45      ; clk          ; clk         ; 1.000        ; -0.037     ; 0.933      ;
; 0.017  ; ram~43    ; q_b[3]~reg0 ; clk          ; clk         ; 1.000        ; 0.151      ; 1.121      ;
; 0.019  ; ram~44    ; q_b[4]~reg0 ; clk          ; clk         ; 1.000        ; 0.150      ; 1.118      ;
; 0.020  ; ram~29    ; q_b[5]~reg0 ; clk          ; clk         ; 1.000        ; 0.151      ; 1.118      ;
; 0.020  ; ram~63    ; q_b[7]~reg0 ; clk          ; clk         ; 1.000        ; 0.151      ; 1.118      ;
; 0.022  ; ram~74    ; q_a[2]~reg0 ; clk          ; clk         ; 1.000        ; 0.151      ; 1.116      ;
; 0.022  ; ram~72    ; q_a[0]~reg0 ; clk          ; clk         ; 1.000        ; 0.151      ; 1.116      ;
; 0.022  ; ram~75    ; q_a[3]~reg0 ; clk          ; clk         ; 1.000        ; 0.151      ; 1.116      ;
; 0.022  ; ram~86    ; q_b[6]~reg0 ; clk          ; clk         ; 1.000        ; 0.151      ; 1.116      ;
; 0.031  ; ram~64    ; q_b[0]~reg0 ; clk          ; clk         ; 1.000        ; 0.151      ; 1.107      ;
; 0.031  ; ram~35    ; q_a[3]~reg0 ; clk          ; clk         ; 1.000        ; 0.151      ; 1.107      ;
; 0.032  ; ram~45    ; q_a[5]~reg0 ; clk          ; clk         ; 1.000        ; 0.149      ; 1.104      ;
; 0.032  ; ram~66    ; q_b[2]~reg0 ; clk          ; clk         ; 1.000        ; 0.151      ; 1.106      ;
; 0.033  ; ram~48    ; q_b[0]~reg0 ; clk          ; clk         ; 1.000        ; 0.151      ; 1.105      ;
; 0.036  ; ram~84    ; q_b[4]~reg0 ; clk          ; clk         ; 1.000        ; 0.151      ; 1.102      ;
; 0.037  ; ram~63    ; q_a[7]~reg0 ; clk          ; clk         ; 1.000        ; 0.151      ; 1.101      ;
; 0.038  ; ram~80    ; ram~80      ; clk          ; clk         ; 1.000        ; -0.037     ; 0.912      ;
; 0.042  ; ram~25    ; q_a[1]~reg0 ; clk          ; clk         ; 1.000        ; 0.150      ; 1.095      ;
; 0.051  ; ram~38    ; q_a[6]~reg0 ; clk          ; clk         ; 1.000        ; 0.151      ; 1.087      ;
; 0.052  ; ram~87    ; ram~87      ; clk          ; clk         ; 1.000        ; -0.037     ; 0.898      ;
; 0.058  ; ram~60    ; q_a[4]~reg0 ; clk          ; clk         ; 1.000        ; 0.152      ; 1.081      ;
; 0.059  ; ram~54    ; q_a[6]~reg0 ; clk          ; clk         ; 1.000        ; 0.151      ; 1.079      ;
; 0.062  ; ram~40    ; ram~40      ; clk          ; clk         ; 1.000        ; -0.037     ; 0.888      ;
; 0.067  ; ram~45    ; q_b[5]~reg0 ; clk          ; clk         ; 1.000        ; 0.151      ; 1.071      ;
; 0.068  ; ram~60    ; q_b[4]~reg0 ; clk          ; clk         ; 1.000        ; 0.151      ; 1.070      ;
; 0.073  ; ram~87    ; q_b[7]~reg0 ; clk          ; clk         ; 1.000        ; 0.151      ; 1.065      ;
; 0.074  ; ram~44    ; ram~44      ; clk          ; clk         ; 1.000        ; -0.038     ; 0.875      ;
; 0.076  ; ram~42    ; ram~42      ; clk          ; clk         ; 1.000        ; -0.037     ; 0.874      ;
; 0.076  ; ram~83    ; q_a[3]~reg0 ; clk          ; clk         ; 1.000        ; 0.151      ; 1.062      ;
; 0.080  ; ram~71    ; ram~71      ; clk          ; clk         ; 1.000        ; -0.037     ; 0.870      ;
; 0.080  ; ram~65    ; ram~65      ; clk          ; clk         ; 1.000        ; -0.037     ; 0.870      ;
; 0.084  ; ram~68    ; ram~68      ; clk          ; clk         ; 1.000        ; -0.037     ; 0.866      ;
; 0.084  ; ram~26    ; ram~26      ; clk          ; clk         ; 1.000        ; -0.037     ; 0.866      ;
; 0.084  ; ram~32    ; ram~32      ; clk          ; clk         ; 1.000        ; -0.037     ; 0.866      ;
+--------+-----------+-------------+--------------+-------------+--------------+------------+------------+


+-------------------------------------------------------------------------------------------------------+
; Fast 1200mV 0C Model Hold: 'clk'                                                                      ;
+-------+-----------+-------------+--------------+-------------+--------------+------------+------------+
; Slack ; From Node ; To Node     ; Launch Clock ; Latch Clock ; Relationship ; Clock Skew ; Data Delay ;
+-------+-----------+-------------+--------------+-------------+--------------+------------+------------+
; 0.186 ; ram~37    ; ram~37      ; clk          ; clk         ; 0.000        ; 0.037      ; 0.307      ;
; 0.186 ; ram~59    ; ram~59      ; clk          ; clk         ; 0.000        ; 0.037      ; 0.307      ;
; 0.366 ; ram~65    ; q_a[1]~reg0 ; clk          ; clk         ; 0.000        ; 0.233      ; 0.683      ;
; 0.411 ; ram~49    ; q_a[1]~reg0 ; clk          ; clk         ; 0.000        ; 0.233      ; 0.728      ;
; 0.422 ; ram~60    ; ram~60      ; clk          ; clk         ; 0.000        ; 0.037      ; 0.543      ;
; 0.423 ; ram~43    ; ram~43      ; clk          ; clk         ; 0.000        ; 0.037      ; 0.544      ;
; 0.429 ; ram~62    ; ram~62      ; clk          ; clk         ; 0.000        ; 0.037      ; 0.550      ;
; 0.430 ; ram~31    ; ram~31      ; clk          ; clk         ; 0.000        ; 0.037      ; 0.551      ;
; 0.451 ; ram~86    ; q_a[6]~reg0 ; clk          ; clk         ; 0.000        ; 0.233      ; 0.768      ;
; 0.452 ; ram~85    ; q_a[5]~reg0 ; clk          ; clk         ; 0.000        ; 0.233      ; 0.769      ;
; 0.460 ; ram~80    ; q_a[0]~reg0 ; clk          ; clk         ; 0.000        ; 0.233      ; 0.777      ;
; 0.475 ; ram~70    ; q_a[6]~reg0 ; clk          ; clk         ; 0.000        ; 0.233      ; 0.792      ;
; 0.485 ; ram~34    ; ram~34      ; clk          ; clk         ; 0.000        ; 0.037      ; 0.606      ;
; 0.488 ; ram~47    ; q_a[7]~reg0 ; clk          ; clk         ; 0.000        ; 0.233      ; 0.805      ;
; 0.489 ; ram~51    ; ram~51      ; clk          ; clk         ; 0.000        ; 0.037      ; 0.610      ;
; 0.493 ; ram~71    ; q_a[7]~reg0 ; clk          ; clk         ; 0.000        ; 0.233      ; 0.810      ;
; 0.498 ; ram~67    ; q_a[3]~reg0 ; clk          ; clk         ; 0.000        ; 0.233      ; 0.815      ;
; 0.502 ; ram~69    ; q_a[5]~reg0 ; clk          ; clk         ; 0.000        ; 0.233      ; 0.819      ;
; 0.509 ; ram~59    ; q_b[3]~reg0 ; clk          ; clk         ; 0.000        ; 0.233      ; 0.826      ;
; 0.510 ; ram~55    ; q_a[7]~reg0 ; clk          ; clk         ; 0.000        ; 0.233      ; 0.827      ;
; 0.513 ; ram~81    ; q_a[1]~reg0 ; clk          ; clk         ; 0.000        ; 0.233      ; 0.830      ;
; 0.513 ; ram~79    ; q_a[7]~reg0 ; clk          ; clk         ; 0.000        ; 0.233      ; 0.830      ;
; 0.515 ; ram~58    ; q_a[2]~reg0 ; clk          ; clk         ; 0.000        ; 0.233      ; 0.832      ;
; 0.519 ; ram~42    ; q_a[2]~reg0 ; clk          ; clk         ; 0.000        ; 0.234      ; 0.837      ;
; 0.519 ; ram~26    ; q_a[2]~reg0 ; clk          ; clk         ; 0.000        ; 0.234      ; 0.837      ;
; 0.524 ; ram~64    ; q_a[0]~reg0 ; clk          ; clk         ; 0.000        ; 0.233      ; 0.841      ;
; 0.528 ; ram~66    ; ram~66      ; clk          ; clk         ; 0.000        ; 0.037      ; 0.649      ;
; 0.534 ; ram~66    ; q_a[2]~reg0 ; clk          ; clk         ; 0.000        ; 0.233      ; 0.851      ;
; 0.536 ; ram~86    ; ram~86      ; clk          ; clk         ; 0.000        ; 0.037      ; 0.657      ;
; 0.537 ; ram~62    ; q_b[6]~reg0 ; clk          ; clk         ; 0.000        ; 0.233      ; 0.854      ;
; 0.551 ; ram~87    ; q_a[7]~reg0 ; clk          ; clk         ; 0.000        ; 0.233      ; 0.868      ;
; 0.555 ; ram~50    ; q_a[2]~reg0 ; clk          ; clk         ; 0.000        ; 0.234      ; 0.873      ;
; 0.557 ; ram~62    ; q_a[6]~reg0 ; clk          ; clk         ; 0.000        ; 0.233      ; 0.874      ;
; 0.559 ; ram~24    ; ram~24      ; clk          ; clk         ; 0.000        ; 0.037      ; 0.680      ;
; 0.560 ; ram~82    ; q_a[2]~reg0 ; clk          ; clk         ; 0.000        ; 0.233      ; 0.877      ;
; 0.569 ; ram~40    ; q_a[0]~reg0 ; clk          ; clk         ; 0.000        ; 0.233      ; 0.886      ;
; 0.571 ; ram~46    ; q_a[6]~reg0 ; clk          ; clk         ; 0.000        ; 0.233      ; 0.888      ;
; 0.574 ; ram~33    ; ram~33      ; clk          ; clk         ; 0.000        ; 0.038      ; 0.696      ;
; 0.575 ; ram~57    ; q_a[1]~reg0 ; clk          ; clk         ; 0.000        ; 0.233      ; 0.892      ;
; 0.575 ; ram~83    ; q_a[3]~reg0 ; clk          ; clk         ; 0.000        ; 0.233      ; 0.892      ;
; 0.577 ; ram~72    ; ram~72      ; clk          ; clk         ; 0.000        ; 0.037      ; 0.698      ;
; 0.578 ; ram~37    ; q_b[5]~reg0 ; clk          ; clk         ; 0.000        ; 0.233      ; 0.895      ;
; 0.580 ; ram~47    ; ram~47      ; clk          ; clk         ; 0.000        ; 0.037      ; 0.701      ;
; 0.580 ; ram~29    ; ram~29      ; clk          ; clk         ; 0.000        ; 0.037      ; 0.701      ;
; 0.580 ; ram~57    ; ram~57      ; clk          ; clk         ; 0.000        ; 0.037      ; 0.701      ;
; 0.580 ; ram~33    ; q_a[1]~reg0 ; clk          ; clk         ; 0.000        ; 0.233      ; 0.897      ;
; 0.580 ; ram~34    ; q_a[2]~reg0 ; clk          ; clk         ; 0.000        ; 0.234      ; 0.898      ;
; 0.581 ; ram~30    ; ram~30      ; clk          ; clk         ; 0.000        ; 0.037      ; 0.702      ;
; 0.581 ; ram~61    ; ram~61      ; clk          ; clk         ; 0.000        ; 0.037      ; 0.702      ;
; 0.582 ; ram~63    ; ram~63      ; clk          ; clk         ; 0.000        ; 0.037      ; 0.703      ;
; 0.583 ; ram~31    ; q_b[7]~reg0 ; clk          ; clk         ; 0.000        ; 0.233      ; 0.900      ;
; 0.586 ; ram~84    ; q_a[4]~reg0 ; clk          ; clk         ; 0.000        ; 0.234      ; 0.904      ;
; 0.587 ; ram~39    ; q_a[7]~reg0 ; clk          ; clk         ; 0.000        ; 0.233      ; 0.904      ;
; 0.588 ; ram~27    ; q_a[3]~reg0 ; clk          ; clk         ; 0.000        ; 0.233      ; 0.905      ;
; 0.588 ; ram~30    ; q_a[6]~reg0 ; clk          ; clk         ; 0.000        ; 0.233      ; 0.905      ;
; 0.588 ; ram~68    ; q_a[4]~reg0 ; clk          ; clk         ; 0.000        ; 0.234      ; 0.906      ;
; 0.588 ; ram~76    ; q_a[4]~reg0 ; clk          ; clk         ; 0.000        ; 0.233      ; 0.905      ;
; 0.589 ; ram~28    ; q_a[4]~reg0 ; clk          ; clk         ; 0.000        ; 0.234      ; 0.907      ;
; 0.590 ; ram~76    ; ram~76      ; clk          ; clk         ; 0.000        ; 0.037      ; 0.711      ;
; 0.591 ; ram~41    ; q_a[1]~reg0 ; clk          ; clk         ; 0.000        ; 0.233      ; 0.908      ;
; 0.593 ; ram~46    ; ram~46      ; clk          ; clk         ; 0.000        ; 0.037      ; 0.714      ;
; 0.593 ; ram~78    ; q_a[6]~reg0 ; clk          ; clk         ; 0.000        ; 0.233      ; 0.910      ;
; 0.595 ; ram~32    ; q_a[0]~reg0 ; clk          ; clk         ; 0.000        ; 0.233      ; 0.912      ;
; 0.597 ; ram~69    ; ram~69      ; clk          ; clk         ; 0.000        ; 0.037      ; 0.718      ;
; 0.597 ; ram~50    ; ram~50      ; clk          ; clk         ; 0.000        ; 0.037      ; 0.718      ;
; 0.600 ; ram~70    ; ram~70      ; clk          ; clk         ; 0.000        ; 0.037      ; 0.721      ;
; 0.600 ; ram~58    ; ram~58      ; clk          ; clk         ; 0.000        ; 0.037      ; 0.721      ;
; 0.602 ; ram~49    ; ram~49      ; clk          ; clk         ; 0.000        ; 0.038      ; 0.724      ;
; 0.603 ; ram~36    ; ram~36      ; clk          ; clk         ; 0.000        ; 0.038      ; 0.725      ;
; 0.605 ; ram~48    ; ram~48      ; clk          ; clk         ; 0.000        ; 0.037      ; 0.726      ;
; 0.605 ; ram~64    ; ram~64      ; clk          ; clk         ; 0.000        ; 0.037      ; 0.726      ;
; 0.607 ; ram~60    ; q_b[4]~reg0 ; clk          ; clk         ; 0.000        ; 0.233      ; 0.924      ;
; 0.608 ; ram~54    ; q_a[6]~reg0 ; clk          ; clk         ; 0.000        ; 0.233      ; 0.925      ;
; 0.609 ; ram~87    ; q_b[7]~reg0 ; clk          ; clk         ; 0.000        ; 0.233      ; 0.926      ;
; 0.611 ; ram~84    ; ram~84      ; clk          ; clk         ; 0.000        ; 0.037      ; 0.732      ;
; 0.612 ; ram~78    ; ram~78      ; clk          ; clk         ; 0.000        ; 0.037      ; 0.733      ;
; 0.615 ; ram~81    ; ram~81      ; clk          ; clk         ; 0.000        ; 0.037      ; 0.736      ;
; 0.620 ; ram~74    ; q_a[2]~reg0 ; clk          ; clk         ; 0.000        ; 0.233      ; 0.937      ;
; 0.620 ; ram~48    ; q_a[0]~reg0 ; clk          ; clk         ; 0.000        ; 0.233      ; 0.937      ;
; 0.623 ; ram~60    ; q_a[4]~reg0 ; clk          ; clk         ; 0.000        ; 0.234      ; 0.941      ;
; 0.625 ; ram~63    ; q_a[7]~reg0 ; clk          ; clk         ; 0.000        ; 0.233      ; 0.942      ;
; 0.626 ; ram~73    ; ram~73      ; clk          ; clk         ; 0.000        ; 0.037      ; 0.747      ;
; 0.626 ; ram~72    ; q_a[0]~reg0 ; clk          ; clk         ; 0.000        ; 0.233      ; 0.943      ;
; 0.627 ; ram~52    ; q_a[4]~reg0 ; clk          ; clk         ; 0.000        ; 0.234      ; 0.945      ;
; 0.629 ; ram~68    ; q_b[4]~reg0 ; clk          ; clk         ; 0.000        ; 0.233      ; 0.946      ;
; 0.631 ; ram~49    ; q_b[1]~reg0 ; clk          ; clk         ; 0.000        ; 0.233      ; 0.948      ;
; 0.632 ; ram~44    ; ram~44      ; clk          ; clk         ; 0.000        ; 0.038      ; 0.754      ;
; 0.636 ; ram~44    ; q_a[4]~reg0 ; clk          ; clk         ; 0.000        ; 0.234      ; 0.954      ;
; 0.639 ; ram~35    ; ram~35      ; clk          ; clk         ; 0.000        ; 0.037      ; 0.760      ;
; 0.643 ; ram~38    ; q_a[6]~reg0 ; clk          ; clk         ; 0.000        ; 0.233      ; 0.960      ;
; 0.644 ; ram~70    ; q_b[6]~reg0 ; clk          ; clk         ; 0.000        ; 0.233      ; 0.961      ;
; 0.644 ; ram~25    ; q_a[1]~reg0 ; clk          ; clk         ; 0.000        ; 0.233      ; 0.961      ;
; 0.644 ; ram~81    ; q_b[1]~reg0 ; clk          ; clk         ; 0.000        ; 0.233      ; 0.961      ;
; 0.646 ; ram~47    ; q_b[7]~reg0 ; clk          ; clk         ; 0.000        ; 0.233      ; 0.963      ;
; 0.648 ; ram~56    ; ram~56      ; clk          ; clk         ; 0.000        ; 0.037      ; 0.769      ;
; 0.649 ; ram~27    ; ram~27      ; clk          ; clk         ; 0.000        ; 0.037      ; 0.770      ;
; 0.650 ; ram~79    ; ram~79      ; clk          ; clk         ; 0.000        ; 0.037      ; 0.771      ;
; 0.650 ; ram~35    ; q_a[3]~reg0 ; clk          ; clk         ; 0.000        ; 0.233      ; 0.967      ;
; 0.651 ; ram~44    ; q_b[4]~reg0 ; clk          ; clk         ; 0.000        ; 0.233      ; 0.968      ;
; 0.653 ; ram~71    ; ram~71      ; clk          ; clk         ; 0.000        ; 0.037      ; 0.774      ;
+-------+-----------+-------------+--------------+-------------+--------------+------------+------------+


+---------------------------------------------------------------------------------------------+
; Fast 1200mV 0C Model Minimum Pulse Width: 'clk'                                             ;
+--------+--------------+----------------+-----------------+-------+------------+-------------+
; Slack  ; Actual Width ; Required Width ; Type            ; Clock ; Clock Edge ; Target      ;
+--------+--------------+----------------+-----------------+-------+------------+-------------+
; -3.000 ; 1.000        ; 4.000          ; Port Rate       ; clk   ; Rise       ; clk         ;
; -1.000 ; 1.000        ; 2.000          ; Min Period      ; clk   ; Rise       ; q_a[0]~reg0 ;
; -1.000 ; 1.000        ; 2.000          ; Min Period      ; clk   ; Rise       ; q_a[1]~reg0 ;
; -1.000 ; 1.000        ; 2.000          ; Min Period      ; clk   ; Rise       ; q_a[2]~reg0 ;
; -1.000 ; 1.000        ; 2.000          ; Min Period      ; clk   ; Rise       ; q_a[3]~reg0 ;
; -1.000 ; 1.000        ; 2.000          ; Min Period      ; clk   ; Rise       ; q_a[4]~reg0 ;
; -1.000 ; 1.000        ; 2.000          ; Min Period      ; clk   ; Rise       ; q_a[5]~reg0 ;
; -1.000 ; 1.000        ; 2.000          ; Min Period      ; clk   ; Rise       ; q_a[6]~reg0 ;
; -1.000 ; 1.000        ; 2.000          ; Min Period      ; clk   ; Rise       ; q_a[7]~reg0 ;
; -1.000 ; 1.000        ; 2.000          ; Min Period      ; clk   ; Rise       ; q_b[0]~reg0 ;
; -1.000 ; 1.000        ; 2.000          ; Min Period      ; clk   ; Rise       ; q_b[1]~reg0 ;
; -1.000 ; 1.000        ; 2.000          ; Min Period      ; clk   ; Rise       ; q_b[2]~reg0 ;
; -1.000 ; 1.000        ; 2.000          ; Min Period      ; clk   ; Rise       ; q_b[3]~reg0 ;
; -1.000 ; 1.000        ; 2.000          ; Min Period      ; clk   ; Rise       ; q_b[4]~reg0 ;
; -1.000 ; 1.000        ; 2.000          ; Min Period      ; clk   ; Rise       ; q_b[5]~reg0 ;
; -1.000 ; 1.000        ; 2.000          ; Min Period      ; clk   ; Rise       ; q_b[6]~reg0 ;
; -1.000 ; 1.000        ; 2.000          ; Min Period      ; clk   ; Rise       ; q_b[7]~reg0 ;
; -1.000 ; 1.000        ; 2.000          ; Min Period      ; clk   ; Rise       ; ram~24      ;
; -1.000 ; 1.000        ; 2.000          ; Min Period      ; clk   ; Rise       ; ram~25      ;
; -1.000 ; 1.000        ; 2.000          ; Min Period      ; clk   ; Rise       ; ram~26      ;
; -1.000 ; 1.000        ; 2.000          ; Min Period      ; clk   ; Rise       ; ram~27      ;
; -1.000 ; 1.000        ; 2.000          ; Min Period      ; clk   ; Rise       ; ram~28      ;
; -1.000 ; 1.000        ; 2.000          ; Min Period      ; clk   ; Rise       ; ram~29      ;
; -1.000 ; 1.000        ; 2.000          ; Min Period      ; clk   ; Rise       ; ram~30      ;
; -1.000 ; 1.000        ; 2.000          ; Min Period      ; clk   ; Rise       ; ram~31      ;
; -1.000 ; 1.000        ; 2.000          ; Min Period      ; clk   ; Rise       ; ram~32      ;
; -1.000 ; 1.000        ; 2.000          ; Min Period      ; clk   ; Rise       ; ram~33      ;
; -1.000 ; 1.000        ; 2.000          ; Min Period      ; clk   ; Rise       ; ram~34      ;
; -1.000 ; 1.000        ; 2.000          ; Min Period      ; clk   ; Rise       ; ram~35      ;
; -1.000 ; 1.000        ; 2.000          ; Min Period      ; clk   ; Rise       ; ram~36      ;
; -1.000 ; 1.000        ; 2.000          ; Min Period      ; clk   ; Rise       ; ram~37      ;
; -1.000 ; 1.000        ; 2.000          ; Min Period      ; clk   ; Rise       ; ram~38      ;
; -1.000 ; 1.000        ; 2.000          ; Min Period      ; clk   ; Rise       ; ram~39      ;
; -1.000 ; 1.000        ; 2.000          ; Min Period      ; clk   ; Rise       ; ram~40      ;
; -1.000 ; 1.000        ; 2.000          ; Min Period      ; clk   ; Rise       ; ram~41      ;
; -1.000 ; 1.000        ; 2.000          ; Min Period      ; clk   ; Rise       ; ram~42      ;
; -1.000 ; 1.000        ; 2.000          ; Min Period      ; clk   ; Rise       ; ram~43      ;
; -1.000 ; 1.000        ; 2.000          ; Min Period      ; clk   ; Rise       ; ram~44      ;
; -1.000 ; 1.000        ; 2.000          ; Min Period      ; clk   ; Rise       ; ram~45      ;
; -1.000 ; 1.000        ; 2.000          ; Min Period      ; clk   ; Rise       ; ram~46      ;
; -1.000 ; 1.000        ; 2.000          ; Min Period      ; clk   ; Rise       ; ram~47      ;
; -1.000 ; 1.000        ; 2.000          ; Min Period      ; clk   ; Rise       ; ram~48      ;
; -1.000 ; 1.000        ; 2.000          ; Min Period      ; clk   ; Rise       ; ram~49      ;
; -1.000 ; 1.000        ; 2.000          ; Min Period      ; clk   ; Rise       ; ram~50      ;
; -1.000 ; 1.000        ; 2.000          ; Min Period      ; clk   ; Rise       ; ram~51      ;
; -1.000 ; 1.000        ; 2.000          ; Min Period      ; clk   ; Rise       ; ram~52      ;
; -1.000 ; 1.000        ; 2.000          ; Min Period      ; clk   ; Rise       ; ram~53      ;
; -1.000 ; 1.000        ; 2.000          ; Min Period      ; clk   ; Rise       ; ram~54      ;
; -1.000 ; 1.000        ; 2.000          ; Min Period      ; clk   ; Rise       ; ram~55      ;
; -1.000 ; 1.000        ; 2.000          ; Min Period      ; clk   ; Rise       ; ram~56      ;
; -1.000 ; 1.000        ; 2.000          ; Min Period      ; clk   ; Rise       ; ram~57      ;
; -1.000 ; 1.000        ; 2.000          ; Min Period      ; clk   ; Rise       ; ram~58      ;
; -1.000 ; 1.000        ; 2.000          ; Min Period      ; clk   ; Rise       ; ram~59      ;
; -1.000 ; 1.000        ; 2.000          ; Min Period      ; clk   ; Rise       ; ram~60      ;
; -1.000 ; 1.000        ; 2.000          ; Min Period      ; clk   ; Rise       ; ram~61      ;
; -1.000 ; 1.000        ; 2.000          ; Min Period      ; clk   ; Rise       ; ram~62      ;
; -1.000 ; 1.000        ; 2.000          ; Min Period      ; clk   ; Rise       ; ram~63      ;
; -1.000 ; 1.000        ; 2.000          ; Min Period      ; clk   ; Rise       ; ram~64      ;
; -1.000 ; 1.000        ; 2.000          ; Min Period      ; clk   ; Rise       ; ram~65      ;
; -1.000 ; 1.000        ; 2.000          ; Min Period      ; clk   ; Rise       ; ram~66      ;
; -1.000 ; 1.000        ; 2.000          ; Min Period      ; clk   ; Rise       ; ram~67      ;
; -1.000 ; 1.000        ; 2.000          ; Min Period      ; clk   ; Rise       ; ram~68      ;
; -1.000 ; 1.000        ; 2.000          ; Min Period      ; clk   ; Rise       ; ram~69      ;
; -1.000 ; 1.000        ; 2.000          ; Min Period      ; clk   ; Rise       ; ram~70      ;
; -1.000 ; 1.000        ; 2.000          ; Min Period      ; clk   ; Rise       ; ram~71      ;
; -1.000 ; 1.000        ; 2.000          ; Min Period      ; clk   ; Rise       ; ram~72      ;
; -1.000 ; 1.000        ; 2.000          ; Min Period      ; clk   ; Rise       ; ram~73      ;
; -1.000 ; 1.000        ; 2.000          ; Min Period      ; clk   ; Rise       ; ram~74      ;
; -1.000 ; 1.000        ; 2.000          ; Min Period      ; clk   ; Rise       ; ram~75      ;
; -1.000 ; 1.000        ; 2.000          ; Min Period      ; clk   ; Rise       ; ram~76      ;
; -1.000 ; 1.000        ; 2.000          ; Min Period      ; clk   ; Rise       ; ram~77      ;
; -1.000 ; 1.000        ; 2.000          ; Min Period      ; clk   ; Rise       ; ram~78      ;
; -1.000 ; 1.000        ; 2.000          ; Min Period      ; clk   ; Rise       ; ram~79      ;
; -1.000 ; 1.000        ; 2.000          ; Min Period      ; clk   ; Rise       ; ram~80      ;
; -1.000 ; 1.000        ; 2.000          ; Min Period      ; clk   ; Rise       ; ram~81      ;
; -1.000 ; 1.000        ; 2.000          ; Min Period      ; clk   ; Rise       ; ram~82      ;
; -1.000 ; 1.000        ; 2.000          ; Min Period      ; clk   ; Rise       ; ram~83      ;
; -1.000 ; 1.000        ; 2.000          ; Min Period      ; clk   ; Rise       ; ram~84      ;
; -1.000 ; 1.000        ; 2.000          ; Min Period      ; clk   ; Rise       ; ram~85      ;
; -1.000 ; 1.000        ; 2.000          ; Min Period      ; clk   ; Rise       ; ram~86      ;
; -1.000 ; 1.000        ; 2.000          ; Min Period      ; clk   ; Rise       ; ram~87      ;
; -0.058 ; 0.126        ; 0.184          ; Low Pulse Width ; clk   ; Rise       ; q_a[3]~reg0 ;
; -0.058 ; 0.126        ; 0.184          ; Low Pulse Width ; clk   ; Rise       ; q_a[5]~reg0 ;
; -0.053 ; 0.131        ; 0.184          ; Low Pulse Width ; clk   ; Rise       ; q_a[1]~reg0 ;
; -0.053 ; 0.131        ; 0.184          ; Low Pulse Width ; clk   ; Rise       ; q_a[2]~reg0 ;
; -0.053 ; 0.131        ; 0.184          ; Low Pulse Width ; clk   ; Rise       ; q_a[4]~reg0 ;
; -0.053 ; 0.131        ; 0.184          ; Low Pulse Width ; clk   ; Rise       ; q_b[1]~reg0 ;
; -0.053 ; 0.131        ; 0.184          ; Low Pulse Width ; clk   ; Rise       ; q_b[2]~reg0 ;
; -0.053 ; 0.131        ; 0.184          ; Low Pulse Width ; clk   ; Rise       ; q_b[4]~reg0 ;
; -0.053 ; 0.131        ; 0.184          ; Low Pulse Width ; clk   ; Rise       ; q_b[6]~reg0 ;
; -0.052 ; 0.132        ; 0.184          ; Low Pulse Width ; clk   ; Rise       ; q_a[0]~reg0 ;
; -0.052 ; 0.132        ; 0.184          ; Low Pulse Width ; clk   ; Rise       ; q_a[6]~reg0 ;
; -0.052 ; 0.132        ; 0.184          ; Low Pulse Width ; clk   ; Rise       ; q_a[7]~reg0 ;
; -0.052 ; 0.132        ; 0.184          ; Low Pulse Width ; clk   ; Rise       ; q_b[0]~reg0 ;
; -0.052 ; 0.132        ; 0.184          ; Low Pulse Width ; clk   ; Rise       ; q_b[5]~reg0 ;
; -0.051 ; 0.133        ; 0.184          ; Low Pulse Width ; clk   ; Rise       ; q_b[3]~reg0 ;
; -0.051 ; 0.133        ; 0.184          ; Low Pulse Width ; clk   ; Rise       ; q_b[7]~reg0 ;
; -0.027 ; 0.157        ; 0.184          ; Low Pulse Width ; clk   ; Rise       ; ram~26      ;
; -0.027 ; 0.157        ; 0.184          ; Low Pulse Width ; clk   ; Rise       ; ram~29      ;
; -0.027 ; 0.157        ; 0.184          ; Low Pulse Width ; clk   ; Rise       ; ram~30      ;
+--------+--------------+----------------+-----------------+-------+------------+-------------+


+------------------------------------------------------------------------+
; Setup Times                                                            ;
+------------+------------+-------+-------+------------+-----------------+
; Data Port  ; Clock Port ; Rise  ; Fall  ; Clock Edge ; Clock Reference ;
+------------+------------+-------+-------+------------+-----------------+
; addr_a[*]  ; clk        ; 2.830 ; 3.461 ; Rise       ; clk             ;
;  addr_a[0] ; clk        ; 2.709 ; 3.298 ; Rise       ; clk             ;
;  addr_a[1] ; clk        ; 2.805 ; 3.461 ; Rise       ; clk             ;
;  addr_a[2] ; clk        ; 2.830 ; 3.330 ; Rise       ; clk             ;
; addr_b[*]  ; clk        ; 3.347 ; 3.958 ; Rise       ; clk             ;
;  addr_b[0] ; clk        ; 2.776 ; 3.315 ; Rise       ; clk             ;
;  addr_b[1] ; clk        ; 3.144 ; 3.744 ; Rise       ; clk             ;
;  addr_b[2] ; clk        ; 3.347 ; 3.958 ; Rise       ; clk             ;
; data_a[*]  ; clk        ; 1.966 ; 2.713 ; Rise       ; clk             ;
;  data_a[0] ; clk        ; 1.966 ; 2.666 ; Rise       ; clk             ;
;  data_a[1] ; clk        ; 1.645 ; 2.292 ; Rise       ; clk             ;
;  data_a[2] ; clk        ; 1.771 ; 2.489 ; Rise       ; clk             ;
;  data_a[3] ; clk        ; 1.951 ; 2.713 ; Rise       ; clk             ;
;  data_a[4] ; clk        ; 1.696 ; 2.344 ; Rise       ; clk             ;
;  data_a[5] ; clk        ; 1.629 ; 2.307 ; Rise       ; clk             ;
;  data_a[6] ; clk        ; 1.686 ; 2.321 ; Rise       ; clk             ;
;  data_a[7] ; clk        ; 1.747 ; 2.467 ; Rise       ; clk             ;
; data_b[*]  ; clk        ; 2.282 ; 2.940 ; Rise       ; clk             ;
;  data_b[0] ; clk        ; 2.282 ; 2.940 ; Rise       ; clk             ;
;  data_b[1] ; clk        ; 1.754 ; 2.350 ; Rise       ; clk             ;
;  data_b[2] ; clk        ; 2.004 ; 2.668 ; Rise       ; clk             ;
;  data_b[3] ; clk        ; 1.921 ; 2.628 ; Rise       ; clk             ;
;  data_b[4] ; clk        ; 1.938 ; 2.614 ; Rise       ; clk             ;
;  data_b[5] ; clk        ; 1.839 ; 2.490 ; Rise       ; clk             ;
;  data_b[6] ; clk        ; 1.974 ; 2.643 ; Rise       ; clk             ;
;  data_b[7] ; clk        ; 2.179 ; 2.872 ; Rise       ; clk             ;
; we_a       ; clk        ; 3.059 ; 3.705 ; Rise       ; clk             ;
; we_b       ; clk        ; 2.960 ; 3.660 ; Rise       ; clk             ;
+------------+------------+-------+-------+------------+-----------------+


+--------------------------------------------------------------------------+
; Hold Times                                                               ;
+------------+------------+--------+--------+------------+-----------------+
; Data Port  ; Clock Port ; Rise   ; Fall   ; Clock Edge ; Clock Reference ;
+------------+------------+--------+--------+------------+-----------------+
; addr_a[*]  ; clk        ; -0.641 ; -1.181 ; Rise       ; clk             ;
;  addr_a[0] ; clk        ; -0.672 ; -1.221 ; Rise       ; clk             ;
;  addr_a[1] ; clk        ; -0.653 ; -1.181 ; Rise       ; clk             ;
;  addr_a[2] ; clk        ; -0.641 ; -1.229 ; Rise       ; clk             ;
; addr_b[*]  ; clk        ; -0.623 ; -1.178 ; Rise       ; clk             ;
;  addr_b[0] ; clk        ; -0.623 ; -1.178 ; Rise       ; clk             ;
;  addr_b[1] ; clk        ; -0.988 ; -1.582 ; Rise       ; clk             ;
;  addr_b[2] ; clk        ; -0.632 ; -1.207 ; Rise       ; clk             ;
; data_a[*]  ; clk        ; -0.559 ; -1.121 ; Rise       ; clk             ;
;  data_a[0] ; clk        ; -1.061 ; -1.700 ; Rise       ; clk             ;
;  data_a[1] ; clk        ; -0.970 ; -1.573 ; Rise       ; clk             ;
;  data_a[2] ; clk        ; -1.081 ; -1.711 ; Rise       ; clk             ;
;  data_a[3] ; clk        ; -0.982 ; -1.625 ; Rise       ; clk             ;
;  data_a[4] ; clk        ; -0.985 ; -1.582 ; Rise       ; clk             ;
;  data_a[5] ; clk        ; -0.559 ; -1.121 ; Rise       ; clk             ;
;  data_a[6] ; clk        ; -0.980 ; -1.558 ; Rise       ; clk             ;
;  data_a[7] ; clk        ; -1.140 ; -1.817 ; Rise       ; clk             ;
; data_b[*]  ; clk        ; -0.808 ; -1.368 ; Rise       ; clk             ;
;  data_b[0] ; clk        ; -1.196 ; -1.831 ; Rise       ; clk             ;
;  data_b[1] ; clk        ; -0.846 ; -1.379 ; Rise       ; clk             ;
;  data_b[2] ; clk        ; -1.061 ; -1.635 ; Rise       ; clk             ;
;  data_b[3] ; clk        ; -0.872 ; -1.503 ; Rise       ; clk             ;
;  data_b[4] ; clk        ; -1.128 ; -1.722 ; Rise       ; clk             ;
;  data_b[5] ; clk        ; -0.808 ; -1.368 ; Rise       ; clk             ;
;  data_b[6] ; clk        ; -1.014 ; -1.573 ; Rise       ; clk             ;
;  data_b[7] ; clk        ; -1.165 ; -1.772 ; Rise       ; clk             ;
; we_a       ; clk        ; -1.428 ; -2.045 ; Rise       ; clk             ;
; we_b       ; clk        ; -1.332 ; -2.011 ; Rise       ; clk             ;
+------------+------------+--------+--------+------------+-----------------+


+-----------------------------------------------------------------------+
; Clock to Output Times                                                 ;
+-----------+------------+-------+-------+------------+-----------------+
; Data Port ; Clock Port ; Rise  ; Fall  ; Clock Edge ; Clock Reference ;
+-----------+------------+-------+-------+------------+-----------------+
; q_a[*]    ; clk        ; 5.042 ; 5.252 ; Rise       ; clk             ;
;  q_a[0]   ; clk        ; 4.325 ; 4.463 ; Rise       ; clk             ;
;  q_a[1]   ; clk        ; 4.086 ; 4.190 ; Rise       ; clk             ;
;  q_a[2]   ; clk        ; 3.949 ; 4.018 ; Rise       ; clk             ;
;  q_a[3]   ; clk        ; 4.094 ; 4.179 ; Rise       ; clk             ;
;  q_a[4]   ; clk        ; 4.489 ; 4.610 ; Rise       ; clk             ;
;  q_a[5]   ; clk        ; 4.294 ; 4.350 ; Rise       ; clk             ;
;  q_a[6]   ; clk        ; 4.199 ; 4.299 ; Rise       ; clk             ;
;  q_a[7]   ; clk        ; 5.042 ; 5.252 ; Rise       ; clk             ;
; q_b[*]    ; clk        ; 4.373 ; 4.444 ; Rise       ; clk             ;
;  q_b[0]   ; clk        ; 3.960 ; 4.036 ; Rise       ; clk             ;
;  q_b[1]   ; clk        ; 4.077 ; 4.161 ; Rise       ; clk             ;
;  q_b[2]   ; clk        ; 4.075 ; 4.156 ; Rise       ; clk             ;
;  q_b[3]   ; clk        ; 4.373 ; 4.444 ; Rise       ; clk             ;
;  q_b[4]   ; clk        ; 3.819 ; 3.876 ; Rise       ; clk             ;
;  q_b[5]   ; clk        ; 3.786 ; 3.825 ; Rise       ; clk             ;
;  q_b[6]   ; clk        ; 4.092 ; 4.177 ; Rise       ; clk             ;
;  q_b[7]   ; clk        ; 4.032 ; 4.100 ; Rise       ; clk             ;
+-----------+------------+-------+-------+------------+-----------------+


+-----------------------------------------------------------------------+
; Minimum Clock to Output Times                                         ;
+-----------+------------+-------+-------+------------+-----------------+
; Data Port ; Clock Port ; Rise  ; Fall  ; Clock Edge ; Clock Reference ;
+-----------+------------+-------+-------+------------+-----------------+
; q_a[*]    ; clk        ; 3.815 ; 3.880 ; Rise       ; clk             ;
;  q_a[0]   ; clk        ; 4.176 ; 4.308 ; Rise       ; clk             ;
;  q_a[1]   ; clk        ; 3.947 ; 4.047 ; Rise       ; clk             ;
;  q_a[2]   ; clk        ; 3.815 ; 3.880 ; Rise       ; clk             ;
;  q_a[3]   ; clk        ; 3.955 ; 4.037 ; Rise       ; clk             ;
;  q_a[4]   ; clk        ; 4.329 ; 4.444 ; Rise       ; clk             ;
;  q_a[5]   ; clk        ; 4.148 ; 4.200 ; Rise       ; clk             ;
;  q_a[6]   ; clk        ; 4.054 ; 4.150 ; Rise       ; clk             ;
;  q_a[7]   ; clk        ; 4.864 ; 5.064 ; Rise       ; clk             ;
; q_b[*]    ; clk        ; 3.656 ; 3.692 ; Rise       ; clk             ;
;  q_b[0]   ; clk        ; 3.826 ; 3.898 ; Rise       ; clk             ;
;  q_b[1]   ; clk        ; 3.938 ; 4.018 ; Rise       ; clk             ;
;  q_b[2]   ; clk        ; 3.936 ; 4.013 ; Rise       ; clk             ;
;  q_b[3]   ; clk        ; 4.224 ; 4.290 ; Rise       ; clk             ;
;  q_b[4]   ; clk        ; 3.689 ; 3.744 ; Rise       ; clk             ;
;  q_b[5]   ; clk        ; 3.656 ; 3.692 ; Rise       ; clk             ;
;  q_b[6]   ; clk        ; 3.953 ; 4.034 ; Rise       ; clk             ;
;  q_b[7]   ; clk        ; 3.897 ; 3.961 ; Rise       ; clk             ;
+-----------+------------+-------+-------+------------+-----------------+


---------------------------------------------
; Fast 1200mV 0C Model Metastability Report ;
---------------------------------------------
No synchronizer chains to report.


+-------------------------------------------------------------------------------+
; Multicorner Timing Analysis Summary                                           ;
+------------------+---------+-------+----------+---------+---------------------+
; Clock            ; Setup   ; Hold  ; Recovery ; Removal ; Minimum Pulse Width ;
+------------------+---------+-------+----------+---------+---------------------+
; Worst-case Slack ; -1.487  ; 0.186 ; N/A      ; N/A     ; -3.000              ;
;  clk             ; -1.487  ; 0.186 ; N/A      ; N/A     ; -3.000              ;
; Design-wide TNS  ; -53.026 ; 0.0   ; 0.0      ; 0.0     ; -85.522             ;
;  clk             ; -53.026 ; 0.000 ; N/A      ; N/A     ; -85.522             ;
+------------------+---------+-------+----------+---------+---------------------+


+------------------------------------------------------------------------+
; Setup Times                                                            ;
+------------+------------+-------+-------+------------+-----------------+
; Data Port  ; Clock Port ; Rise  ; Fall  ; Clock Edge ; Clock Reference ;
+------------+------------+-------+-------+------------+-----------------+
; addr_a[*]  ; clk        ; 5.005 ; 5.480 ; Rise       ; clk             ;
;  addr_a[0] ; clk        ; 4.758 ; 5.255 ; Rise       ; clk             ;
;  addr_a[1] ; clk        ; 5.005 ; 5.480 ; Rise       ; clk             ;
;  addr_a[2] ; clk        ; 4.933 ; 5.361 ; Rise       ; clk             ;
; addr_b[*]  ; clk        ; 5.904 ; 6.388 ; Rise       ; clk             ;
;  addr_b[0] ; clk        ; 4.856 ; 5.340 ; Rise       ; clk             ;
;  addr_b[1] ; clk        ; 5.567 ; 6.050 ; Rise       ; clk             ;
;  addr_b[2] ; clk        ; 5.904 ; 6.388 ; Rise       ; clk             ;
; data_a[*]  ; clk        ; 3.578 ; 4.164 ; Rise       ; clk             ;
;  data_a[0] ; clk        ; 3.549 ; 4.100 ; Rise       ; clk             ;
;  data_a[1] ; clk        ; 3.003 ; 3.495 ; Rise       ; clk             ;
;  data_a[2] ; clk        ; 3.262 ; 3.811 ; Rise       ; clk             ;
;  data_a[3] ; clk        ; 3.578 ; 4.164 ; Rise       ; clk             ;
;  data_a[4] ; clk        ; 3.042 ; 3.565 ; Rise       ; clk             ;
;  data_a[5] ; clk        ; 2.971 ; 3.518 ; Rise       ; clk             ;
;  data_a[6] ; clk        ; 3.041 ; 3.533 ; Rise       ; clk             ;
;  data_a[7] ; clk        ; 3.166 ; 3.757 ; Rise       ; clk             ;
; data_b[*]  ; clk        ; 4.152 ; 4.613 ; Rise       ; clk             ;
;  data_b[0] ; clk        ; 4.152 ; 4.613 ; Rise       ; clk             ;
;  data_b[1] ; clk        ; 3.173 ; 3.633 ; Rise       ; clk             ;
;  data_b[2] ; clk        ; 3.606 ; 4.127 ; Rise       ; clk             ;
;  data_b[3] ; clk        ; 3.488 ; 4.037 ; Rise       ; clk             ;
;  data_b[4] ; clk        ; 3.514 ; 4.033 ; Rise       ; clk             ;
;  data_b[5] ; clk        ; 3.361 ; 3.878 ; Rise       ; clk             ;
;  data_b[6] ; clk        ; 3.615 ; 4.096 ; Rise       ; clk             ;
;  data_b[7] ; clk        ; 3.918 ; 4.478 ; Rise       ; clk             ;
; we_a       ; clk        ; 5.465 ; 5.869 ; Rise       ; clk             ;
; we_b       ; clk        ; 5.293 ; 5.784 ; Rise       ; clk             ;
+------------+------------+-------+-------+------------+-----------------+


+--------------------------------------------------------------------------+
; Hold Times                                                               ;
+------------+------------+--------+--------+------------+-----------------+
; Data Port  ; Clock Port ; Rise   ; Fall   ; Clock Edge ; Clock Reference ;
+------------+------------+--------+--------+------------+-----------------+
; addr_a[*]  ; clk        ; -0.641 ; -1.181 ; Rise       ; clk             ;
;  addr_a[0] ; clk        ; -0.672 ; -1.221 ; Rise       ; clk             ;
;  addr_a[1] ; clk        ; -0.653 ; -1.181 ; Rise       ; clk             ;
;  addr_a[2] ; clk        ; -0.641 ; -1.229 ; Rise       ; clk             ;
; addr_b[*]  ; clk        ; -0.623 ; -1.178 ; Rise       ; clk             ;
;  addr_b[0] ; clk        ; -0.623 ; -1.178 ; Rise       ; clk             ;
;  addr_b[1] ; clk        ; -0.988 ; -1.582 ; Rise       ; clk             ;
;  addr_b[2] ; clk        ; -0.632 ; -1.207 ; Rise       ; clk             ;
; data_a[*]  ; clk        ; -0.559 ; -1.121 ; Rise       ; clk             ;
;  data_a[0] ; clk        ; -1.061 ; -1.700 ; Rise       ; clk             ;
;  data_a[1] ; clk        ; -0.970 ; -1.573 ; Rise       ; clk             ;
;  data_a[2] ; clk        ; -1.081 ; -1.711 ; Rise       ; clk             ;
;  data_a[3] ; clk        ; -0.982 ; -1.625 ; Rise       ; clk             ;
;  data_a[4] ; clk        ; -0.985 ; -1.582 ; Rise       ; clk             ;
;  data_a[5] ; clk        ; -0.559 ; -1.121 ; Rise       ; clk             ;
;  data_a[6] ; clk        ; -0.980 ; -1.558 ; Rise       ; clk             ;
;  data_a[7] ; clk        ; -1.140 ; -1.817 ; Rise       ; clk             ;
; data_b[*]  ; clk        ; -0.808 ; -1.368 ; Rise       ; clk             ;
;  data_b[0] ; clk        ; -1.196 ; -1.831 ; Rise       ; clk             ;
;  data_b[1] ; clk        ; -0.846 ; -1.379 ; Rise       ; clk             ;
;  data_b[2] ; clk        ; -1.061 ; -1.635 ; Rise       ; clk             ;
;  data_b[3] ; clk        ; -0.872 ; -1.503 ; Rise       ; clk             ;
;  data_b[4] ; clk        ; -1.128 ; -1.722 ; Rise       ; clk             ;
;  data_b[5] ; clk        ; -0.808 ; -1.368 ; Rise       ; clk             ;
;  data_b[6] ; clk        ; -1.014 ; -1.573 ; Rise       ; clk             ;
;  data_b[7] ; clk        ; -1.165 ; -1.772 ; Rise       ; clk             ;
; we_a       ; clk        ; -1.428 ; -2.045 ; Rise       ; clk             ;
; we_b       ; clk        ; -1.332 ; -2.011 ; Rise       ; clk             ;
+------------+------------+--------+--------+------------+-----------------+


+-----------------------------------------------------------------------+
; Clock to Output Times                                                 ;
+-----------+------------+-------+-------+------------+-----------------+
; Data Port ; Clock Port ; Rise  ; Fall  ; Clock Edge ; Clock Reference ;
+-----------+------------+-------+-------+------------+-----------------+
; q_a[*]    ; clk        ; 8.653 ; 8.623 ; Rise       ; clk             ;
;  q_a[0]   ; clk        ; 7.397 ; 7.396 ; Rise       ; clk             ;
;  q_a[1]   ; clk        ; 6.985 ; 6.973 ; Rise       ; clk             ;
;  q_a[2]   ; clk        ; 6.768 ; 6.711 ; Rise       ; clk             ;
;  q_a[3]   ; clk        ; 7.009 ; 6.950 ; Rise       ; clk             ;
;  q_a[4]   ; clk        ; 7.735 ; 7.670 ; Rise       ; clk             ;
;  q_a[5]   ; clk        ; 7.252 ; 7.232 ; Rise       ; clk             ;
;  q_a[6]   ; clk        ; 7.224 ; 7.174 ; Rise       ; clk             ;
;  q_a[7]   ; clk        ; 8.653 ; 8.623 ; Rise       ; clk             ;
; q_b[*]    ; clk        ; 7.417 ; 7.404 ; Rise       ; clk             ;
;  q_b[0]   ; clk        ; 6.787 ; 6.732 ; Rise       ; clk             ;
;  q_b[1]   ; clk        ; 6.998 ; 6.934 ; Rise       ; clk             ;
;  q_b[2]   ; clk        ; 6.997 ; 6.930 ; Rise       ; clk             ;
;  q_b[3]   ; clk        ; 7.417 ; 7.404 ; Rise       ; clk             ;
;  q_b[4]   ; clk        ; 6.546 ; 6.483 ; Rise       ; clk             ;
;  q_b[5]   ; clk        ; 6.496 ; 6.428 ; Rise       ; clk             ;
;  q_b[6]   ; clk        ; 7.015 ; 6.959 ; Rise       ; clk             ;
;  q_b[7]   ; clk        ; 6.883 ; 6.814 ; Rise       ; clk             ;
+-----------+------------+-------+-------+------------+-----------------+


+-----------------------------------------------------------------------+
; Minimum Clock to Output Times                                         ;
+-----------+------------+-------+-------+------------+-----------------+
; Data Port ; Clock Port ; Rise  ; Fall  ; Clock Edge ; Clock Reference ;
+-----------+------------+-------+-------+------------+-----------------+
; q_a[*]    ; clk        ; 3.815 ; 3.880 ; Rise       ; clk             ;
;  q_a[0]   ; clk        ; 4.176 ; 4.308 ; Rise       ; clk             ;
;  q_a[1]   ; clk        ; 3.947 ; 4.047 ; Rise       ; clk             ;
;  q_a[2]   ; clk        ; 3.815 ; 3.880 ; Rise       ; clk             ;
;  q_a[3]   ; clk        ; 3.955 ; 4.037 ; Rise       ; clk             ;
;  q_a[4]   ; clk        ; 4.329 ; 4.444 ; Rise       ; clk             ;
;  q_a[5]   ; clk        ; 4.148 ; 4.200 ; Rise       ; clk             ;
;  q_a[6]   ; clk        ; 4.054 ; 4.150 ; Rise       ; clk             ;
;  q_a[7]   ; clk        ; 4.864 ; 5.064 ; Rise       ; clk             ;
; q_b[*]    ; clk        ; 3.656 ; 3.692 ; Rise       ; clk             ;
;  q_b[0]   ; clk        ; 3.826 ; 3.898 ; Rise       ; clk             ;
;  q_b[1]   ; clk        ; 3.938 ; 4.018 ; Rise       ; clk             ;
;  q_b[2]   ; clk        ; 3.936 ; 4.013 ; Rise       ; clk             ;
;  q_b[3]   ; clk        ; 4.224 ; 4.290 ; Rise       ; clk             ;
;  q_b[4]   ; clk        ; 3.689 ; 3.744 ; Rise       ; clk             ;
;  q_b[5]   ; clk        ; 3.656 ; 3.692 ; Rise       ; clk             ;
;  q_b[6]   ; clk        ; 3.953 ; 4.034 ; Rise       ; clk             ;
;  q_b[7]   ; clk        ; 3.897 ; 3.961 ; Rise       ; clk             ;
+-----------+------------+-------+-------+------------+-----------------+


+------------------------------------------------------------------------------------------------------------------------------------------------------------------------------------------------------------------------------------------------------------------------------------------------------------------------------------------------------------------------------------------------------------------+
; Board Trace Model Assignments                                                                                                                                                                                                                                                                                                                                                                                    ;
+---------------+--------------+-------------------+-------------------------+-------------------------+---------------+---------------------+----------------+------------------+--------+------------------+------------------------+------------------------+--------------+---------------+-----------------+-------+---------------------+--------------------+---------------+-----------------+-------------+
; Pin           ; I/O Standard ; Near Tline Length ; Near Tline L per Length ; Near Tline C per Length ; Near Series R ; Near Differential R ; Near Pull-up R ; Near Pull-down R ; Near C ; Far Tline Length ; Far Tline L per Length ; Far Tline C per Length ; Far Series R ; Far Pull-up R ; Far Pull-down R ; Far C ; Termination Voltage ; Far Differential R ; EBD File Name ; EBD Signal Name ; EBD Far-end ;
+---------------+--------------+-------------------+-------------------------+-------------------------+---------------+---------------------+----------------+------------------+--------+------------------+------------------------+------------------------+--------------+---------------+-----------------+-------+---------------------+--------------------+---------------+-----------------+-------------+
; q_a[0]        ; 2.5 V        ; 0 in              ; 0 H/in                  ; 0 F/in                  ; short         ; -                   ; open           ; open             ; open   ; 0 in             ; 0 H/in                 ; 0 F/in                 ; short        ; open          ; open            ; open  ; 0 V                 ; -                  ; n/a           ; n/a             ; n/a         ;
; q_a[1]        ; 2.5 V        ; 0 in              ; 0 H/in                  ; 0 F/in                  ; short         ; -                   ; open           ; open             ; open   ; 0 in             ; 0 H/in                 ; 0 F/in                 ; short        ; open          ; open            ; open  ; 0 V                 ; -                  ; n/a           ; n/a             ; n/a         ;
; q_a[2]        ; 2.5 V        ; 0 in              ; 0 H/in                  ; 0 F/in                  ; short         ; -                   ; open           ; open             ; open   ; 0 in             ; 0 H/in                 ; 0 F/in                 ; short        ; open          ; open            ; open  ; 0 V                 ; -                  ; n/a           ; n/a             ; n/a         ;
; q_a[3]        ; 2.5 V        ; 0 in              ; 0 H/in                  ; 0 F/in                  ; short         ; -                   ; open           ; open             ; open   ; 0 in             ; 0 H/in                 ; 0 F/in                 ; short        ; open          ; open            ; open  ; 0 V                 ; -                  ; n/a           ; n/a             ; n/a         ;
; q_a[4]        ; 2.5 V        ; 0 in              ; 0 H/in                  ; 0 F/in                  ; short         ; -                   ; open           ; open             ; open   ; 0 in             ; 0 H/in                 ; 0 F/in                 ; short        ; open          ; open            ; open  ; 0 V                 ; -                  ; n/a           ; n/a             ; n/a         ;
; q_a[5]        ; 2.5 V        ; 0 in              ; 0 H/in                  ; 0 F/in                  ; short         ; -                   ; open           ; open             ; open   ; 0 in             ; 0 H/in                 ; 0 F/in                 ; short        ; open          ; open            ; open  ; 0 V                 ; -                  ; n/a           ; n/a             ; n/a         ;
; q_a[6]        ; 2.5 V        ; 0 in              ; 0 H/in                  ; 0 F/in                  ; short         ; -                   ; open           ; open             ; open   ; 0 in             ; 0 H/in                 ; 0 F/in                 ; short        ; open          ; open            ; open  ; 0 V                 ; -                  ; n/a           ; n/a             ; n/a         ;
; q_a[7]        ; 2.5 V        ; 0 in              ; 0 H/in                  ; 0 F/in                  ; short         ; -                   ; open           ; open             ; open   ; 0 in             ; 0 H/in                 ; 0 F/in                 ; short        ; open          ; open            ; open  ; 0 V                 ; -                  ; n/a           ; n/a             ; n/a         ;
; q_b[0]        ; 2.5 V        ; 0 in              ; 0 H/in                  ; 0 F/in                  ; short         ; -                   ; open           ; open             ; open   ; 0 in             ; 0 H/in                 ; 0 F/in                 ; short        ; open          ; open            ; open  ; 0 V                 ; -                  ; n/a           ; n/a             ; n/a         ;
; q_b[1]        ; 2.5 V        ; 0 in              ; 0 H/in                  ; 0 F/in                  ; short         ; -                   ; open           ; open             ; open   ; 0 in             ; 0 H/in                 ; 0 F/in                 ; short        ; open          ; open            ; open  ; 0 V                 ; -                  ; n/a           ; n/a             ; n/a         ;
; q_b[2]        ; 2.5 V        ; 0 in              ; 0 H/in                  ; 0 F/in                  ; short         ; -                   ; open           ; open             ; open   ; 0 in             ; 0 H/in                 ; 0 F/in                 ; short        ; open          ; open            ; open  ; 0 V                 ; -                  ; n/a           ; n/a             ; n/a         ;
; q_b[3]        ; 2.5 V        ; 0 in              ; 0 H/in                  ; 0 F/in                  ; short         ; -                   ; open           ; open             ; open   ; 0 in             ; 0 H/in                 ; 0 F/in                 ; short        ; open          ; open            ; open  ; 0 V                 ; -                  ; n/a           ; n/a             ; n/a         ;
; q_b[4]        ; 2.5 V        ; 0 in              ; 0 H/in                  ; 0 F/in                  ; short         ; -                   ; open           ; open             ; open   ; 0 in             ; 0 H/in                 ; 0 F/in                 ; short        ; open          ; open            ; open  ; 0 V                 ; -                  ; n/a           ; n/a             ; n/a         ;
; q_b[5]        ; 2.5 V        ; 0 in              ; 0 H/in                  ; 0 F/in                  ; short         ; -                   ; open           ; open             ; open   ; 0 in             ; 0 H/in                 ; 0 F/in                 ; short        ; open          ; open            ; open  ; 0 V                 ; -                  ; n/a           ; n/a             ; n/a         ;
; q_b[6]        ; 2.5 V        ; 0 in              ; 0 H/in                  ; 0 F/in                  ; short         ; -                   ; open           ; open             ; open   ; 0 in             ; 0 H/in                 ; 0 F/in                 ; short        ; open          ; open            ; open  ; 0 V                 ; -                  ; n/a           ; n/a             ; n/a         ;
; q_b[7]        ; 2.5 V        ; 0 in              ; 0 H/in                  ; 0 F/in                  ; short         ; -                   ; open           ; open             ; open   ; 0 in             ; 0 H/in                 ; 0 F/in                 ; short        ; open          ; open            ; open  ; 0 V                 ; -                  ; n/a           ; n/a             ; n/a         ;
; ~ALTERA_NCEO~ ; 2.5 V        ; 0 in              ; 0 H/in                  ; 0 F/in                  ; short         ; -                   ; open           ; open             ; open   ; 0 in             ; 0 H/in                 ; 0 F/in                 ; short        ; open          ; open            ; open  ; 0 V                 ; -                  ; n/a           ; n/a             ; n/a         ;
; ~ALTERA_DCLK~ ; 2.5 V        ; 0 in              ; 0 H/in                  ; 0 F/in                  ; short         ; -                   ; open           ; open             ; open   ; 0 in             ; 0 H/in                 ; 0 F/in                 ; short        ; open          ; open            ; open  ; 0 V                 ; -                  ; n/a           ; n/a             ; n/a         ;
+---------------+--------------+-------------------+-------------------------+-------------------------+---------------+---------------------+----------------+------------------+--------+------------------+------------------------+------------------------+--------------+---------------+-----------------+-------+---------------------+--------------------+---------------+-----------------+-------------+


+-------------------------------------------------------------------+
; Input Transition Times                                            ;
+----------------+--------------+-----------------+-----------------+
; Pin            ; I/O Standard ; 10-90 Rise Time ; 90-10 Fall Time ;
+----------------+--------------+-----------------+-----------------+
; data_a[0]      ; 2.5 V        ; 2000 ps         ; 2000 ps         ;
; addr_a[2]      ; 2.5 V        ; 2000 ps         ; 2000 ps         ;
; addr_a[0]      ; 2.5 V        ; 2000 ps         ; 2000 ps         ;
; we_a           ; 2.5 V        ; 2000 ps         ; 2000 ps         ;
; addr_a[1]      ; 2.5 V        ; 2000 ps         ; 2000 ps         ;
; clk            ; 2.5 V        ; 2000 ps         ; 2000 ps         ;
; data_a[1]      ; 2.5 V        ; 2000 ps         ; 2000 ps         ;
; data_a[2]      ; 2.5 V        ; 2000 ps         ; 2000 ps         ;
; data_a[3]      ; 2.5 V        ; 2000 ps         ; 2000 ps         ;
; data_a[4]      ; 2.5 V        ; 2000 ps         ; 2000 ps         ;
; data_a[5]      ; 2.5 V        ; 2000 ps         ; 2000 ps         ;
; data_a[6]      ; 2.5 V        ; 2000 ps         ; 2000 ps         ;
; data_a[7]      ; 2.5 V        ; 2000 ps         ; 2000 ps         ;
; data_b[0]      ; 2.5 V        ; 2000 ps         ; 2000 ps         ;
; addr_b[2]      ; 2.5 V        ; 2000 ps         ; 2000 ps         ;
; addr_b[0]      ; 2.5 V        ; 2000 ps         ; 2000 ps         ;
; we_b           ; 2.5 V        ; 2000 ps         ; 2000 ps         ;
; addr_b[1]      ; 2.5 V        ; 2000 ps         ; 2000 ps         ;
; data_b[1]      ; 2.5 V        ; 2000 ps         ; 2000 ps         ;
; data_b[2]      ; 2.5 V        ; 2000 ps         ; 2000 ps         ;
; data_b[3]      ; 2.5 V        ; 2000 ps         ; 2000 ps         ;
; data_b[4]      ; 2.5 V        ; 2000 ps         ; 2000 ps         ;
; data_b[5]      ; 2.5 V        ; 2000 ps         ; 2000 ps         ;
; data_b[6]      ; 2.5 V        ; 2000 ps         ; 2000 ps         ;
; data_b[7]      ; 2.5 V        ; 2000 ps         ; 2000 ps         ;
; ~ALTERA_DATA0~ ; 2.5 V        ; 2000 ps         ; 2000 ps         ;
; ~ALTERA_ASDO~  ; 2.5 V        ; 2000 ps         ; 2000 ps         ;
; ~ALTERA_NCSO~  ; 2.5 V        ; 2000 ps         ; 2000 ps         ;
+----------------+--------------+-----------------+-----------------+


+--------------------------------------------------------------------------------------------------------------------------------------------------------------------------------------------------------------------------------------------------------------------------------------------------------------------------------------------------------------------------------------------------------------------------------------------------------------------------------------------------------------------------------------------------------------------------------------------------------------------------------------------------------------------------------------------+
; Signal Integrity Metrics (Slow 1200mv 0c Model)                                                                                                                                                                                                                                                                                                                                                                                                                                                                                                                                                                                                                                            ;
+---------------+--------------+---------------------+---------------------+------------------------------+------------------------------+---------------------+---------------------+--------------------------------------+--------------------------------------+-----------------------------+-----------------------------+----------------------------+----------------------------+-----------------------------+-----------------------------+--------------------+--------------------+-------------------------------------+-------------------------------------+----------------------------+----------------------------+---------------------------+---------------------------+
; Pin           ; I/O Standard ; Board Delay on Rise ; Board Delay on Fall ; Steady State Voh at FPGA Pin ; Steady State Vol at FPGA Pin ; Voh Max at FPGA Pin ; Vol Min at FPGA Pin ; Ringback Voltage on Rise at FPGA Pin ; Ringback Voltage on Fall at FPGA Pin ; 10-90 Rise Time at FPGA Pin ; 90-10 Fall Time at FPGA Pin ; Monotonic Rise at FPGA Pin ; Monotonic Fall at FPGA Pin ; Steady State Voh at Far-end ; Steady State Vol at Far-end ; Voh Max at Far-end ; Vol Min at Far-end ; Ringback Voltage on Rise at Far-end ; Ringback Voltage on Fall at Far-end ; 10-90 Rise Time at Far-end ; 90-10 Fall Time at Far-end ; Monotonic Rise at Far-end ; Monotonic Fall at Far-end ;
+---------------+--------------+---------------------+---------------------+------------------------------+------------------------------+---------------------+---------------------+--------------------------------------+--------------------------------------+-----------------------------+-----------------------------+----------------------------+----------------------------+-----------------------------+-----------------------------+--------------------+--------------------+-------------------------------------+-------------------------------------+----------------------------+----------------------------+---------------------------+---------------------------+
; q_a[0]        ; 2.5 V        ; 0 s                 ; 0 s                 ; 2.32 V                       ; 7.29e-09 V                   ; 2.39 V              ; -0.00317 V          ; 0.179 V                              ; 0.007 V                              ; 4.7e-10 s                   ; 4.72e-10 s                  ; No                         ; Yes                        ; 2.32 V                      ; 7.29e-09 V                  ; 2.39 V             ; -0.00317 V         ; 0.179 V                             ; 0.007 V                             ; 4.7e-10 s                  ; 4.72e-10 s                 ; No                        ; Yes                       ;
; q_a[1]        ; 2.5 V        ; 0 s                 ; 0 s                 ; 2.32 V                       ; 7.29e-09 V                   ; 2.39 V              ; -0.00317 V          ; 0.179 V                              ; 0.007 V                              ; 4.7e-10 s                   ; 4.72e-10 s                  ; No                         ; Yes                        ; 2.32 V                      ; 7.29e-09 V                  ; 2.39 V             ; -0.00317 V         ; 0.179 V                             ; 0.007 V                             ; 4.7e-10 s                  ; 4.72e-10 s                 ; No                        ; Yes                       ;
; q_a[2]        ; 2.5 V        ; 0 s                 ; 0 s                 ; 2.32 V                       ; 7.29e-09 V                   ; 2.39 V              ; -0.00317 V          ; 0.179 V                              ; 0.007 V                              ; 4.7e-10 s                   ; 4.72e-10 s                  ; No                         ; Yes                        ; 2.32 V                      ; 7.29e-09 V                  ; 2.39 V             ; -0.00317 V         ; 0.179 V                             ; 0.007 V                             ; 4.7e-10 s                  ; 4.72e-10 s                 ; No                        ; Yes                       ;
; q_a[3]        ; 2.5 V        ; 0 s                 ; 0 s                 ; 2.32 V                       ; 7.29e-09 V                   ; 2.39 V              ; -0.00317 V          ; 0.179 V                              ; 0.007 V                              ; 4.7e-10 s                   ; 4.72e-10 s                  ; No                         ; Yes                        ; 2.32 V                      ; 7.29e-09 V                  ; 2.39 V             ; -0.00317 V         ; 0.179 V                             ; 0.007 V                             ; 4.7e-10 s                  ; 4.72e-10 s                 ; No                        ; Yes                       ;
; q_a[4]        ; 2.5 V        ; 0 s                 ; 0 s                 ; 2.32 V                       ; 5.16e-09 V                   ; 2.4 V               ; -0.00557 V          ; 0.238 V                              ; 0.014 V                              ; 2.9e-10 s                   ; 3.48e-10 s                  ; No                         ; Yes                        ; 2.32 V                      ; 5.16e-09 V                  ; 2.4 V              ; -0.00557 V         ; 0.238 V                             ; 0.014 V                             ; 2.9e-10 s                  ; 3.48e-10 s                 ; No                        ; Yes                       ;
; q_a[5]        ; 2.5 V        ; 0 s                 ; 0 s                 ; 2.32 V                       ; 5.16e-09 V                   ; 2.37 V              ; -0.00861 V          ; 0.168 V                              ; 0.038 V                              ; 6.79e-10 s                  ; 6.49e-10 s                  ; No                         ; Yes                        ; 2.32 V                      ; 5.16e-09 V                  ; 2.37 V             ; -0.00861 V         ; 0.168 V                             ; 0.038 V                             ; 6.79e-10 s                 ; 6.49e-10 s                 ; No                        ; Yes                       ;
; q_a[6]        ; 2.5 V        ; 0 s                 ; 0 s                 ; 2.32 V                       ; 7.29e-09 V                   ; 2.39 V              ; -0.00317 V          ; 0.179 V                              ; 0.007 V                              ; 4.7e-10 s                   ; 4.72e-10 s                  ; No                         ; Yes                        ; 2.32 V                      ; 7.29e-09 V                  ; 2.39 V             ; -0.00317 V         ; 0.179 V                             ; 0.007 V                             ; 4.7e-10 s                  ; 4.72e-10 s                 ; No                        ; Yes                       ;
; q_a[7]        ; 2.5 V        ; 0 s                 ; 0 s                 ; 2.32 V                       ; 7.29e-09 V                   ; 2.39 V              ; -0.00317 V          ; 0.179 V                              ; 0.007 V                              ; 4.7e-10 s                   ; 4.72e-10 s                  ; No                         ; Yes                        ; 2.32 V                      ; 7.29e-09 V                  ; 2.39 V             ; -0.00317 V         ; 0.179 V                             ; 0.007 V                             ; 4.7e-10 s                  ; 4.72e-10 s                 ; No                        ; Yes                       ;
; q_b[0]        ; 2.5 V        ; 0 s                 ; 0 s                 ; 2.32 V                       ; 7.29e-09 V                   ; 2.39 V              ; -0.00317 V          ; 0.179 V                              ; 0.007 V                              ; 4.7e-10 s                   ; 4.72e-10 s                  ; No                         ; Yes                        ; 2.32 V                      ; 7.29e-09 V                  ; 2.39 V             ; -0.00317 V         ; 0.179 V                             ; 0.007 V                             ; 4.7e-10 s                  ; 4.72e-10 s                 ; No                        ; Yes                       ;
; q_b[1]        ; 2.5 V        ; 0 s                 ; 0 s                 ; 2.32 V                       ; 7.29e-09 V                   ; 2.39 V              ; -0.00317 V          ; 0.179 V                              ; 0.007 V                              ; 4.7e-10 s                   ; 4.72e-10 s                  ; No                         ; Yes                        ; 2.32 V                      ; 7.29e-09 V                  ; 2.39 V             ; -0.00317 V         ; 0.179 V                             ; 0.007 V                             ; 4.7e-10 s                  ; 4.72e-10 s                 ; No                        ; Yes                       ;
; q_b[2]        ; 2.5 V        ; 0 s                 ; 0 s                 ; 2.32 V                       ; 7.29e-09 V                   ; 2.39 V              ; -0.00317 V          ; 0.179 V                              ; 0.007 V                              ; 4.7e-10 s                   ; 4.72e-10 s                  ; No                         ; Yes                        ; 2.32 V                      ; 7.29e-09 V                  ; 2.39 V             ; -0.00317 V         ; 0.179 V                             ; 0.007 V                             ; 4.7e-10 s                  ; 4.72e-10 s                 ; No                        ; Yes                       ;
; q_b[3]        ; 2.5 V        ; 0 s                 ; 0 s                 ; 2.32 V                       ; 5.16e-09 V                   ; 2.37 V              ; -0.00861 V          ; 0.168 V                              ; 0.038 V                              ; 6.79e-10 s                  ; 6.49e-10 s                  ; No                         ; Yes                        ; 2.32 V                      ; 5.16e-09 V                  ; 2.37 V             ; -0.00861 V         ; 0.168 V                             ; 0.038 V                             ; 6.79e-10 s                 ; 6.49e-10 s                 ; No                        ; Yes                       ;
; q_b[4]        ; 2.5 V        ; 0 s                 ; 0 s                 ; 2.32 V                       ; 7.29e-09 V                   ; 2.39 V              ; -0.00317 V          ; 0.179 V                              ; 0.007 V                              ; 4.7e-10 s                   ; 4.72e-10 s                  ; No                         ; Yes                        ; 2.32 V                      ; 7.29e-09 V                  ; 2.39 V             ; -0.00317 V         ; 0.179 V                             ; 0.007 V                             ; 4.7e-10 s                  ; 4.72e-10 s                 ; No                        ; Yes                       ;
; q_b[5]        ; 2.5 V        ; 0 s                 ; 0 s                 ; 2.32 V                       ; 7.29e-09 V                   ; 2.39 V              ; -0.00339 V          ; 0.206 V                              ; 0.007 V                              ; 2.77e-10 s                  ; 3.24e-10 s                  ; Yes                        ; Yes                        ; 2.32 V                      ; 7.29e-09 V                  ; 2.39 V             ; -0.00339 V         ; 0.206 V                             ; 0.007 V                             ; 2.77e-10 s                 ; 3.24e-10 s                 ; Yes                       ; Yes                       ;
; q_b[6]        ; 2.5 V        ; 0 s                 ; 0 s                 ; 2.32 V                       ; 7.29e-09 V                   ; 2.39 V              ; -0.00317 V          ; 0.179 V                              ; 0.007 V                              ; 4.7e-10 s                   ; 4.72e-10 s                  ; No                         ; Yes                        ; 2.32 V                      ; 7.29e-09 V                  ; 2.39 V             ; -0.00317 V         ; 0.179 V                             ; 0.007 V                             ; 4.7e-10 s                  ; 4.72e-10 s                 ; No                        ; Yes                       ;
; q_b[7]        ; 2.5 V        ; 0 s                 ; 0 s                 ; 2.32 V                       ; 7.29e-09 V                   ; 2.39 V              ; -0.00317 V          ; 0.179 V                              ; 0.007 V                              ; 4.7e-10 s                   ; 4.72e-10 s                  ; No                         ; Yes                        ; 2.32 V                      ; 7.29e-09 V                  ; 2.39 V             ; -0.00317 V         ; 0.179 V                             ; 0.007 V                             ; 4.7e-10 s                  ; 4.72e-10 s                 ; No                        ; Yes                       ;
; ~ALTERA_NCEO~ ; 2.5 V        ; 0 s                 ; 0 s                 ; 2.32 V                       ; 4.76e-09 V                   ; 2.4 V               ; -0.034 V            ; 0.102 V                              ; 0.065 V                              ; 2.49e-10 s                  ; 3.49e-10 s                  ; Yes                        ; Yes                        ; 2.32 V                      ; 4.76e-09 V                  ; 2.4 V              ; -0.034 V           ; 0.102 V                             ; 0.065 V                             ; 2.49e-10 s                 ; 3.49e-10 s                 ; Yes                       ; Yes                       ;
; ~ALTERA_DCLK~ ; 2.5 V        ; 0 s                 ; 0 s                 ; 2.32 V                       ; 5.94e-09 V                   ; 2.39 V              ; -0.0344 V           ; 0.156 V                              ; 0.089 V                              ; 2.68e-10 s                  ; 2.6e-10 s                   ; Yes                        ; Yes                        ; 2.32 V                      ; 5.94e-09 V                  ; 2.39 V             ; -0.0344 V          ; 0.156 V                             ; 0.089 V                             ; 2.68e-10 s                 ; 2.6e-10 s                  ; Yes                       ; Yes                       ;
+---------------+--------------+---------------------+---------------------+------------------------------+------------------------------+---------------------+---------------------+--------------------------------------+--------------------------------------+-----------------------------+-----------------------------+----------------------------+----------------------------+-----------------------------+-----------------------------+--------------------+--------------------+-------------------------------------+-------------------------------------+----------------------------+----------------------------+---------------------------+---------------------------+


+--------------------------------------------------------------------------------------------------------------------------------------------------------------------------------------------------------------------------------------------------------------------------------------------------------------------------------------------------------------------------------------------------------------------------------------------------------------------------------------------------------------------------------------------------------------------------------------------------------------------------------------------------------------------------------------------+
; Signal Integrity Metrics (Slow 1200mv 85c Model)                                                                                                                                                                                                                                                                                                                                                                                                                                                                                                                                                                                                                                           ;
+---------------+--------------+---------------------+---------------------+------------------------------+------------------------------+---------------------+---------------------+--------------------------------------+--------------------------------------+-----------------------------+-----------------------------+----------------------------+----------------------------+-----------------------------+-----------------------------+--------------------+--------------------+-------------------------------------+-------------------------------------+----------------------------+----------------------------+---------------------------+---------------------------+
; Pin           ; I/O Standard ; Board Delay on Rise ; Board Delay on Fall ; Steady State Voh at FPGA Pin ; Steady State Vol at FPGA Pin ; Voh Max at FPGA Pin ; Vol Min at FPGA Pin ; Ringback Voltage on Rise at FPGA Pin ; Ringback Voltage on Fall at FPGA Pin ; 10-90 Rise Time at FPGA Pin ; 90-10 Fall Time at FPGA Pin ; Monotonic Rise at FPGA Pin ; Monotonic Fall at FPGA Pin ; Steady State Voh at Far-end ; Steady State Vol at Far-end ; Voh Max at Far-end ; Vol Min at Far-end ; Ringback Voltage on Rise at Far-end ; Ringback Voltage on Fall at Far-end ; 10-90 Rise Time at Far-end ; 90-10 Fall Time at Far-end ; Monotonic Rise at Far-end ; Monotonic Fall at Far-end ;
+---------------+--------------+---------------------+---------------------+------------------------------+------------------------------+---------------------+---------------------+--------------------------------------+--------------------------------------+-----------------------------+-----------------------------+----------------------------+----------------------------+-----------------------------+-----------------------------+--------------------+--------------------+-------------------------------------+-------------------------------------+----------------------------+----------------------------+---------------------------+---------------------------+
; q_a[0]        ; 2.5 V        ; 0 s                 ; 0 s                 ; 2.32 V                       ; 1.21e-06 V                   ; 2.36 V              ; -0.00833 V          ; 0.113 V                              ; 0.035 V                              ; 6.32e-10 s                  ; 5.89e-10 s                  ; No                         ; Yes                        ; 2.32 V                      ; 1.21e-06 V                  ; 2.36 V             ; -0.00833 V         ; 0.113 V                             ; 0.035 V                             ; 6.32e-10 s                 ; 5.89e-10 s                 ; No                        ; Yes                       ;
; q_a[1]        ; 2.5 V        ; 0 s                 ; 0 s                 ; 2.32 V                       ; 1.21e-06 V                   ; 2.36 V              ; -0.00833 V          ; 0.113 V                              ; 0.035 V                              ; 6.32e-10 s                  ; 5.89e-10 s                  ; No                         ; Yes                        ; 2.32 V                      ; 1.21e-06 V                  ; 2.36 V             ; -0.00833 V         ; 0.113 V                             ; 0.035 V                             ; 6.32e-10 s                 ; 5.89e-10 s                 ; No                        ; Yes                       ;
; q_a[2]        ; 2.5 V        ; 0 s                 ; 0 s                 ; 2.32 V                       ; 1.21e-06 V                   ; 2.36 V              ; -0.00833 V          ; 0.113 V                              ; 0.035 V                              ; 6.32e-10 s                  ; 5.89e-10 s                  ; No                         ; Yes                        ; 2.32 V                      ; 1.21e-06 V                  ; 2.36 V             ; -0.00833 V         ; 0.113 V                             ; 0.035 V                             ; 6.32e-10 s                 ; 5.89e-10 s                 ; No                        ; Yes                       ;
; q_a[3]        ; 2.5 V        ; 0 s                 ; 0 s                 ; 2.32 V                       ; 1.21e-06 V                   ; 2.36 V              ; -0.00833 V          ; 0.113 V                              ; 0.035 V                              ; 6.32e-10 s                  ; 5.89e-10 s                  ; No                         ; Yes                        ; 2.32 V                      ; 1.21e-06 V                  ; 2.36 V             ; -0.00833 V         ; 0.113 V                             ; 0.035 V                             ; 6.32e-10 s                 ; 5.89e-10 s                 ; No                        ; Yes                       ;
; q_a[4]        ; 2.5 V        ; 0 s                 ; 0 s                 ; 2.32 V                       ; 8.13e-07 V                   ; 2.36 V              ; -0.00623 V          ; 0.121 V                              ; 0.03 V                               ; 4.4e-10 s                   ; 4.28e-10 s                  ; Yes                        ; Yes                        ; 2.32 V                      ; 8.13e-07 V                  ; 2.36 V             ; -0.00623 V         ; 0.121 V                             ; 0.03 V                              ; 4.4e-10 s                  ; 4.28e-10 s                 ; Yes                       ; Yes                       ;
; q_a[5]        ; 2.5 V        ; 0 s                 ; 0 s                 ; 2.32 V                       ; 8.13e-07 V                   ; 2.35 V              ; -0.00662 V          ; 0.129 V                              ; 0.049 V                              ; 8.55e-10 s                  ; 8.01e-10 s                  ; No                         ; Yes                        ; 2.32 V                      ; 8.13e-07 V                  ; 2.35 V             ; -0.00662 V         ; 0.129 V                             ; 0.049 V                             ; 8.55e-10 s                 ; 8.01e-10 s                 ; No                        ; Yes                       ;
; q_a[6]        ; 2.5 V        ; 0 s                 ; 0 s                 ; 2.32 V                       ; 1.21e-06 V                   ; 2.36 V              ; -0.00833 V          ; 0.113 V                              ; 0.035 V                              ; 6.32e-10 s                  ; 5.89e-10 s                  ; No                         ; Yes                        ; 2.32 V                      ; 1.21e-06 V                  ; 2.36 V             ; -0.00833 V         ; 0.113 V                             ; 0.035 V                             ; 6.32e-10 s                 ; 5.89e-10 s                 ; No                        ; Yes                       ;
; q_a[7]        ; 2.5 V        ; 0 s                 ; 0 s                 ; 2.32 V                       ; 1.21e-06 V                   ; 2.36 V              ; -0.00833 V          ; 0.113 V                              ; 0.035 V                              ; 6.32e-10 s                  ; 5.89e-10 s                  ; No                         ; Yes                        ; 2.32 V                      ; 1.21e-06 V                  ; 2.36 V             ; -0.00833 V         ; 0.113 V                             ; 0.035 V                             ; 6.32e-10 s                 ; 5.89e-10 s                 ; No                        ; Yes                       ;
; q_b[0]        ; 2.5 V        ; 0 s                 ; 0 s                 ; 2.32 V                       ; 1.21e-06 V                   ; 2.36 V              ; -0.00833 V          ; 0.113 V                              ; 0.035 V                              ; 6.32e-10 s                  ; 5.89e-10 s                  ; No                         ; Yes                        ; 2.32 V                      ; 1.21e-06 V                  ; 2.36 V             ; -0.00833 V         ; 0.113 V                             ; 0.035 V                             ; 6.32e-10 s                 ; 5.89e-10 s                 ; No                        ; Yes                       ;
; q_b[1]        ; 2.5 V        ; 0 s                 ; 0 s                 ; 2.32 V                       ; 1.21e-06 V                   ; 2.36 V              ; -0.00833 V          ; 0.113 V                              ; 0.035 V                              ; 6.32e-10 s                  ; 5.89e-10 s                  ; No                         ; Yes                        ; 2.32 V                      ; 1.21e-06 V                  ; 2.36 V             ; -0.00833 V         ; 0.113 V                             ; 0.035 V                             ; 6.32e-10 s                 ; 5.89e-10 s                 ; No                        ; Yes                       ;
; q_b[2]        ; 2.5 V        ; 0 s                 ; 0 s                 ; 2.32 V                       ; 1.21e-06 V                   ; 2.36 V              ; -0.00833 V          ; 0.113 V                              ; 0.035 V                              ; 6.32e-10 s                  ; 5.89e-10 s                  ; No                         ; Yes                        ; 2.32 V                      ; 1.21e-06 V                  ; 2.36 V             ; -0.00833 V         ; 0.113 V                             ; 0.035 V                             ; 6.32e-10 s                 ; 5.89e-10 s                 ; No                        ; Yes                       ;
; q_b[3]        ; 2.5 V        ; 0 s                 ; 0 s                 ; 2.32 V                       ; 8.13e-07 V                   ; 2.35 V              ; -0.00662 V          ; 0.129 V                              ; 0.049 V                              ; 8.55e-10 s                  ; 8.01e-10 s                  ; No                         ; Yes                        ; 2.32 V                      ; 8.13e-07 V                  ; 2.35 V             ; -0.00662 V         ; 0.129 V                             ; 0.049 V                             ; 8.55e-10 s                 ; 8.01e-10 s                 ; No                        ; Yes                       ;
; q_b[4]        ; 2.5 V        ; 0 s                 ; 0 s                 ; 2.32 V                       ; 1.21e-06 V                   ; 2.36 V              ; -0.00833 V          ; 0.113 V                              ; 0.035 V                              ; 6.32e-10 s                  ; 5.89e-10 s                  ; No                         ; Yes                        ; 2.32 V                      ; 1.21e-06 V                  ; 2.36 V             ; -0.00833 V         ; 0.113 V                             ; 0.035 V                             ; 6.32e-10 s                 ; 5.89e-10 s                 ; No                        ; Yes                       ;
; q_b[5]        ; 2.5 V        ; 0 s                 ; 0 s                 ; 2.32 V                       ; 1.21e-06 V                   ; 2.37 V              ; -0.00606 V          ; 0.107 V                              ; 0.021 V                              ; 4.26e-10 s                  ; 4.03e-10 s                  ; Yes                        ; Yes                        ; 2.32 V                      ; 1.21e-06 V                  ; 2.37 V             ; -0.00606 V         ; 0.107 V                             ; 0.021 V                             ; 4.26e-10 s                 ; 4.03e-10 s                 ; Yes                       ; Yes                       ;
; q_b[6]        ; 2.5 V        ; 0 s                 ; 0 s                 ; 2.32 V                       ; 1.21e-06 V                   ; 2.36 V              ; -0.00833 V          ; 0.113 V                              ; 0.035 V                              ; 6.32e-10 s                  ; 5.89e-10 s                  ; No                         ; Yes                        ; 2.32 V                      ; 1.21e-06 V                  ; 2.36 V             ; -0.00833 V         ; 0.113 V                             ; 0.035 V                             ; 6.32e-10 s                 ; 5.89e-10 s                 ; No                        ; Yes                       ;
; q_b[7]        ; 2.5 V        ; 0 s                 ; 0 s                 ; 2.32 V                       ; 1.21e-06 V                   ; 2.36 V              ; -0.00833 V          ; 0.113 V                              ; 0.035 V                              ; 6.32e-10 s                  ; 5.89e-10 s                  ; No                         ; Yes                        ; 2.32 V                      ; 1.21e-06 V                  ; 2.36 V             ; -0.00833 V         ; 0.113 V                             ; 0.035 V                             ; 6.32e-10 s                 ; 5.89e-10 s                 ; No                        ; Yes                       ;
; ~ALTERA_NCEO~ ; 2.5 V        ; 0 s                 ; 0 s                 ; 2.32 V                       ; 7.93e-07 V                   ; 2.37 V              ; -0.0278 V           ; 0.106 V                              ; 0.115 V                              ; 2.69e-10 s                  ; 4.05e-10 s                  ; Yes                        ; Yes                        ; 2.32 V                      ; 7.93e-07 V                  ; 2.37 V             ; -0.0278 V          ; 0.106 V                             ; 0.115 V                             ; 2.69e-10 s                 ; 4.05e-10 s                 ; Yes                       ; Yes                       ;
; ~ALTERA_DCLK~ ; 2.5 V        ; 0 s                 ; 0 s                 ; 2.32 V                       ; 9.76e-07 V                   ; 2.36 V              ; -0.00439 V          ; 0.088 V                              ; 0.007 V                              ; 4.05e-10 s                  ; 3.35e-10 s                  ; Yes                        ; Yes                        ; 2.32 V                      ; 9.76e-07 V                  ; 2.36 V             ; -0.00439 V         ; 0.088 V                             ; 0.007 V                             ; 4.05e-10 s                 ; 3.35e-10 s                 ; Yes                       ; Yes                       ;
+---------------+--------------+---------------------+---------------------+------------------------------+------------------------------+---------------------+---------------------+--------------------------------------+--------------------------------------+-----------------------------+-----------------------------+----------------------------+----------------------------+-----------------------------+-----------------------------+--------------------+--------------------+-------------------------------------+-------------------------------------+----------------------------+----------------------------+---------------------------+---------------------------+


+--------------------------------------------------------------------------------------------------------------------------------------------------------------------------------------------------------------------------------------------------------------------------------------------------------------------------------------------------------------------------------------------------------------------------------------------------------------------------------------------------------------------------------------------------------------------------------------------------------------------------------------------------------------------------------------------+
; Signal Integrity Metrics (Fast 1200mv 0c Model)                                                                                                                                                                                                                                                                                                                                                                                                                                                                                                                                                                                                                                            ;
+---------------+--------------+---------------------+---------------------+------------------------------+------------------------------+---------------------+---------------------+--------------------------------------+--------------------------------------+-----------------------------+-----------------------------+----------------------------+----------------------------+-----------------------------+-----------------------------+--------------------+--------------------+-------------------------------------+-------------------------------------+----------------------------+----------------------------+---------------------------+---------------------------+
; Pin           ; I/O Standard ; Board Delay on Rise ; Board Delay on Fall ; Steady State Voh at FPGA Pin ; Steady State Vol at FPGA Pin ; Voh Max at FPGA Pin ; Vol Min at FPGA Pin ; Ringback Voltage on Rise at FPGA Pin ; Ringback Voltage on Fall at FPGA Pin ; 10-90 Rise Time at FPGA Pin ; 90-10 Fall Time at FPGA Pin ; Monotonic Rise at FPGA Pin ; Monotonic Fall at FPGA Pin ; Steady State Voh at Far-end ; Steady State Vol at Far-end ; Voh Max at Far-end ; Vol Min at Far-end ; Ringback Voltage on Rise at Far-end ; Ringback Voltage on Fall at Far-end ; 10-90 Rise Time at Far-end ; 90-10 Fall Time at Far-end ; Monotonic Rise at Far-end ; Monotonic Fall at Far-end ;
+---------------+--------------+---------------------+---------------------+------------------------------+------------------------------+---------------------+---------------------+--------------------------------------+--------------------------------------+-----------------------------+-----------------------------+----------------------------+----------------------------+-----------------------------+-----------------------------+--------------------+--------------------+-------------------------------------+-------------------------------------+----------------------------+----------------------------+---------------------------+---------------------------+
; q_a[0]        ; 2.5 V        ; 0 s                 ; 0 s                 ; 2.62 V                       ; 4.66e-08 V                   ; 2.72 V              ; -0.0215 V           ; 0.161 V                              ; 0.061 V                              ; 4.44e-10 s                  ; 4.06e-10 s                  ; No                         ; Yes                        ; 2.62 V                      ; 4.66e-08 V                  ; 2.72 V             ; -0.0215 V          ; 0.161 V                             ; 0.061 V                             ; 4.44e-10 s                 ; 4.06e-10 s                 ; No                        ; Yes                       ;
; q_a[1]        ; 2.5 V        ; 0 s                 ; 0 s                 ; 2.62 V                       ; 4.66e-08 V                   ; 2.72 V              ; -0.0215 V           ; 0.161 V                              ; 0.061 V                              ; 4.44e-10 s                  ; 4.06e-10 s                  ; No                         ; Yes                        ; 2.62 V                      ; 4.66e-08 V                  ; 2.72 V             ; -0.0215 V          ; 0.161 V                             ; 0.061 V                             ; 4.44e-10 s                 ; 4.06e-10 s                 ; No                        ; Yes                       ;
; q_a[2]        ; 2.5 V        ; 0 s                 ; 0 s                 ; 2.62 V                       ; 4.66e-08 V                   ; 2.72 V              ; -0.0215 V           ; 0.161 V                              ; 0.061 V                              ; 4.44e-10 s                  ; 4.06e-10 s                  ; No                         ; Yes                        ; 2.62 V                      ; 4.66e-08 V                  ; 2.72 V             ; -0.0215 V          ; 0.161 V                             ; 0.061 V                             ; 4.44e-10 s                 ; 4.06e-10 s                 ; No                        ; Yes                       ;
; q_a[3]        ; 2.5 V        ; 0 s                 ; 0 s                 ; 2.62 V                       ; 4.66e-08 V                   ; 2.72 V              ; -0.0215 V           ; 0.161 V                              ; 0.061 V                              ; 4.44e-10 s                  ; 4.06e-10 s                  ; No                         ; Yes                        ; 2.62 V                      ; 4.66e-08 V                  ; 2.72 V             ; -0.0215 V          ; 0.161 V                             ; 0.061 V                             ; 4.44e-10 s                 ; 4.06e-10 s                 ; No                        ; Yes                       ;
; q_a[4]        ; 2.5 V        ; 0 s                 ; 0 s                 ; 2.62 V                       ; 3.16e-08 V                   ; 2.72 V              ; -0.0199 V           ; 0.186 V                              ; 0.027 V                              ; 2.63e-10 s                  ; 2.76e-10 s                  ; Yes                        ; Yes                        ; 2.62 V                      ; 3.16e-08 V                  ; 2.72 V             ; -0.0199 V          ; 0.186 V                             ; 0.027 V                             ; 2.63e-10 s                 ; 2.76e-10 s                 ; Yes                       ; Yes                       ;
; q_a[5]        ; 2.5 V        ; 0 s                 ; 0 s                 ; 2.62 V                       ; 3.16e-08 V                   ; 2.71 V              ; -0.0171 V           ; 0.273 V                              ; 0.065 V                              ; 4.95e-10 s                  ; 5.37e-10 s                  ; No                         ; Yes                        ; 2.62 V                      ; 3.16e-08 V                  ; 2.71 V             ; -0.0171 V          ; 0.273 V                             ; 0.065 V                             ; 4.95e-10 s                 ; 5.37e-10 s                 ; No                        ; Yes                       ;
; q_a[6]        ; 2.5 V        ; 0 s                 ; 0 s                 ; 2.62 V                       ; 4.66e-08 V                   ; 2.72 V              ; -0.0215 V           ; 0.161 V                              ; 0.061 V                              ; 4.44e-10 s                  ; 4.06e-10 s                  ; No                         ; Yes                        ; 2.62 V                      ; 4.66e-08 V                  ; 2.72 V             ; -0.0215 V          ; 0.161 V                             ; 0.061 V                             ; 4.44e-10 s                 ; 4.06e-10 s                 ; No                        ; Yes                       ;
; q_a[7]        ; 2.5 V        ; 0 s                 ; 0 s                 ; 2.62 V                       ; 4.66e-08 V                   ; 2.72 V              ; -0.0215 V           ; 0.161 V                              ; 0.061 V                              ; 4.44e-10 s                  ; 4.06e-10 s                  ; No                         ; Yes                        ; 2.62 V                      ; 4.66e-08 V                  ; 2.72 V             ; -0.0215 V          ; 0.161 V                             ; 0.061 V                             ; 4.44e-10 s                 ; 4.06e-10 s                 ; No                        ; Yes                       ;
; q_b[0]        ; 2.5 V        ; 0 s                 ; 0 s                 ; 2.62 V                       ; 4.66e-08 V                   ; 2.72 V              ; -0.0215 V           ; 0.161 V                              ; 0.061 V                              ; 4.44e-10 s                  ; 4.06e-10 s                  ; No                         ; Yes                        ; 2.62 V                      ; 4.66e-08 V                  ; 2.72 V             ; -0.0215 V          ; 0.161 V                             ; 0.061 V                             ; 4.44e-10 s                 ; 4.06e-10 s                 ; No                        ; Yes                       ;
; q_b[1]        ; 2.5 V        ; 0 s                 ; 0 s                 ; 2.62 V                       ; 4.66e-08 V                   ; 2.72 V              ; -0.0215 V           ; 0.161 V                              ; 0.061 V                              ; 4.44e-10 s                  ; 4.06e-10 s                  ; No                         ; Yes                        ; 2.62 V                      ; 4.66e-08 V                  ; 2.72 V             ; -0.0215 V          ; 0.161 V                             ; 0.061 V                             ; 4.44e-10 s                 ; 4.06e-10 s                 ; No                        ; Yes                       ;
; q_b[2]        ; 2.5 V        ; 0 s                 ; 0 s                 ; 2.62 V                       ; 4.66e-08 V                   ; 2.72 V              ; -0.0215 V           ; 0.161 V                              ; 0.061 V                              ; 4.44e-10 s                  ; 4.06e-10 s                  ; No                         ; Yes                        ; 2.62 V                      ; 4.66e-08 V                  ; 2.72 V             ; -0.0215 V          ; 0.161 V                             ; 0.061 V                             ; 4.44e-10 s                 ; 4.06e-10 s                 ; No                        ; Yes                       ;
; q_b[3]        ; 2.5 V        ; 0 s                 ; 0 s                 ; 2.62 V                       ; 3.16e-08 V                   ; 2.71 V              ; -0.0171 V           ; 0.273 V                              ; 0.065 V                              ; 4.95e-10 s                  ; 5.37e-10 s                  ; No                         ; Yes                        ; 2.62 V                      ; 3.16e-08 V                  ; 2.71 V             ; -0.0171 V          ; 0.273 V                             ; 0.065 V                             ; 4.95e-10 s                 ; 5.37e-10 s                 ; No                        ; Yes                       ;
; q_b[4]        ; 2.5 V        ; 0 s                 ; 0 s                 ; 2.62 V                       ; 4.66e-08 V                   ; 2.72 V              ; -0.0215 V           ; 0.161 V                              ; 0.061 V                              ; 4.44e-10 s                  ; 4.06e-10 s                  ; No                         ; Yes                        ; 2.62 V                      ; 4.66e-08 V                  ; 2.72 V             ; -0.0215 V          ; 0.161 V                             ; 0.061 V                             ; 4.44e-10 s                 ; 4.06e-10 s                 ; No                        ; Yes                       ;
; q_b[5]        ; 2.5 V        ; 0 s                 ; 0 s                 ; 2.62 V                       ; 4.66e-08 V                   ; 2.73 V              ; -0.0205 V           ; 0.17 V                               ; 0.027 V                              ; 2.58e-10 s                  ; 2.57e-10 s                  ; Yes                        ; Yes                        ; 2.62 V                      ; 4.66e-08 V                  ; 2.73 V             ; -0.0205 V          ; 0.17 V                              ; 0.027 V                             ; 2.58e-10 s                 ; 2.57e-10 s                 ; Yes                       ; Yes                       ;
; q_b[6]        ; 2.5 V        ; 0 s                 ; 0 s                 ; 2.62 V                       ; 4.66e-08 V                   ; 2.72 V              ; -0.0215 V           ; 0.161 V                              ; 0.061 V                              ; 4.44e-10 s                  ; 4.06e-10 s                  ; No                         ; Yes                        ; 2.62 V                      ; 4.66e-08 V                  ; 2.72 V             ; -0.0215 V          ; 0.161 V                             ; 0.061 V                             ; 4.44e-10 s                 ; 4.06e-10 s                 ; No                        ; Yes                       ;
; q_b[7]        ; 2.5 V        ; 0 s                 ; 0 s                 ; 2.62 V                       ; 4.66e-08 V                   ; 2.72 V              ; -0.0215 V           ; 0.161 V                              ; 0.061 V                              ; 4.44e-10 s                  ; 4.06e-10 s                  ; No                         ; Yes                        ; 2.62 V                      ; 4.66e-08 V                  ; 2.72 V             ; -0.0215 V          ; 0.161 V                             ; 0.061 V                             ; 4.44e-10 s                 ; 4.06e-10 s                 ; No                        ; Yes                       ;
; ~ALTERA_NCEO~ ; 2.5 V        ; 0 s                 ; 0 s                 ; 2.62 V                       ; 3.06e-08 V                   ; 2.86 V              ; -0.0341 V           ; 0.364 V                              ; 0.046 V                              ; 1.17e-10 s                  ; 2.6e-10 s                   ; No                         ; Yes                        ; 2.62 V                      ; 3.06e-08 V                  ; 2.86 V             ; -0.0341 V          ; 0.364 V                             ; 0.046 V                             ; 1.17e-10 s                 ; 2.6e-10 s                  ; No                        ; Yes                       ;
; ~ALTERA_DCLK~ ; 2.5 V        ; 0 s                 ; 0 s                 ; 2.62 V                       ; 3.81e-08 V                   ; 2.72 V              ; -0.0542 V           ; 0.144 V                              ; 0.087 V                              ; 2.55e-10 s                  ; 2.14e-10 s                  ; Yes                        ; Yes                        ; 2.62 V                      ; 3.81e-08 V                  ; 2.72 V             ; -0.0542 V          ; 0.144 V                             ; 0.087 V                             ; 2.55e-10 s                 ; 2.14e-10 s                 ; Yes                       ; Yes                       ;
+---------------+--------------+---------------------+---------------------+------------------------------+------------------------------+---------------------+---------------------+--------------------------------------+--------------------------------------+-----------------------------+-----------------------------+----------------------------+----------------------------+-----------------------------+-----------------------------+--------------------+--------------------+-------------------------------------+-------------------------------------+----------------------------+----------------------------+---------------------------+---------------------------+


+-------------------------------------------------------------------+
; Setup Transfers                                                   ;
+------------+----------+----------+----------+----------+----------+
; From Clock ; To Clock ; RR Paths ; FR Paths ; RF Paths ; FF Paths ;
+------------+----------+----------+----------+----------+----------+
; clk        ; clk      ; 192      ; 0        ; 0        ; 0        ;
+------------+----------+----------+----------+----------+----------+
Entries labeled "false path" only account for clock-to-clock false paths and not path-based false paths. As a result, actual path counts may be lower than reported.


+-------------------------------------------------------------------+
; Hold Transfers                                                    ;
+------------+----------+----------+----------+----------+----------+
; From Clock ; To Clock ; RR Paths ; FR Paths ; RF Paths ; FF Paths ;
+------------+----------+----------+----------+----------+----------+
; clk        ; clk      ; 192      ; 0        ; 0        ; 0        ;
+------------+----------+----------+----------+----------+----------+
Entries labeled "false path" only account for clock-to-clock false paths and not path-based false paths. As a result, actual path counts may be lower than reported.


---------------
; Report TCCS ;
---------------
No dedicated SERDES Transmitter circuitry present in device or used in design


---------------
; Report RSKM ;
---------------
No non-DPA dedicated SERDES Receiver circuitry present in device or used in design


+------------------------------------------------+
; Unconstrained Paths                            ;
+---------------------------------+-------+------+
; Property                        ; Setup ; Hold ;
+---------------------------------+-------+------+
; Illegal Clocks                  ; 0     ; 0    ;
; Unconstrained Clocks            ; 0     ; 0    ;
; Unconstrained Input Ports       ; 24    ; 24   ;
; Unconstrained Input Port Paths  ; 760   ; 760  ;
; Unconstrained Output Ports      ; 16    ; 16   ;
; Unconstrained Output Port Paths ; 16    ; 16   ;
+---------------------------------+-------+------+


+------------------------------------+
; TimeQuest Timing Analyzer Messages ;
+------------------------------------+
Info: *******************************************************************
Info: Running Quartus II 64-Bit TimeQuest Timing Analyzer
    Info: Version 13.1.0 Build 162 10/23/2013 SJ Web Edition
    Info: Processing started: Mon Jan 06 14:19:58 2025
Info: Command: quartus_sta module_OP -c RP_from_template
Info: qsta_default_script.tcl version: #1
Warning (20028): Parallel compilation is not licensed and has been disabled
Info (21076): High junction temperature operating condition is not set. Assuming a default value of '85'.
Info (21076): Low junction temperature operating condition is not set. Assuming a default value of '0'.
Critical Warning (332012): Synopsys Design Constraints File file not found: 'RP_from_template.sdc'. A Synopsys Design Constraints File is required by the TimeQuest Timing Analyzer to get proper timing constraints. Without it, the Compiler will not properly optimize the design.
Info (332142): No user constrained base clocks found in the design. Calling "derive_clocks -period 1.0"
Info (332105): Deriving Clocks
    Info (332105): create_clock -period 1.000 -name clk clk
Info (332143): No user constrained clock uncertainty found in the design. Calling "derive_clock_uncertainty"
Info (332123): Deriving Clock Uncertainty. Please refer to report_sdc in TimeQuest to see clock uncertainties.
Info: Found TIMEQUEST_REPORT_SCRIPT_INCLUDE_DEFAULT_ANALYSIS = ON
Info: Analyzing Slow 1200mV 85C Model
Critical Warning (332148): Timing requirements not met
    Info (11105): For recommendations on closing timing, run Report Timing Closure Recommendations in the TimeQuest Timing Analyzer.
Info (332146): Worst-case setup slack is -1.487
    Info (332119):     Slack       End Point TNS Clock 
    Info (332119): ========= =================== =====================
    Info (332119):    -1.487             -53.026 clk 
Info (332146): Worst-case hold slack is 0.356
    Info (332119):     Slack       End Point TNS Clock 
    Info (332119): ========= =================== =====================
    Info (332119):     0.356               0.000 clk 
Info (332140): No Recovery paths to report
Info (332140): No Removal paths to report
Info (332146): Worst-case minimum pulse width slack is -3.000
    Info (332119):     Slack       End Point TNS Clock 
    Info (332119): ========= =================== =====================
    Info (332119):    -3.000             -83.000 clk 
Info: Analyzing Slow 1200mV 0C Model
Info (334003): Started post-fitting delay annotation
Info (334004): Delay annotation completed successfully
Info (332123): Deriving Clock Uncertainty. Please refer to report_sdc in TimeQuest to see clock uncertainties.
Critical Warning (332148): Timing requirements not met
    Info (11105): For recommendations on closing timing, run Report Timing Closure Recommendations in the TimeQuest Timing Analyzer.
Info (332146): Worst-case setup slack is -1.200
    Info (332119):     Slack       End Point TNS Clock 
    Info (332119): ========= =================== =====================
    Info (332119):    -1.200             -39.185 clk 
Info (332146): Worst-case hold slack is 0.310
    Info (332119):     Slack       End Point TNS Clock 
    Info (332119): ========= =================== =====================
    Info (332119):     0.310               0.000 clk 
Info (332140): No Recovery paths to report
Info (332140): No Removal paths to report
Info (332146): Worst-case minimum pulse width slack is -3.000
    Info (332119):     Slack       End Point TNS Clock 
    Info (332119): ========= =================== =====================
    Info (332119):    -3.000             -83.000 clk 
Info: Analyzing Fast 1200mV 0C Model
Info (332123): Deriving Clock Uncertainty. Please refer to report_sdc in TimeQuest to see clock uncertainties.
Critical Warning (332148): Timing requirements not met
    Info (11105): For recommendations on closing timing, run Report Timing Closure Recommendations in the TimeQuest Timing Analyzer.
Info (332146): Worst-case setup slack is -0.410
    Info (332119):     Slack       End Point TNS Clock 
    Info (332119): ========= =================== =====================
    Info (332119):    -0.410              -2.567 clk 
Info (332146): Worst-case hold slack is 0.186
    Info (332119):     Slack       End Point TNS Clock 
    Info (332119): ========= =================== =====================
    Info (332119):     0.186               0.000 clk 
Info (332140): No Recovery paths to report
Info (332140): No Removal paths to report
Info (332146): Worst-case minimum pulse width slack is -3.000
    Info (332119):     Slack       End Point TNS Clock 
    Info (332119): ========= =================== =====================
    Info (332119):    -3.000             -85.522 clk 
Info (332102): Design is not fully constrained for setup requirements
Info (332102): Design is not fully constrained for hold requirements
Info: Quartus II 64-Bit TimeQuest Timing Analyzer was successful. 0 errors, 5 warnings
    Info: Peak virtual memory: 4638 megabytes
    Info: Processing ended: Mon Jan 06 14:20:07 2025
    Info: Elapsed time: 00:00:09
    Info: Total CPU time (on all processors): 00:00:08


