TimeQuest Timing Analyzer report for RP_from_megawizard
Mon Jan 06 15:58:00 2025
Quartus II 64-Bit Version 13.1.0 Build 162 10/23/2013 SJ Web Edition


---------------------
; Table of Contents ;
---------------------
  1. Legal Notice
  2. TimeQuest Timing Analyzer Summary
  3. Parallel Compilation
  4. Clocks
  5. Slow 1200mV 85C Model Fmax Summary
  6. Timing Closure Recommendations
  7. Slow 1200mV 85C Model Setup Summary
  8. Slow 1200mV 85C Model Hold Summary
  9. Slow 1200mV 85C Model Recovery Summary
 10. Slow 1200mV 85C Model Removal Summary
 11. Slow 1200mV 85C Model Minimum Pulse Width Summary
 12. Slow 1200mV 85C Model Minimum Pulse Width: 'clock'
 13. Setup Times
 14. Hold Times
 15. Clock to Output Times
 16. Minimum Clock to Output Times
 17. Slow 1200mV 85C Model Metastability Report
 18. Slow 1200mV 0C Model Fmax Summary
 19. Slow 1200mV 0C Model Setup Summary
 20. Slow 1200mV 0C Model Hold Summary
 21. Slow 1200mV 0C Model Recovery Summary
 22. Slow 1200mV 0C Model Removal Summary
 23. Slow 1200mV 0C Model Minimum Pulse Width Summary
 24. Slow 1200mV 0C Model Minimum Pulse Width: 'clock'
 25. Setup Times
 26. Hold Times
 27. Clock to Output Times
 28. Minimum Clock to Output Times
 29. Slow 1200mV 0C Model Metastability Report
 30. Fast 1200mV 0C Model Setup Summary
 31. Fast 1200mV 0C Model Hold Summary
 32. Fast 1200mV 0C Model Recovery Summary
 33. Fast 1200mV 0C Model Removal Summary
 34. Fast 1200mV 0C Model Minimum Pulse Width Summary
 35. Fast 1200mV 0C Model Minimum Pulse Width: 'clock'
 36. Setup Times
 37. Hold Times
 38. Clock to Output Times
 39. Minimum Clock to Output Times
 40. Fast 1200mV 0C Model Metastability Report
 41. Multicorner Timing Analysis Summary
 42. Setup Times
 43. Hold Times
 44. Clock to Output Times
 45. Minimum Clock to Output Times
 46. Board Trace Model Assignments
 47. Input Transition Times
 48. Signal Integrity Metrics (Slow 1200mv 0c Model)
 49. Signal Integrity Metrics (Slow 1200mv 85c Model)
 50. Signal Integrity Metrics (Fast 1200mv 0c Model)
 51. Clock Transfers
 52. Report TCCS
 53. Report RSKM
 54. Unconstrained Paths
 55. TimeQuest Timing Analyzer Messages



----------------
; Legal Notice ;
----------------
Copyright (C) 1991-2013 Altera Corporation
Your use of Altera Corporation's design tools, logic functions 
and other software and tools, and its AMPP partner logic 
functions, and any output files from any of the foregoing 
(including device programming or simulation files), and any 
associated documentation or information are expressly subject 
to the terms and conditions of the Altera Program License 
Subscription Agreement, Altera MegaCore Function License 
Agreement, or other applicable license agreement, including, 
without limitation, that your use is for the sole purpose of 
programming logic devices manufactured by Altera and sold by 
Altera or its authorized distributors.  Please refer to the 
applicable agreement for further details.



+-------------------------------------------------------------------------+
; TimeQuest Timing Analyzer Summary                                       ;
+--------------------+----------------------------------------------------+
; Quartus II Version ; Version 13.1.0 Build 162 10/23/2013 SJ Web Edition ;
; Revision Name      ; RP_from_megawizard                                 ;
; Device Family      ; Cyclone IV GX                                      ;
; Device Name        ; EP4CGX22CF19C6                                     ;
; Timing Models      ; Final                                              ;
; Delay Model        ; Combined                                           ;
; Rise/Fall Delays   ; Enabled                                            ;
+--------------------+----------------------------------------------------+


Parallel compilation was disabled, but you have multiple processors available. Enable parallel compilation to reduce compilation time.
+-------------------------------------+
; Parallel Compilation                ;
+----------------------------+--------+
; Processors                 ; Number ;
+----------------------------+--------+
; Number detected on machine ; 4      ;
; Maximum allowed            ; 1      ;
+----------------------------+--------+


+-----------------------------------------------------------------------------------------------------------------------------------------------------------------------------------+
; Clocks                                                                                                                                                                            ;
+------------+------+--------+------------+-------+-------+------------+-----------+-------------+-------+--------+-----------+------------+----------+--------+--------+-----------+
; Clock Name ; Type ; Period ; Frequency  ; Rise  ; Fall  ; Duty Cycle ; Divide by ; Multiply by ; Phase ; Offset ; Edge List ; Edge Shift ; Inverted ; Master ; Source ; Targets   ;
+------------+------+--------+------------+-------+-------+------------+-----------+-------------+-------+--------+-----------+------------+----------+--------+--------+-----------+
; clock      ; Base ; 1.000  ; 1000.0 MHz ; 0.000 ; 0.500 ;            ;           ;             ;       ;        ;           ;            ;          ;        ;        ; { clock } ;
+------------+------+--------+------------+-------+-------+------------+-----------+-------------+-------+--------+-----------+------------+----------+--------+--------+-----------+


--------------------------------------
; Slow 1200mV 85C Model Fmax Summary ;
--------------------------------------
No paths to report.


----------------------------------
; Timing Closure Recommendations ;
----------------------------------
HTML report is unavailable in plain text report export.


---------------------------------------
; Slow 1200mV 85C Model Setup Summary ;
---------------------------------------
No paths to report.


--------------------------------------
; Slow 1200mV 85C Model Hold Summary ;
--------------------------------------
No paths to report.


------------------------------------------
; Slow 1200mV 85C Model Recovery Summary ;
------------------------------------------
No paths to report.


-----------------------------------------
; Slow 1200mV 85C Model Removal Summary ;
-----------------------------------------
No paths to report.


+---------------------------------------------------+
; Slow 1200mV 85C Model Minimum Pulse Width Summary ;
+-------+--------+----------------------------------+
; Clock ; Slack  ; End Point TNS                    ;
+-------+--------+----------------------------------+
; clock ; -3.000 ; -16.044                          ;
+-------+--------+----------------------------------+


+------------------------------------------------------------------------------------------------------------------------------------------------------------------------------------------+
; Slow 1200mV 85C Model Minimum Pulse Width: 'clock'                                                                                                                                       ;
+--------+--------------+----------------+------------------+-------+------------+---------------------------------------------------------------------------------------------------------+
; Slack  ; Actual Width ; Required Width ; Type             ; Clock ; Clock Edge ; Target                                                                                                  ;
+--------+--------------+----------------+------------------+-------+------------+---------------------------------------------------------------------------------------------------------+
; -3.000 ; 1.000        ; 4.000          ; Port Rate        ; clock ; Rise       ; clock                                                                                                   ;
; -2.174 ; 1.000        ; 3.174          ; Min Period       ; clock ; Rise       ; RP2:inst|altsyncram:altsyncram_component|altsyncram_cvs3:auto_generated|ram_block1a0~porta_address_reg0 ;
; -2.174 ; 1.000        ; 3.174          ; Min Period       ; clock ; Rise       ; RP2:inst|altsyncram:altsyncram_component|altsyncram_cvs3:auto_generated|ram_block1a0~porta_datain_reg0  ;
; -2.174 ; 1.000        ; 3.174          ; Min Period       ; clock ; Rise       ; RP2:inst|altsyncram:altsyncram_component|altsyncram_cvs3:auto_generated|ram_block1a0~porta_we_reg       ;
; -2.174 ; 1.000        ; 3.174          ; Min Period       ; clock ; Rise       ; RP2:inst|altsyncram:altsyncram_component|altsyncram_cvs3:auto_generated|ram_block1a0~portb_address_reg0 ;
; -2.174 ; 1.000        ; 3.174          ; Min Period       ; clock ; Rise       ; RP2:inst|altsyncram:altsyncram_component|altsyncram_cvs3:auto_generated|ram_block1a0~portb_datain_reg0  ;
; -2.174 ; 1.000        ; 3.174          ; Min Period       ; clock ; Rise       ; RP2:inst|altsyncram:altsyncram_component|altsyncram_cvs3:auto_generated|ram_block1a0~portb_we_reg       ;
; 0.109  ; 0.339        ; 0.230          ; Low Pulse Width  ; clock ; Rise       ; RP2:inst|altsyncram:altsyncram_component|altsyncram_cvs3:auto_generated|ram_block1a0~portb_address_reg0 ;
; 0.109  ; 0.339        ; 0.230          ; Low Pulse Width  ; clock ; Rise       ; RP2:inst|altsyncram:altsyncram_component|altsyncram_cvs3:auto_generated|ram_block1a0~portb_we_reg       ;
; 0.111  ; 0.341        ; 0.230          ; Low Pulse Width  ; clock ; Rise       ; RP2:inst|altsyncram:altsyncram_component|altsyncram_cvs3:auto_generated|ram_block1a0~porta_address_reg0 ;
; 0.111  ; 0.341        ; 0.230          ; Low Pulse Width  ; clock ; Rise       ; RP2:inst|altsyncram:altsyncram_component|altsyncram_cvs3:auto_generated|ram_block1a0~porta_datain_reg0  ;
; 0.111  ; 0.341        ; 0.230          ; Low Pulse Width  ; clock ; Rise       ; RP2:inst|altsyncram:altsyncram_component|altsyncram_cvs3:auto_generated|ram_block1a0~porta_we_reg       ;
; 0.112  ; 0.342        ; 0.230          ; Low Pulse Width  ; clock ; Rise       ; RP2:inst|altsyncram:altsyncram_component|altsyncram_cvs3:auto_generated|ram_block1a0~portb_datain_reg0  ;
; 0.326  ; 0.326        ; 0.000          ; Low Pulse Width  ; clock ; Rise       ; clock~input|o                                                                                           ;
; 0.339  ; 0.339        ; 0.000          ; Low Pulse Width  ; clock ; Rise       ; clock~inputclkctrl|inclk[0]                                                                             ;
; 0.339  ; 0.339        ; 0.000          ; Low Pulse Width  ; clock ; Rise       ; clock~inputclkctrl|outclk                                                                               ;
; 0.378  ; 0.378        ; 0.000          ; Low Pulse Width  ; clock ; Rise       ; inst|altsyncram_component|auto_generated|ram_block1a0|clk0                                              ;
; 0.414  ; 0.644        ; 0.230          ; High Pulse Width ; clock ; Rise       ; RP2:inst|altsyncram:altsyncram_component|altsyncram_cvs3:auto_generated|ram_block1a0~porta_datain_reg0  ;
; 0.414  ; 0.644        ; 0.230          ; High Pulse Width ; clock ; Rise       ; RP2:inst|altsyncram:altsyncram_component|altsyncram_cvs3:auto_generated|ram_block1a0~portb_datain_reg0  ;
; 0.416  ; 0.646        ; 0.230          ; High Pulse Width ; clock ; Rise       ; RP2:inst|altsyncram:altsyncram_component|altsyncram_cvs3:auto_generated|ram_block1a0~porta_address_reg0 ;
; 0.416  ; 0.646        ; 0.230          ; High Pulse Width ; clock ; Rise       ; RP2:inst|altsyncram:altsyncram_component|altsyncram_cvs3:auto_generated|ram_block1a0~porta_we_reg       ;
; 0.416  ; 0.646        ; 0.230          ; High Pulse Width ; clock ; Rise       ; RP2:inst|altsyncram:altsyncram_component|altsyncram_cvs3:auto_generated|ram_block1a0~portb_address_reg0 ;
; 0.416  ; 0.646        ; 0.230          ; High Pulse Width ; clock ; Rise       ; RP2:inst|altsyncram:altsyncram_component|altsyncram_cvs3:auto_generated|ram_block1a0~portb_we_reg       ;
; 0.500  ; 0.500        ; 0.000          ; High Pulse Width ; clock ; Rise       ; clock~input|i                                                                                           ;
; 0.500  ; 0.500        ; 0.000          ; Low Pulse Width  ; clock ; Rise       ; clock~input|i                                                                                           ;
; 0.620  ; 0.620        ; 0.000          ; High Pulse Width ; clock ; Rise       ; inst|altsyncram_component|auto_generated|ram_block1a0|clk0                                              ;
; 0.661  ; 0.661        ; 0.000          ; High Pulse Width ; clock ; Rise       ; clock~inputclkctrl|inclk[0]                                                                             ;
; 0.661  ; 0.661        ; 0.000          ; High Pulse Width ; clock ; Rise       ; clock~inputclkctrl|outclk                                                                               ;
; 0.674  ; 0.674        ; 0.000          ; High Pulse Width ; clock ; Rise       ; clock~input|o                                                                                           ;
+--------+--------------+----------------+------------------+-------+------------+---------------------------------------------------------------------------------------------------------+


+---------------------------------------------------------------------------+
; Setup Times                                                               ;
+---------------+------------+-------+-------+------------+-----------------+
; Data Port     ; Clock Port ; Rise  ; Fall  ; Clock Edge ; Clock Reference ;
+---------------+------------+-------+-------+------------+-----------------+
; address_a[*]  ; clock      ; 1.353 ; 1.849 ; Rise       ; clock           ;
;  address_a[0] ; clock      ; 1.353 ; 1.849 ; Rise       ; clock           ;
;  address_a[1] ; clock      ; 1.349 ; 1.795 ; Rise       ; clock           ;
;  address_a[2] ; clock      ; 0.848 ; 1.278 ; Rise       ; clock           ;
; address_b[*]  ; clock      ; 1.702 ; 2.165 ; Rise       ; clock           ;
;  address_b[0] ; clock      ; 1.501 ; 2.010 ; Rise       ; clock           ;
;  address_b[1] ; clock      ; 1.702 ; 2.165 ; Rise       ; clock           ;
;  address_b[2] ; clock      ; 1.595 ; 2.038 ; Rise       ; clock           ;
; data_a[*]     ; clock      ; 1.630 ; 2.091 ; Rise       ; clock           ;
;  data_a[0]    ; clock      ; 1.118 ; 1.542 ; Rise       ; clock           ;
;  data_a[1]    ; clock      ; 1.630 ; 2.091 ; Rise       ; clock           ;
;  data_a[2]    ; clock      ; 1.347 ; 1.767 ; Rise       ; clock           ;
;  data_a[3]    ; clock      ; 1.329 ; 1.800 ; Rise       ; clock           ;
;  data_a[4]    ; clock      ; 1.133 ; 1.573 ; Rise       ; clock           ;
;  data_a[5]    ; clock      ; 1.242 ; 1.656 ; Rise       ; clock           ;
;  data_a[6]    ; clock      ; 1.247 ; 1.659 ; Rise       ; clock           ;
;  data_a[7]    ; clock      ; 1.398 ; 1.850 ; Rise       ; clock           ;
; data_b[*]     ; clock      ; 1.865 ; 2.386 ; Rise       ; clock           ;
;  data_b[0]    ; clock      ; 1.379 ; 1.857 ; Rise       ; clock           ;
;  data_b[1]    ; clock      ; 1.653 ; 2.133 ; Rise       ; clock           ;
;  data_b[2]    ; clock      ; 1.865 ; 2.386 ; Rise       ; clock           ;
;  data_b[3]    ; clock      ; 1.335 ; 1.764 ; Rise       ; clock           ;
;  data_b[4]    ; clock      ; 1.484 ; 1.975 ; Rise       ; clock           ;
;  data_b[5]    ; clock      ; 1.680 ; 2.169 ; Rise       ; clock           ;
;  data_b[6]    ; clock      ; 1.691 ; 2.172 ; Rise       ; clock           ;
;  data_b[7]    ; clock      ; 1.121 ; 1.559 ; Rise       ; clock           ;
; wren_a        ; clock      ; 1.250 ; 1.592 ; Rise       ; clock           ;
; wren_b        ; clock      ; 1.557 ; 1.902 ; Rise       ; clock           ;
+---------------+------------+-------+-------+------------+-----------------+


+-----------------------------------------------------------------------------+
; Hold Times                                                                  ;
+---------------+------------+--------+--------+------------+-----------------+
; Data Port     ; Clock Port ; Rise   ; Fall   ; Clock Edge ; Clock Reference ;
+---------------+------------+--------+--------+------------+-----------------+
; address_a[*]  ; clock      ; -0.479 ; -0.900 ; Rise       ; clock           ;
;  address_a[0] ; clock      ; -0.962 ; -1.446 ; Rise       ; clock           ;
;  address_a[1] ; clock      ; -0.960 ; -1.396 ; Rise       ; clock           ;
;  address_a[2] ; clock      ; -0.479 ; -0.900 ; Rise       ; clock           ;
; address_b[*]  ; clock      ; -1.107 ; -1.603 ; Rise       ; clock           ;
;  address_b[0] ; clock      ; -1.107 ; -1.603 ; Rise       ; clock           ;
;  address_b[1] ; clock      ; -1.300 ; -1.752 ; Rise       ; clock           ;
;  address_b[2] ; clock      ; -1.198 ; -1.630 ; Rise       ; clock           ;
; data_a[*]     ; clock      ; -0.741 ; -1.154 ; Rise       ; clock           ;
;  data_a[0]    ; clock      ; -0.741 ; -1.154 ; Rise       ; clock           ;
;  data_a[1]    ; clock      ; -1.231 ; -1.680 ; Rise       ; clock           ;
;  data_a[2]    ; clock      ; -0.959 ; -1.368 ; Rise       ; clock           ;
;  data_a[3]    ; clock      ; -0.942 ; -1.401 ; Rise       ; clock           ;
;  data_a[4]    ; clock      ; -0.755 ; -1.184 ; Rise       ; clock           ;
;  data_a[5]    ; clock      ; -0.859 ; -1.263 ; Rise       ; clock           ;
;  data_a[6]    ; clock      ; -0.863 ; -1.266 ; Rise       ; clock           ;
;  data_a[7]    ; clock      ; -1.009 ; -1.449 ; Rise       ; clock           ;
; data_b[*]     ; clock      ; -0.740 ; -1.168 ; Rise       ; clock           ;
;  data_b[0]    ; clock      ; -0.988 ; -1.454 ; Rise       ; clock           ;
;  data_b[1]    ; clock      ; -1.251 ; -1.719 ; Rise       ; clock           ;
;  data_b[2]    ; clock      ; -1.460 ; -1.964 ; Rise       ; clock           ;
;  data_b[3]    ; clock      ; -0.945 ; -1.365 ; Rise       ; clock           ;
;  data_b[4]    ; clock      ; -1.091 ; -1.569 ; Rise       ; clock           ;
;  data_b[5]    ; clock      ; -1.278 ; -1.754 ; Rise       ; clock           ;
;  data_b[6]    ; clock      ; -1.288 ; -1.756 ; Rise       ; clock           ;
;  data_b[7]    ; clock      ; -0.740 ; -1.168 ; Rise       ; clock           ;
; wren_a        ; clock      ; -0.847 ; -1.183 ; Rise       ; clock           ;
; wren_b        ; clock      ; -1.134 ; -1.473 ; Rise       ; clock           ;
+---------------+------------+--------+--------+------------+-----------------+


+-----------------------------------------------------------------------+
; Clock to Output Times                                                 ;
+-----------+------------+-------+-------+------------+-----------------+
; Data Port ; Clock Port ; Rise  ; Fall  ; Clock Edge ; Clock Reference ;
+-----------+------------+-------+-------+------------+-----------------+
; q_a[*]    ; clock      ; 9.723 ; 9.591 ; Rise       ; clock           ;
;  q_a[0]   ; clock      ; 9.428 ; 9.317 ; Rise       ; clock           ;
;  q_a[1]   ; clock      ; 9.665 ; 9.539 ; Rise       ; clock           ;
;  q_a[2]   ; clock      ; 8.670 ; 8.557 ; Rise       ; clock           ;
;  q_a[3]   ; clock      ; 9.672 ; 9.555 ; Rise       ; clock           ;
;  q_a[4]   ; clock      ; 9.014 ; 8.899 ; Rise       ; clock           ;
;  q_a[5]   ; clock      ; 9.042 ; 8.926 ; Rise       ; clock           ;
;  q_a[6]   ; clock      ; 9.235 ; 9.164 ; Rise       ; clock           ;
;  q_a[7]   ; clock      ; 9.723 ; 9.591 ; Rise       ; clock           ;
; q_b[*]    ; clock      ; 9.575 ; 9.473 ; Rise       ; clock           ;
;  q_b[0]   ; clock      ; 9.423 ; 9.295 ; Rise       ; clock           ;
;  q_b[1]   ; clock      ; 9.408 ; 9.305 ; Rise       ; clock           ;
;  q_b[2]   ; clock      ; 9.421 ; 9.316 ; Rise       ; clock           ;
;  q_b[3]   ; clock      ; 9.391 ; 9.265 ; Rise       ; clock           ;
;  q_b[4]   ; clock      ; 9.575 ; 9.473 ; Rise       ; clock           ;
;  q_b[5]   ; clock      ; 8.934 ; 8.832 ; Rise       ; clock           ;
;  q_b[6]   ; clock      ; 8.953 ; 8.847 ; Rise       ; clock           ;
;  q_b[7]   ; clock      ; 8.908 ; 8.784 ; Rise       ; clock           ;
+-----------+------------+-------+-------+------------+-----------------+


+-----------------------------------------------------------------------+
; Minimum Clock to Output Times                                         ;
+-----------+------------+-------+-------+------------+-----------------+
; Data Port ; Clock Port ; Rise  ; Fall  ; Clock Edge ; Clock Reference ;
+-----------+------------+-------+-------+------------+-----------------+
; q_a[*]    ; clock      ; 8.376 ; 8.263 ; Rise       ; clock           ;
;  q_a[0]   ; clock      ; 9.103 ; 8.992 ; Rise       ; clock           ;
;  q_a[1]   ; clock      ; 9.332 ; 9.207 ; Rise       ; clock           ;
;  q_a[2]   ; clock      ; 8.376 ; 8.263 ; Rise       ; clock           ;
;  q_a[3]   ; clock      ; 9.338 ; 9.221 ; Rise       ; clock           ;
;  q_a[4]   ; clock      ; 8.701 ; 8.587 ; Rise       ; clock           ;
;  q_a[5]   ; clock      ; 8.732 ; 8.616 ; Rise       ; clock           ;
;  q_a[6]   ; clock      ; 8.918 ; 8.845 ; Rise       ; clock           ;
;  q_a[7]   ; clock      ; 9.382 ; 9.251 ; Rise       ; clock           ;
; q_b[*]    ; clock      ; 8.609 ; 8.485 ; Rise       ; clock           ;
;  q_b[0]   ; clock      ; 9.105 ; 8.977 ; Rise       ; clock           ;
;  q_b[1]   ; clock      ; 9.090 ; 8.987 ; Rise       ; clock           ;
;  q_b[2]   ; clock      ; 9.103 ; 8.997 ; Rise       ; clock           ;
;  q_b[3]   ; clock      ; 9.073 ; 8.948 ; Rise       ; clock           ;
;  q_b[4]   ; clock      ; 9.250 ; 9.148 ; Rise       ; clock           ;
;  q_b[5]   ; clock      ; 8.633 ; 8.532 ; Rise       ; clock           ;
;  q_b[6]   ; clock      ; 8.652 ; 8.547 ; Rise       ; clock           ;
;  q_b[7]   ; clock      ; 8.609 ; 8.485 ; Rise       ; clock           ;
+-----------+------------+-------+-------+------------+-----------------+


----------------------------------------------
; Slow 1200mV 85C Model Metastability Report ;
----------------------------------------------
No synchronizer chains to report.


-------------------------------------
; Slow 1200mV 0C Model Fmax Summary ;
-------------------------------------
No paths to report.


--------------------------------------
; Slow 1200mV 0C Model Setup Summary ;
--------------------------------------
No paths to report.


-------------------------------------
; Slow 1200mV 0C Model Hold Summary ;
-------------------------------------
No paths to report.


-----------------------------------------
; Slow 1200mV 0C Model Recovery Summary ;
-----------------------------------------
No paths to report.


----------------------------------------
; Slow 1200mV 0C Model Removal Summary ;
----------------------------------------
No paths to report.


+--------------------------------------------------+
; Slow 1200mV 0C Model Minimum Pulse Width Summary ;
+-------+--------+---------------------------------+
; Clock ; Slack  ; End Point TNS                   ;
+-------+--------+---------------------------------+
; clock ; -3.000 ; -16.044                         ;
+-------+--------+---------------------------------+


+------------------------------------------------------------------------------------------------------------------------------------------------------------------------------------------+
; Slow 1200mV 0C Model Minimum Pulse Width: 'clock'                                                                                                                                        ;
+--------+--------------+----------------+------------------+-------+------------+---------------------------------------------------------------------------------------------------------+
; Slack  ; Actual Width ; Required Width ; Type             ; Clock ; Clock Edge ; Target                                                                                                  ;
+--------+--------------+----------------+------------------+-------+------------+---------------------------------------------------------------------------------------------------------+
; -3.000 ; 1.000        ; 4.000          ; Port Rate        ; clock ; Rise       ; clock                                                                                                   ;
; -2.174 ; 1.000        ; 3.174          ; Min Period       ; clock ; Rise       ; RP2:inst|altsyncram:altsyncram_component|altsyncram_cvs3:auto_generated|ram_block1a0~porta_address_reg0 ;
; -2.174 ; 1.000        ; 3.174          ; Min Period       ; clock ; Rise       ; RP2:inst|altsyncram:altsyncram_component|altsyncram_cvs3:auto_generated|ram_block1a0~porta_datain_reg0  ;
; -2.174 ; 1.000        ; 3.174          ; Min Period       ; clock ; Rise       ; RP2:inst|altsyncram:altsyncram_component|altsyncram_cvs3:auto_generated|ram_block1a0~porta_we_reg       ;
; -2.174 ; 1.000        ; 3.174          ; Min Period       ; clock ; Rise       ; RP2:inst|altsyncram:altsyncram_component|altsyncram_cvs3:auto_generated|ram_block1a0~portb_address_reg0 ;
; -2.174 ; 1.000        ; 3.174          ; Min Period       ; clock ; Rise       ; RP2:inst|altsyncram:altsyncram_component|altsyncram_cvs3:auto_generated|ram_block1a0~portb_datain_reg0  ;
; -2.174 ; 1.000        ; 3.174          ; Min Period       ; clock ; Rise       ; RP2:inst|altsyncram:altsyncram_component|altsyncram_cvs3:auto_generated|ram_block1a0~portb_we_reg       ;
; 0.114  ; 0.344        ; 0.230          ; Low Pulse Width  ; clock ; Rise       ; RP2:inst|altsyncram:altsyncram_component|altsyncram_cvs3:auto_generated|ram_block1a0~portb_address_reg0 ;
; 0.114  ; 0.344        ; 0.230          ; Low Pulse Width  ; clock ; Rise       ; RP2:inst|altsyncram:altsyncram_component|altsyncram_cvs3:auto_generated|ram_block1a0~portb_we_reg       ;
; 0.115  ; 0.345        ; 0.230          ; Low Pulse Width  ; clock ; Rise       ; RP2:inst|altsyncram:altsyncram_component|altsyncram_cvs3:auto_generated|ram_block1a0~porta_address_reg0 ;
; 0.115  ; 0.345        ; 0.230          ; Low Pulse Width  ; clock ; Rise       ; RP2:inst|altsyncram:altsyncram_component|altsyncram_cvs3:auto_generated|ram_block1a0~porta_we_reg       ;
; 0.115  ; 0.345        ; 0.230          ; Low Pulse Width  ; clock ; Rise       ; RP2:inst|altsyncram:altsyncram_component|altsyncram_cvs3:auto_generated|ram_block1a0~portb_datain_reg0  ;
; 0.117  ; 0.347        ; 0.230          ; Low Pulse Width  ; clock ; Rise       ; RP2:inst|altsyncram:altsyncram_component|altsyncram_cvs3:auto_generated|ram_block1a0~porta_datain_reg0  ;
; 0.344  ; 0.344        ; 0.000          ; Low Pulse Width  ; clock ; Rise       ; clock~input|o                                                                                           ;
; 0.348  ; 0.348        ; 0.000          ; Low Pulse Width  ; clock ; Rise       ; clock~inputclkctrl|inclk[0]                                                                             ;
; 0.348  ; 0.348        ; 0.000          ; Low Pulse Width  ; clock ; Rise       ; clock~inputclkctrl|outclk                                                                               ;
; 0.382  ; 0.382        ; 0.000          ; Low Pulse Width  ; clock ; Rise       ; inst|altsyncram_component|auto_generated|ram_block1a0|clk0                                              ;
; 0.419  ; 0.649        ; 0.230          ; High Pulse Width ; clock ; Rise       ; RP2:inst|altsyncram:altsyncram_component|altsyncram_cvs3:auto_generated|ram_block1a0~porta_datain_reg0  ;
; 0.420  ; 0.650        ; 0.230          ; High Pulse Width ; clock ; Rise       ; RP2:inst|altsyncram:altsyncram_component|altsyncram_cvs3:auto_generated|ram_block1a0~portb_datain_reg0  ;
; 0.421  ; 0.651        ; 0.230          ; High Pulse Width ; clock ; Rise       ; RP2:inst|altsyncram:altsyncram_component|altsyncram_cvs3:auto_generated|ram_block1a0~porta_address_reg0 ;
; 0.421  ; 0.651        ; 0.230          ; High Pulse Width ; clock ; Rise       ; RP2:inst|altsyncram:altsyncram_component|altsyncram_cvs3:auto_generated|ram_block1a0~porta_we_reg       ;
; 0.423  ; 0.653        ; 0.230          ; High Pulse Width ; clock ; Rise       ; RP2:inst|altsyncram:altsyncram_component|altsyncram_cvs3:auto_generated|ram_block1a0~portb_address_reg0 ;
; 0.423  ; 0.653        ; 0.230          ; High Pulse Width ; clock ; Rise       ; RP2:inst|altsyncram:altsyncram_component|altsyncram_cvs3:auto_generated|ram_block1a0~portb_we_reg       ;
; 0.500  ; 0.500        ; 0.000          ; High Pulse Width ; clock ; Rise       ; clock~input|i                                                                                           ;
; 0.500  ; 0.500        ; 0.000          ; Low Pulse Width  ; clock ; Rise       ; clock~input|i                                                                                           ;
; 0.617  ; 0.617        ; 0.000          ; High Pulse Width ; clock ; Rise       ; inst|altsyncram_component|auto_generated|ram_block1a0|clk0                                              ;
; 0.652  ; 0.652        ; 0.000          ; High Pulse Width ; clock ; Rise       ; clock~inputclkctrl|inclk[0]                                                                             ;
; 0.652  ; 0.652        ; 0.000          ; High Pulse Width ; clock ; Rise       ; clock~inputclkctrl|outclk                                                                               ;
; 0.656  ; 0.656        ; 0.000          ; High Pulse Width ; clock ; Rise       ; clock~input|o                                                                                           ;
+--------+--------------+----------------+------------------+-------+------------+---------------------------------------------------------------------------------------------------------+


+---------------------------------------------------------------------------+
; Setup Times                                                               ;
+---------------+------------+-------+-------+------------+-----------------+
; Data Port     ; Clock Port ; Rise  ; Fall  ; Clock Edge ; Clock Reference ;
+---------------+------------+-------+-------+------------+-----------------+
; address_a[*]  ; clock      ; 1.165 ; 1.561 ; Rise       ; clock           ;
;  address_a[0] ; clock      ; 1.165 ; 1.561 ; Rise       ; clock           ;
;  address_a[1] ; clock      ; 1.163 ; 1.511 ; Rise       ; clock           ;
;  address_a[2] ; clock      ; 0.692 ; 1.049 ; Rise       ; clock           ;
; address_b[*]  ; clock      ; 1.484 ; 1.845 ; Rise       ; clock           ;
;  address_b[0] ; clock      ; 1.301 ; 1.706 ; Rise       ; clock           ;
;  address_b[1] ; clock      ; 1.484 ; 1.845 ; Rise       ; clock           ;
;  address_b[2] ; clock      ; 1.383 ; 1.730 ; Rise       ; clock           ;
; data_a[*]     ; clock      ; 1.418 ; 1.779 ; Rise       ; clock           ;
;  data_a[0]    ; clock      ; 0.942 ; 1.287 ; Rise       ; clock           ;
;  data_a[1]    ; clock      ; 1.418 ; 1.779 ; Rise       ; clock           ;
;  data_a[2]    ; clock      ; 1.148 ; 1.485 ; Rise       ; clock           ;
;  data_a[3]    ; clock      ; 1.143 ; 1.514 ; Rise       ; clock           ;
;  data_a[4]    ; clock      ; 0.960 ; 1.313 ; Rise       ; clock           ;
;  data_a[5]    ; clock      ; 1.059 ; 1.387 ; Rise       ; clock           ;
;  data_a[6]    ; clock      ; 1.061 ; 1.388 ; Rise       ; clock           ;
;  data_a[7]    ; clock      ; 1.209 ; 1.563 ; Rise       ; clock           ;
; data_b[*]     ; clock      ; 1.644 ; 2.041 ; Rise       ; clock           ;
;  data_b[0]    ; clock      ; 1.188 ; 1.569 ; Rise       ; clock           ;
;  data_b[1]    ; clock      ; 1.437 ; 1.817 ; Rise       ; clock           ;
;  data_b[2]    ; clock      ; 1.644 ; 2.041 ; Rise       ; clock           ;
;  data_b[3]    ; clock      ; 1.145 ; 1.481 ; Rise       ; clock           ;
;  data_b[4]    ; clock      ; 1.287 ; 1.679 ; Rise       ; clock           ;
;  data_b[5]    ; clock      ; 1.466 ; 1.850 ; Rise       ; clock           ;
;  data_b[6]    ; clock      ; 1.472 ; 1.850 ; Rise       ; clock           ;
;  data_b[7]    ; clock      ; 0.945 ; 1.296 ; Rise       ; clock           ;
; wren_a        ; clock      ; 1.049 ; 1.324 ; Rise       ; clock           ;
; wren_b        ; clock      ; 1.334 ; 1.609 ; Rise       ; clock           ;
+---------------+------------+-------+-------+------------+-----------------+


+-----------------------------------------------------------------------------+
; Hold Times                                                                  ;
+---------------+------------+--------+--------+------------+-----------------+
; Data Port     ; Clock Port ; Rise   ; Fall   ; Clock Edge ; Clock Reference ;
+---------------+------------+--------+--------+------------+-----------------+
; address_a[*]  ; clock      ; -0.356 ; -0.705 ; Rise       ; clock           ;
;  address_a[0] ; clock      ; -0.809 ; -1.195 ; Rise       ; clock           ;
;  address_a[1] ; clock      ; -0.809 ; -1.149 ; Rise       ; clock           ;
;  address_a[2] ; clock      ; -0.356 ; -0.705 ; Rise       ; clock           ;
; address_b[*]  ; clock      ; -0.942 ; -1.337 ; Rise       ; clock           ;
;  address_b[0] ; clock      ; -0.942 ; -1.337 ; Rise       ; clock           ;
;  address_b[1] ; clock      ; -1.119 ; -1.470 ; Rise       ; clock           ;
;  address_b[2] ; clock      ; -1.021 ; -1.360 ; Rise       ; clock           ;
; data_a[*]     ; clock      ; -0.597 ; -0.933 ; Rise       ; clock           ;
;  data_a[0]    ; clock      ; -0.597 ; -0.933 ; Rise       ; clock           ;
;  data_a[1]    ; clock      ; -1.054 ; -1.405 ; Rise       ; clock           ;
;  data_a[2]    ; clock      ; -0.794 ; -1.122 ; Rise       ; clock           ;
;  data_a[3]    ; clock      ; -0.789 ; -1.151 ; Rise       ; clock           ;
;  data_a[4]    ; clock      ; -0.614 ; -0.958 ; Rise       ; clock           ;
;  data_a[5]    ; clock      ; -0.709 ; -1.029 ; Rise       ; clock           ;
;  data_a[6]    ; clock      ; -0.710 ; -1.029 ; Rise       ; clock           ;
;  data_a[7]    ; clock      ; -0.854 ; -1.199 ; Rise       ; clock           ;
; data_b[*]     ; clock      ; -0.597 ; -0.940 ; Rise       ; clock           ;
;  data_b[0]    ; clock      ; -0.830 ; -1.202 ; Rise       ; clock           ;
;  data_b[1]    ; clock      ; -1.069 ; -1.440 ; Rise       ; clock           ;
;  data_b[2]    ; clock      ; -1.270 ; -1.657 ; Rise       ; clock           ;
;  data_b[3]    ; clock      ; -0.789 ; -1.117 ; Rise       ; clock           ;
;  data_b[4]    ; clock      ; -0.927 ; -1.309 ; Rise       ; clock           ;
;  data_b[5]    ; clock      ; -1.098 ; -1.473 ; Rise       ; clock           ;
;  data_b[6]    ; clock      ; -1.103 ; -1.471 ; Rise       ; clock           ;
;  data_b[7]    ; clock      ; -0.597 ; -0.940 ; Rise       ; clock           ;
; wren_a        ; clock      ; -0.681 ; -0.950 ; Rise       ; clock           ;
; wren_b        ; clock      ; -0.949 ; -1.216 ; Rise       ; clock           ;
+---------------+------------+--------+--------+------------+-----------------+


+-----------------------------------------------------------------------+
; Clock to Output Times                                                 ;
+-----------+------------+-------+-------+------------+-----------------+
; Data Port ; Clock Port ; Rise  ; Fall  ; Clock Edge ; Clock Reference ;
+-----------+------------+-------+-------+------------+-----------------+
; q_a[*]    ; clock      ; 8.728 ; 8.576 ; Rise       ; clock           ;
;  q_a[0]   ; clock      ; 8.474 ; 8.328 ; Rise       ; clock           ;
;  q_a[1]   ; clock      ; 8.699 ; 8.533 ; Rise       ; clock           ;
;  q_a[2]   ; clock      ; 7.775 ; 7.642 ; Rise       ; clock           ;
;  q_a[3]   ; clock      ; 8.726 ; 8.532 ; Rise       ; clock           ;
;  q_a[4]   ; clock      ; 8.065 ; 7.954 ; Rise       ; clock           ;
;  q_a[5]   ; clock      ; 8.125 ; 7.971 ; Rise       ; clock           ;
;  q_a[6]   ; clock      ; 8.305 ; 8.180 ; Rise       ; clock           ;
;  q_a[7]   ; clock      ; 8.728 ; 8.576 ; Rise       ; clock           ;
; q_b[*]    ; clock      ; 8.629 ; 8.459 ; Rise       ; clock           ;
;  q_b[0]   ; clock      ; 8.476 ; 8.306 ; Rise       ; clock           ;
;  q_b[1]   ; clock      ; 8.472 ; 8.310 ; Rise       ; clock           ;
;  q_b[2]   ; clock      ; 8.468 ; 8.321 ; Rise       ; clock           ;
;  q_b[3]   ; clock      ; 8.440 ; 8.273 ; Rise       ; clock           ;
;  q_b[4]   ; clock      ; 8.629 ; 8.459 ; Rise       ; clock           ;
;  q_b[5]   ; clock      ; 8.020 ; 7.885 ; Rise       ; clock           ;
;  q_b[6]   ; clock      ; 8.035 ; 7.901 ; Rise       ; clock           ;
;  q_b[7]   ; clock      ; 7.995 ; 7.841 ; Rise       ; clock           ;
+-----------+------------+-------+-------+------------+-----------------+


+-----------------------------------------------------------------------+
; Minimum Clock to Output Times                                         ;
+-----------+------------+-------+-------+------------+-----------------+
; Data Port ; Clock Port ; Rise  ; Fall  ; Clock Edge ; Clock Reference ;
+-----------+------------+-------+-------+------------+-----------------+
; q_a[*]    ; clock      ; 7.499 ; 7.367 ; Rise       ; clock           ;
;  q_a[0]   ; clock      ; 8.170 ; 8.025 ; Rise       ; clock           ;
;  q_a[1]   ; clock      ; 8.388 ; 8.224 ; Rise       ; clock           ;
;  q_a[2]   ; clock      ; 7.499 ; 7.367 ; Rise       ; clock           ;
;  q_a[3]   ; clock      ; 8.412 ; 8.222 ; Rise       ; clock           ;
;  q_a[4]   ; clock      ; 7.773 ; 7.663 ; Rise       ; clock           ;
;  q_a[5]   ; clock      ; 7.835 ; 7.682 ; Rise       ; clock           ;
;  q_a[6]   ; clock      ; 8.008 ; 7.883 ; Rise       ; clock           ;
;  q_a[7]   ; clock      ; 8.409 ; 8.260 ; Rise       ; clock           ;
; q_b[*]    ; clock      ; 7.716 ; 7.564 ; Rise       ; clock           ;
;  q_b[0]   ; clock      ; 8.179 ; 8.011 ; Rise       ; clock           ;
;  q_b[1]   ; clock      ; 8.175 ; 8.015 ; Rise       ; clock           ;
;  q_b[2]   ; clock      ; 8.171 ; 8.025 ; Rise       ; clock           ;
;  q_b[3]   ; clock      ; 8.144 ; 7.979 ; Rise       ; clock           ;
;  q_b[4]   ; clock      ; 8.325 ; 8.158 ; Rise       ; clock           ;
;  q_b[5]   ; clock      ; 7.739 ; 7.605 ; Rise       ; clock           ;
;  q_b[6]   ; clock      ; 7.755 ; 7.622 ; Rise       ; clock           ;
;  q_b[7]   ; clock      ; 7.716 ; 7.564 ; Rise       ; clock           ;
+-----------+------------+-------+-------+------------+-----------------+


---------------------------------------------
; Slow 1200mV 0C Model Metastability Report ;
---------------------------------------------
No synchronizer chains to report.


--------------------------------------
; Fast 1200mV 0C Model Setup Summary ;
--------------------------------------
No paths to report.


-------------------------------------
; Fast 1200mV 0C Model Hold Summary ;
-------------------------------------
No paths to report.


-----------------------------------------
; Fast 1200mV 0C Model Recovery Summary ;
-----------------------------------------
No paths to report.


----------------------------------------
; Fast 1200mV 0C Model Removal Summary ;
----------------------------------------
No paths to report.


+--------------------------------------------------+
; Fast 1200mV 0C Model Minimum Pulse Width Summary ;
+-------+--------+---------------------------------+
; Clock ; Slack  ; End Point TNS                   ;
+-------+--------+---------------------------------+
; clock ; -3.000 ; -9.527                          ;
+-------+--------+---------------------------------+


+------------------------------------------------------------------------------------------------------------------------------------------------------------------------------------------+
; Fast 1200mV 0C Model Minimum Pulse Width: 'clock'                                                                                                                                        ;
+--------+--------------+----------------+------------------+-------+------------+---------------------------------------------------------------------------------------------------------+
; Slack  ; Actual Width ; Required Width ; Type             ; Clock ; Clock Edge ; Target                                                                                                  ;
+--------+--------------+----------------+------------------+-------+------------+---------------------------------------------------------------------------------------------------------+
; -3.000 ; 1.000        ; 4.000          ; Port Rate        ; clock ; Rise       ; clock                                                                                                   ;
; -1.000 ; 1.000        ; 2.000          ; Min Period       ; clock ; Rise       ; RP2:inst|altsyncram:altsyncram_component|altsyncram_cvs3:auto_generated|ram_block1a0~porta_address_reg0 ;
; -1.000 ; 1.000        ; 2.000          ; Min Period       ; clock ; Rise       ; RP2:inst|altsyncram:altsyncram_component|altsyncram_cvs3:auto_generated|ram_block1a0~porta_datain_reg0  ;
; -1.000 ; 1.000        ; 2.000          ; Min Period       ; clock ; Rise       ; RP2:inst|altsyncram:altsyncram_component|altsyncram_cvs3:auto_generated|ram_block1a0~porta_we_reg       ;
; -1.000 ; 1.000        ; 2.000          ; Min Period       ; clock ; Rise       ; RP2:inst|altsyncram:altsyncram_component|altsyncram_cvs3:auto_generated|ram_block1a0~portb_address_reg0 ;
; -1.000 ; 1.000        ; 2.000          ; Min Period       ; clock ; Rise       ; RP2:inst|altsyncram:altsyncram_component|altsyncram_cvs3:auto_generated|ram_block1a0~portb_datain_reg0  ;
; -1.000 ; 1.000        ; 2.000          ; Min Period       ; clock ; Rise       ; RP2:inst|altsyncram:altsyncram_component|altsyncram_cvs3:auto_generated|ram_block1a0~portb_we_reg       ;
; -0.089 ; 0.141        ; 0.230          ; Low Pulse Width  ; clock ; Rise       ; RP2:inst|altsyncram:altsyncram_component|altsyncram_cvs3:auto_generated|ram_block1a0~porta_address_reg0 ;
; -0.089 ; 0.141        ; 0.230          ; Low Pulse Width  ; clock ; Rise       ; RP2:inst|altsyncram:altsyncram_component|altsyncram_cvs3:auto_generated|ram_block1a0~porta_we_reg       ;
; -0.088 ; 0.142        ; 0.230          ; Low Pulse Width  ; clock ; Rise       ; RP2:inst|altsyncram:altsyncram_component|altsyncram_cvs3:auto_generated|ram_block1a0~portb_address_reg0 ;
; -0.088 ; 0.142        ; 0.230          ; Low Pulse Width  ; clock ; Rise       ; RP2:inst|altsyncram:altsyncram_component|altsyncram_cvs3:auto_generated|ram_block1a0~portb_we_reg       ;
; -0.087 ; 0.143        ; 0.230          ; Low Pulse Width  ; clock ; Rise       ; RP2:inst|altsyncram:altsyncram_component|altsyncram_cvs3:auto_generated|ram_block1a0~porta_datain_reg0  ;
; -0.086 ; 0.144        ; 0.230          ; Low Pulse Width  ; clock ; Rise       ; RP2:inst|altsyncram:altsyncram_component|altsyncram_cvs3:auto_generated|ram_block1a0~portb_datain_reg0  ;
; 0.125  ; 0.125        ; 0.000          ; Low Pulse Width  ; clock ; Rise       ; clock~input|o                                                                                           ;
; 0.139  ; 0.139        ; 0.000          ; Low Pulse Width  ; clock ; Rise       ; clock~inputclkctrl|inclk[0]                                                                             ;
; 0.139  ; 0.139        ; 0.000          ; Low Pulse Width  ; clock ; Rise       ; clock~inputclkctrl|outclk                                                                               ;
; 0.155  ; 0.155        ; 0.000          ; Low Pulse Width  ; clock ; Rise       ; inst|altsyncram_component|auto_generated|ram_block1a0|clk0                                              ;
; 0.500  ; 0.500        ; 0.000          ; High Pulse Width ; clock ; Rise       ; clock~input|i                                                                                           ;
; 0.500  ; 0.500        ; 0.000          ; Low Pulse Width  ; clock ; Rise       ; clock~input|i                                                                                           ;
; 0.622  ; 0.852        ; 0.230          ; High Pulse Width ; clock ; Rise       ; RP2:inst|altsyncram:altsyncram_component|altsyncram_cvs3:auto_generated|ram_block1a0~portb_address_reg0 ;
; 0.622  ; 0.852        ; 0.230          ; High Pulse Width ; clock ; Rise       ; RP2:inst|altsyncram:altsyncram_component|altsyncram_cvs3:auto_generated|ram_block1a0~portb_datain_reg0  ;
; 0.622  ; 0.852        ; 0.230          ; High Pulse Width ; clock ; Rise       ; RP2:inst|altsyncram:altsyncram_component|altsyncram_cvs3:auto_generated|ram_block1a0~portb_we_reg       ;
; 0.623  ; 0.853        ; 0.230          ; High Pulse Width ; clock ; Rise       ; RP2:inst|altsyncram:altsyncram_component|altsyncram_cvs3:auto_generated|ram_block1a0~porta_address_reg0 ;
; 0.623  ; 0.853        ; 0.230          ; High Pulse Width ; clock ; Rise       ; RP2:inst|altsyncram:altsyncram_component|altsyncram_cvs3:auto_generated|ram_block1a0~porta_datain_reg0  ;
; 0.623  ; 0.853        ; 0.230          ; High Pulse Width ; clock ; Rise       ; RP2:inst|altsyncram:altsyncram_component|altsyncram_cvs3:auto_generated|ram_block1a0~porta_we_reg       ;
; 0.843  ; 0.843        ; 0.000          ; High Pulse Width ; clock ; Rise       ; inst|altsyncram_component|auto_generated|ram_block1a0|clk0                                              ;
; 0.861  ; 0.861        ; 0.000          ; High Pulse Width ; clock ; Rise       ; clock~inputclkctrl|inclk[0]                                                                             ;
; 0.861  ; 0.861        ; 0.000          ; High Pulse Width ; clock ; Rise       ; clock~inputclkctrl|outclk                                                                               ;
; 0.875  ; 0.875        ; 0.000          ; High Pulse Width ; clock ; Rise       ; clock~input|o                                                                                           ;
+--------+--------------+----------------+------------------+-------+------------+---------------------------------------------------------------------------------------------------------+


+---------------------------------------------------------------------------+
; Setup Times                                                               ;
+---------------+------------+-------+-------+------------+-----------------+
; Data Port     ; Clock Port ; Rise  ; Fall  ; Clock Edge ; Clock Reference ;
+---------------+------------+-------+-------+------------+-----------------+
; address_a[*]  ; clock      ; 0.772 ; 1.401 ; Rise       ; clock           ;
;  address_a[0] ; clock      ; 0.764 ; 1.401 ; Rise       ; clock           ;
;  address_a[1] ; clock      ; 0.772 ; 1.365 ; Rise       ; clock           ;
;  address_a[2] ; clock      ; 0.478 ; 1.038 ; Rise       ; clock           ;
; address_b[*]  ; clock      ; 0.971 ; 1.597 ; Rise       ; clock           ;
;  address_b[0] ; clock      ; 0.858 ; 1.502 ; Rise       ; clock           ;
;  address_b[1] ; clock      ; 0.971 ; 1.597 ; Rise       ; clock           ;
;  address_b[2] ; clock      ; 0.893 ; 1.512 ; Rise       ; clock           ;
; data_a[*]     ; clock      ; 0.904 ; 1.535 ; Rise       ; clock           ;
;  data_a[0]    ; clock      ; 0.633 ; 1.202 ; Rise       ; clock           ;
;  data_a[1]    ; clock      ; 0.904 ; 1.535 ; Rise       ; clock           ;
;  data_a[2]    ; clock      ; 0.731 ; 1.326 ; Rise       ; clock           ;
;  data_a[3]    ; clock      ; 0.742 ; 1.354 ; Rise       ; clock           ;
;  data_a[4]    ; clock      ; 0.639 ; 1.217 ; Rise       ; clock           ;
;  data_a[5]    ; clock      ; 0.691 ; 1.264 ; Rise       ; clock           ;
;  data_a[6]    ; clock      ; 0.684 ; 1.259 ; Rise       ; clock           ;
;  data_a[7]    ; clock      ; 0.804 ; 1.402 ; Rise       ; clock           ;
; data_b[*]     ; clock      ; 1.056 ; 1.719 ; Rise       ; clock           ;
;  data_b[0]    ; clock      ; 0.762 ; 1.388 ; Rise       ; clock           ;
;  data_b[1]    ; clock      ; 0.918 ; 1.562 ; Rise       ; clock           ;
;  data_b[2]    ; clock      ; 1.056 ; 1.719 ; Rise       ; clock           ;
;  data_b[3]    ; clock      ; 0.726 ; 1.317 ; Rise       ; clock           ;
;  data_b[4]    ; clock      ; 0.842 ; 1.477 ; Rise       ; clock           ;
;  data_b[5]    ; clock      ; 0.959 ; 1.600 ; Rise       ; clock           ;
;  data_b[6]    ; clock      ; 0.933 ; 1.583 ; Rise       ; clock           ;
;  data_b[7]    ; clock      ; 0.614 ; 1.194 ; Rise       ; clock           ;
; wren_a        ; clock      ; 0.694 ; 1.194 ; Rise       ; clock           ;
; wren_b        ; clock      ; 0.886 ; 1.405 ; Rise       ; clock           ;
+---------------+------------+-------+-------+------------+-----------------+


+-----------------------------------------------------------------------------+
; Hold Times                                                                  ;
+---------------+------------+--------+--------+------------+-----------------+
; Data Port     ; Clock Port ; Rise   ; Fall   ; Clock Edge ; Clock Reference ;
+---------------+------------+--------+--------+------------+-----------------+
; address_a[*]  ; clock      ; -0.258 ; -0.811 ; Rise       ; clock           ;
;  address_a[0] ; clock      ; -0.531 ; -1.158 ; Rise       ; clock           ;
;  address_a[1] ; clock      ; -0.540 ; -1.125 ; Rise       ; clock           ;
;  address_a[2] ; clock      ; -0.258 ; -0.811 ; Rise       ; clock           ;
; address_b[*]  ; clock      ; -0.622 ; -1.256 ; Rise       ; clock           ;
;  address_b[0] ; clock      ; -0.622 ; -1.256 ; Rise       ; clock           ;
;  address_b[1] ; clock      ; -0.731 ; -1.348 ; Rise       ; clock           ;
;  address_b[2] ; clock      ; -0.656 ; -1.265 ; Rise       ; clock           ;
; data_a[*]     ; clock      ; -0.407 ; -0.969 ; Rise       ; clock           ;
;  data_a[0]    ; clock      ; -0.407 ; -0.969 ; Rise       ; clock           ;
;  data_a[1]    ; clock      ; -0.668 ; -1.288 ; Rise       ; clock           ;
;  data_a[2]    ; clock      ; -0.500 ; -1.086 ; Rise       ; clock           ;
;  data_a[3]    ; clock      ; -0.511 ; -1.114 ; Rise       ; clock           ;
;  data_a[4]    ; clock      ; -0.414 ; -0.983 ; Rise       ; clock           ;
;  data_a[5]    ; clock      ; -0.463 ; -1.028 ; Rise       ; clock           ;
;  data_a[6]    ; clock      ; -0.456 ; -1.023 ; Rise       ; clock           ;
;  data_a[7]    ; clock      ; -0.572 ; -1.162 ; Rise       ; clock           ;
; data_b[*]     ; clock      ; -0.388 ; -0.960 ; Rise       ; clock           ;
;  data_b[0]    ; clock      ; -0.531 ; -1.146 ; Rise       ; clock           ;
;  data_b[1]    ; clock      ; -0.680 ; -1.314 ; Rise       ; clock           ;
;  data_b[2]    ; clock      ; -0.814 ; -1.465 ; Rise       ; clock           ;
;  data_b[3]    ; clock      ; -0.495 ; -1.078 ; Rise       ; clock           ;
;  data_b[4]    ; clock      ; -0.609 ; -1.234 ; Rise       ; clock           ;
;  data_b[5]    ; clock      ; -0.720 ; -1.351 ; Rise       ; clock           ;
;  data_b[6]    ; clock      ; -0.695 ; -1.333 ; Rise       ; clock           ;
;  data_b[7]    ; clock      ; -0.388 ; -0.960 ; Rise       ; clock           ;
; wren_a        ; clock      ; -0.452 ; -0.950 ; Rise       ; clock           ;
; wren_b        ; clock      ; -0.633 ; -1.147 ; Rise       ; clock           ;
+---------------+------------+--------+--------+------------+-----------------+


+-----------------------------------------------------------------------+
; Clock to Output Times                                                 ;
+-----------+------------+-------+-------+------------+-----------------+
; Data Port ; Clock Port ; Rise  ; Fall  ; Clock Edge ; Clock Reference ;
+-----------+------------+-------+-------+------------+-----------------+
; q_a[*]    ; clock      ; 5.391 ; 5.452 ; Rise       ; clock           ;
;  q_a[0]   ; clock      ; 5.234 ; 5.297 ; Rise       ; clock           ;
;  q_a[1]   ; clock      ; 5.384 ; 5.451 ; Rise       ; clock           ;
;  q_a[2]   ; clock      ; 4.801 ; 4.816 ; Rise       ; clock           ;
;  q_a[3]   ; clock      ; 5.362 ; 5.444 ; Rise       ; clock           ;
;  q_a[4]   ; clock      ; 4.987 ; 5.014 ; Rise       ; clock           ;
;  q_a[5]   ; clock      ; 5.000 ; 5.043 ; Rise       ; clock           ;
;  q_a[6]   ; clock      ; 5.130 ; 5.199 ; Rise       ; clock           ;
;  q_a[7]   ; clock      ; 5.391 ; 5.452 ; Rise       ; clock           ;
; q_b[*]    ; clock      ; 5.321 ; 5.393 ; Rise       ; clock           ;
;  q_b[0]   ; clock      ; 5.231 ; 5.285 ; Rise       ; clock           ;
;  q_b[1]   ; clock      ; 5.230 ; 5.294 ; Rise       ; clock           ;
;  q_b[2]   ; clock      ; 5.225 ; 5.296 ; Rise       ; clock           ;
;  q_b[3]   ; clock      ; 5.202 ; 5.253 ; Rise       ; clock           ;
;  q_b[4]   ; clock      ; 5.321 ; 5.393 ; Rise       ; clock           ;
;  q_b[5]   ; clock      ; 4.946 ; 4.983 ; Rise       ; clock           ;
;  q_b[6]   ; clock      ; 4.965 ; 5.002 ; Rise       ; clock           ;
;  q_b[7]   ; clock      ; 4.922 ; 4.950 ; Rise       ; clock           ;
+-----------+------------+-------+-------+------------+-----------------+


+-----------------------------------------------------------------------+
; Minimum Clock to Output Times                                         ;
+-----------+------------+-------+-------+------------+-----------------+
; Data Port ; Clock Port ; Rise  ; Fall  ; Clock Edge ; Clock Reference ;
+-----------+------------+-------+-------+------------+-----------------+
; q_a[*]    ; clock      ; 4.590 ; 4.604 ; Rise       ; clock           ;
;  q_a[0]   ; clock      ; 5.006 ; 5.066 ; Rise       ; clock           ;
;  q_a[1]   ; clock      ; 5.152 ; 5.215 ; Rise       ; clock           ;
;  q_a[2]   ; clock      ; 4.590 ; 4.604 ; Rise       ; clock           ;
;  q_a[3]   ; clock      ; 5.128 ; 5.207 ; Rise       ; clock           ;
;  q_a[4]   ; clock      ; 4.766 ; 4.790 ; Rise       ; clock           ;
;  q_a[5]   ; clock      ; 4.781 ; 4.821 ; Rise       ; clock           ;
;  q_a[6]   ; clock      ; 4.906 ; 4.971 ; Rise       ; clock           ;
;  q_a[7]   ; clock      ; 5.154 ; 5.211 ; Rise       ; clock           ;
; q_b[*]    ; clock      ; 4.709 ; 4.735 ; Rise       ; clock           ;
;  q_b[0]   ; clock      ; 5.006 ; 5.057 ; Rise       ; clock           ;
;  q_b[1]   ; clock      ; 5.006 ; 5.067 ; Rise       ; clock           ;
;  q_b[2]   ; clock      ; 5.000 ; 5.068 ; Rise       ; clock           ;
;  q_b[3]   ; clock      ; 4.977 ; 5.027 ; Rise       ; clock           ;
;  q_b[4]   ; clock      ; 5.092 ; 5.161 ; Rise       ; clock           ;
;  q_b[5]   ; clock      ; 4.732 ; 4.767 ; Rise       ; clock           ;
;  q_b[6]   ; clock      ; 4.750 ; 4.785 ; Rise       ; clock           ;
;  q_b[7]   ; clock      ; 4.709 ; 4.735 ; Rise       ; clock           ;
+-----------+------------+-------+-------+------------+-----------------+


---------------------------------------------
; Fast 1200mV 0C Model Metastability Report ;
---------------------------------------------
No synchronizer chains to report.


+----------------------------------------------------------------------------+
; Multicorner Timing Analysis Summary                                        ;
+------------------+-------+------+----------+---------+---------------------+
; Clock            ; Setup ; Hold ; Recovery ; Removal ; Minimum Pulse Width ;
+------------------+-------+------+----------+---------+---------------------+
; Worst-case Slack ; N/A   ; N/A  ; N/A      ; N/A     ; -3.000              ;
;  clock           ; N/A   ; N/A  ; N/A      ; N/A     ; -3.000              ;
; Design-wide TNS  ; 0.0   ; 0.0  ; 0.0      ; 0.0     ; -16.044             ;
;  clock           ; N/A   ; N/A  ; N/A      ; N/A     ; -16.044             ;
+------------------+-------+------+----------+---------+---------------------+


+---------------------------------------------------------------------------+
; Setup Times                                                               ;
+---------------+------------+-------+-------+------------+-----------------+
; Data Port     ; Clock Port ; Rise  ; Fall  ; Clock Edge ; Clock Reference ;
+---------------+------------+-------+-------+------------+-----------------+
; address_a[*]  ; clock      ; 1.353 ; 1.849 ; Rise       ; clock           ;
;  address_a[0] ; clock      ; 1.353 ; 1.849 ; Rise       ; clock           ;
;  address_a[1] ; clock      ; 1.349 ; 1.795 ; Rise       ; clock           ;
;  address_a[2] ; clock      ; 0.848 ; 1.278 ; Rise       ; clock           ;
; address_b[*]  ; clock      ; 1.702 ; 2.165 ; Rise       ; clock           ;
;  address_b[0] ; clock      ; 1.501 ; 2.010 ; Rise       ; clock           ;
;  address_b[1] ; clock      ; 1.702 ; 2.165 ; Rise       ; clock           ;
;  address_b[2] ; clock      ; 1.595 ; 2.038 ; Rise       ; clock           ;
; data_a[*]     ; clock      ; 1.630 ; 2.091 ; Rise       ; clock           ;
;  data_a[0]    ; clock      ; 1.118 ; 1.542 ; Rise       ; clock           ;
;  data_a[1]    ; clock      ; 1.630 ; 2.091 ; Rise       ; clock           ;
;  data_a[2]    ; clock      ; 1.347 ; 1.767 ; Rise       ; clock           ;
;  data_a[3]    ; clock      ; 1.329 ; 1.800 ; Rise       ; clock           ;
;  data_a[4]    ; clock      ; 1.133 ; 1.573 ; Rise       ; clock           ;
;  data_a[5]    ; clock      ; 1.242 ; 1.656 ; Rise       ; clock           ;
;  data_a[6]    ; clock      ; 1.247 ; 1.659 ; Rise       ; clock           ;
;  data_a[7]    ; clock      ; 1.398 ; 1.850 ; Rise       ; clock           ;
; data_b[*]     ; clock      ; 1.865 ; 2.386 ; Rise       ; clock           ;
;  data_b[0]    ; clock      ; 1.379 ; 1.857 ; Rise       ; clock           ;
;  data_b[1]    ; clock      ; 1.653 ; 2.133 ; Rise       ; clock           ;
;  data_b[2]    ; clock      ; 1.865 ; 2.386 ; Rise       ; clock           ;
;  data_b[3]    ; clock      ; 1.335 ; 1.764 ; Rise       ; clock           ;
;  data_b[4]    ; clock      ; 1.484 ; 1.975 ; Rise       ; clock           ;
;  data_b[5]    ; clock      ; 1.680 ; 2.169 ; Rise       ; clock           ;
;  data_b[6]    ; clock      ; 1.691 ; 2.172 ; Rise       ; clock           ;
;  data_b[7]    ; clock      ; 1.121 ; 1.559 ; Rise       ; clock           ;
; wren_a        ; clock      ; 1.250 ; 1.592 ; Rise       ; clock           ;
; wren_b        ; clock      ; 1.557 ; 1.902 ; Rise       ; clock           ;
+---------------+------------+-------+-------+------------+-----------------+


+-----------------------------------------------------------------------------+
; Hold Times                                                                  ;
+---------------+------------+--------+--------+------------+-----------------+
; Data Port     ; Clock Port ; Rise   ; Fall   ; Clock Edge ; Clock Reference ;
+---------------+------------+--------+--------+------------+-----------------+
; address_a[*]  ; clock      ; -0.258 ; -0.705 ; Rise       ; clock           ;
;  address_a[0] ; clock      ; -0.531 ; -1.158 ; Rise       ; clock           ;
;  address_a[1] ; clock      ; -0.540 ; -1.125 ; Rise       ; clock           ;
;  address_a[2] ; clock      ; -0.258 ; -0.705 ; Rise       ; clock           ;
; address_b[*]  ; clock      ; -0.622 ; -1.256 ; Rise       ; clock           ;
;  address_b[0] ; clock      ; -0.622 ; -1.256 ; Rise       ; clock           ;
;  address_b[1] ; clock      ; -0.731 ; -1.348 ; Rise       ; clock           ;
;  address_b[2] ; clock      ; -0.656 ; -1.265 ; Rise       ; clock           ;
; data_a[*]     ; clock      ; -0.407 ; -0.933 ; Rise       ; clock           ;
;  data_a[0]    ; clock      ; -0.407 ; -0.933 ; Rise       ; clock           ;
;  data_a[1]    ; clock      ; -0.668 ; -1.288 ; Rise       ; clock           ;
;  data_a[2]    ; clock      ; -0.500 ; -1.086 ; Rise       ; clock           ;
;  data_a[3]    ; clock      ; -0.511 ; -1.114 ; Rise       ; clock           ;
;  data_a[4]    ; clock      ; -0.414 ; -0.958 ; Rise       ; clock           ;
;  data_a[5]    ; clock      ; -0.463 ; -1.028 ; Rise       ; clock           ;
;  data_a[6]    ; clock      ; -0.456 ; -1.023 ; Rise       ; clock           ;
;  data_a[7]    ; clock      ; -0.572 ; -1.162 ; Rise       ; clock           ;
; data_b[*]     ; clock      ; -0.388 ; -0.940 ; Rise       ; clock           ;
;  data_b[0]    ; clock      ; -0.531 ; -1.146 ; Rise       ; clock           ;
;  data_b[1]    ; clock      ; -0.680 ; -1.314 ; Rise       ; clock           ;
;  data_b[2]    ; clock      ; -0.814 ; -1.465 ; Rise       ; clock           ;
;  data_b[3]    ; clock      ; -0.495 ; -1.078 ; Rise       ; clock           ;
;  data_b[4]    ; clock      ; -0.609 ; -1.234 ; Rise       ; clock           ;
;  data_b[5]    ; clock      ; -0.720 ; -1.351 ; Rise       ; clock           ;
;  data_b[6]    ; clock      ; -0.695 ; -1.333 ; Rise       ; clock           ;
;  data_b[7]    ; clock      ; -0.388 ; -0.940 ; Rise       ; clock           ;
; wren_a        ; clock      ; -0.452 ; -0.950 ; Rise       ; clock           ;
; wren_b        ; clock      ; -0.633 ; -1.147 ; Rise       ; clock           ;
+---------------+------------+--------+--------+------------+-----------------+


+-----------------------------------------------------------------------+
; Clock to Output Times                                                 ;
+-----------+------------+-------+-------+------------+-----------------+
; Data Port ; Clock Port ; Rise  ; Fall  ; Clock Edge ; Clock Reference ;
+-----------+------------+-------+-------+------------+-----------------+
; q_a[*]    ; clock      ; 9.723 ; 9.591 ; Rise       ; clock           ;
;  q_a[0]   ; clock      ; 9.428 ; 9.317 ; Rise       ; clock           ;
;  q_a[1]   ; clock      ; 9.665 ; 9.539 ; Rise       ; clock           ;
;  q_a[2]   ; clock      ; 8.670 ; 8.557 ; Rise       ; clock           ;
;  q_a[3]   ; clock      ; 9.672 ; 9.555 ; Rise       ; clock           ;
;  q_a[4]   ; clock      ; 9.014 ; 8.899 ; Rise       ; clock           ;
;  q_a[5]   ; clock      ; 9.042 ; 8.926 ; Rise       ; clock           ;
;  q_a[6]   ; clock      ; 9.235 ; 9.164 ; Rise       ; clock           ;
;  q_a[7]   ; clock      ; 9.723 ; 9.591 ; Rise       ; clock           ;
; q_b[*]    ; clock      ; 9.575 ; 9.473 ; Rise       ; clock           ;
;  q_b[0]   ; clock      ; 9.423 ; 9.295 ; Rise       ; clock           ;
;  q_b[1]   ; clock      ; 9.408 ; 9.305 ; Rise       ; clock           ;
;  q_b[2]   ; clock      ; 9.421 ; 9.316 ; Rise       ; clock           ;
;  q_b[3]   ; clock      ; 9.391 ; 9.265 ; Rise       ; clock           ;
;  q_b[4]   ; clock      ; 9.575 ; 9.473 ; Rise       ; clock           ;
;  q_b[5]   ; clock      ; 8.934 ; 8.832 ; Rise       ; clock           ;
;  q_b[6]   ; clock      ; 8.953 ; 8.847 ; Rise       ; clock           ;
;  q_b[7]   ; clock      ; 8.908 ; 8.784 ; Rise       ; clock           ;
+-----------+------------+-------+-------+------------+-----------------+


+-----------------------------------------------------------------------+
; Minimum Clock to Output Times                                         ;
+-----------+------------+-------+-------+------------+-----------------+
; Data Port ; Clock Port ; Rise  ; Fall  ; Clock Edge ; Clock Reference ;
+-----------+------------+-------+-------+------------+-----------------+
; q_a[*]    ; clock      ; 4.590 ; 4.604 ; Rise       ; clock           ;
;  q_a[0]   ; clock      ; 5.006 ; 5.066 ; Rise       ; clock           ;
;  q_a[1]   ; clock      ; 5.152 ; 5.215 ; Rise       ; clock           ;
;  q_a[2]   ; clock      ; 4.590 ; 4.604 ; Rise       ; clock           ;
;  q_a[3]   ; clock      ; 5.128 ; 5.207 ; Rise       ; clock           ;
;  q_a[4]   ; clock      ; 4.766 ; 4.790 ; Rise       ; clock           ;
;  q_a[5]   ; clock      ; 4.781 ; 4.821 ; Rise       ; clock           ;
;  q_a[6]   ; clock      ; 4.906 ; 4.971 ; Rise       ; clock           ;
;  q_a[7]   ; clock      ; 5.154 ; 5.211 ; Rise       ; clock           ;
; q_b[*]    ; clock      ; 4.709 ; 4.735 ; Rise       ; clock           ;
;  q_b[0]   ; clock      ; 5.006 ; 5.057 ; Rise       ; clock           ;
;  q_b[1]   ; clock      ; 5.006 ; 5.067 ; Rise       ; clock           ;
;  q_b[2]   ; clock      ; 5.000 ; 5.068 ; Rise       ; clock           ;
;  q_b[3]   ; clock      ; 4.977 ; 5.027 ; Rise       ; clock           ;
;  q_b[4]   ; clock      ; 5.092 ; 5.161 ; Rise       ; clock           ;
;  q_b[5]   ; clock      ; 4.732 ; 4.767 ; Rise       ; clock           ;
;  q_b[6]   ; clock      ; 4.750 ; 4.785 ; Rise       ; clock           ;
;  q_b[7]   ; clock      ; 4.709 ; 4.735 ; Rise       ; clock           ;
+-----------+------------+-------+-------+------------+-----------------+


+------------------------------------------------------------------------------------------------------------------------------------------------------------------------------------------------------------------------------------------------------------------------------------------------------------------------------------------------------------------------------------------------------------------+
; Board Trace Model Assignments                                                                                                                                                                                                                                                                                                                                                                                    ;
+---------------+--------------+-------------------+-------------------------+-------------------------+---------------+---------------------+----------------+------------------+--------+------------------+------------------------+------------------------+--------------+---------------+-----------------+-------+---------------------+--------------------+---------------+-----------------+-------------+
; Pin           ; I/O Standard ; Near Tline Length ; Near Tline L per Length ; Near Tline C per Length ; Near Series R ; Near Differential R ; Near Pull-up R ; Near Pull-down R ; Near C ; Far Tline Length ; Far Tline L per Length ; Far Tline C per Length ; Far Series R ; Far Pull-up R ; Far Pull-down R ; Far C ; Termination Voltage ; Far Differential R ; EBD File Name ; EBD Signal Name ; EBD Far-end ;
+---------------+--------------+-------------------+-------------------------+-------------------------+---------------+---------------------+----------------+------------------+--------+------------------+------------------------+------------------------+--------------+---------------+-----------------+-------+---------------------+--------------------+---------------+-----------------+-------------+
; q_a[7]        ; 2.5 V        ; 0 in              ; 0 H/in                  ; 0 F/in                  ; short         ; -                   ; open           ; open             ; open   ; 0 in             ; 0 H/in                 ; 0 F/in                 ; short        ; open          ; open            ; open  ; 0 V                 ; -                  ; n/a           ; n/a             ; n/a         ;
; q_a[6]        ; 2.5 V        ; 0 in              ; 0 H/in                  ; 0 F/in                  ; short         ; -                   ; open           ; open             ; open   ; 0 in             ; 0 H/in                 ; 0 F/in                 ; short        ; open          ; open            ; open  ; 0 V                 ; -                  ; n/a           ; n/a             ; n/a         ;
; q_a[5]        ; 2.5 V        ; 0 in              ; 0 H/in                  ; 0 F/in                  ; short         ; -                   ; open           ; open             ; open   ; 0 in             ; 0 H/in                 ; 0 F/in                 ; short        ; open          ; open            ; open  ; 0 V                 ; -                  ; n/a           ; n/a             ; n/a         ;
; q_a[4]        ; 2.5 V        ; 0 in              ; 0 H/in                  ; 0 F/in                  ; short         ; -                   ; open           ; open             ; open   ; 0 in             ; 0 H/in                 ; 0 F/in                 ; short        ; open          ; open            ; open  ; 0 V                 ; -                  ; n/a           ; n/a             ; n/a         ;
; q_a[3]        ; 2.5 V        ; 0 in              ; 0 H/in                  ; 0 F/in                  ; short         ; -                   ; open           ; open             ; open   ; 0 in             ; 0 H/in                 ; 0 F/in                 ; short        ; open          ; open            ; open  ; 0 V                 ; -                  ; n/a           ; n/a             ; n/a         ;
; q_a[2]        ; 2.5 V        ; 0 in              ; 0 H/in                  ; 0 F/in                  ; short         ; -                   ; open           ; open             ; open   ; 0 in             ; 0 H/in                 ; 0 F/in                 ; short        ; open          ; open            ; open  ; 0 V                 ; -                  ; n/a           ; n/a             ; n/a         ;
; q_a[1]        ; 2.5 V        ; 0 in              ; 0 H/in                  ; 0 F/in                  ; short         ; -                   ; open           ; open             ; open   ; 0 in             ; 0 H/in                 ; 0 F/in                 ; short        ; open          ; open            ; open  ; 0 V                 ; -                  ; n/a           ; n/a             ; n/a         ;
; q_a[0]        ; 2.5 V        ; 0 in              ; 0 H/in                  ; 0 F/in                  ; short         ; -                   ; open           ; open             ; open   ; 0 in             ; 0 H/in                 ; 0 F/in                 ; short        ; open          ; open            ; open  ; 0 V                 ; -                  ; n/a           ; n/a             ; n/a         ;
; q_b[7]        ; 2.5 V        ; 0 in              ; 0 H/in                  ; 0 F/in                  ; short         ; -                   ; open           ; open             ; open   ; 0 in             ; 0 H/in                 ; 0 F/in                 ; short        ; open          ; open            ; open  ; 0 V                 ; -                  ; n/a           ; n/a             ; n/a         ;
; q_b[6]        ; 2.5 V        ; 0 in              ; 0 H/in                  ; 0 F/in                  ; short         ; -                   ; open           ; open             ; open   ; 0 in             ; 0 H/in                 ; 0 F/in                 ; short        ; open          ; open            ; open  ; 0 V                 ; -                  ; n/a           ; n/a             ; n/a         ;
; q_b[5]        ; 2.5 V        ; 0 in              ; 0 H/in                  ; 0 F/in                  ; short         ; -                   ; open           ; open             ; open   ; 0 in             ; 0 H/in                 ; 0 F/in                 ; short        ; open          ; open            ; open  ; 0 V                 ; -                  ; n/a           ; n/a             ; n/a         ;
; q_b[4]        ; 2.5 V        ; 0 in              ; 0 H/in                  ; 0 F/in                  ; short         ; -                   ; open           ; open             ; open   ; 0 in             ; 0 H/in                 ; 0 F/in                 ; short        ; open          ; open            ; open  ; 0 V                 ; -                  ; n/a           ; n/a             ; n/a         ;
; q_b[3]        ; 2.5 V        ; 0 in              ; 0 H/in                  ; 0 F/in                  ; short         ; -                   ; open           ; open             ; open   ; 0 in             ; 0 H/in                 ; 0 F/in                 ; short        ; open          ; open            ; open  ; 0 V                 ; -                  ; n/a           ; n/a             ; n/a         ;
; q_b[2]        ; 2.5 V        ; 0 in              ; 0 H/in                  ; 0 F/in                  ; short         ; -                   ; open           ; open             ; open   ; 0 in             ; 0 H/in                 ; 0 F/in                 ; short        ; open          ; open            ; open  ; 0 V                 ; -                  ; n/a           ; n/a             ; n/a         ;
; q_b[1]        ; 2.5 V        ; 0 in              ; 0 H/in                  ; 0 F/in                  ; short         ; -                   ; open           ; open             ; open   ; 0 in             ; 0 H/in                 ; 0 F/in                 ; short        ; open          ; open            ; open  ; 0 V                 ; -                  ; n/a           ; n/a             ; n/a         ;
; q_b[0]        ; 2.5 V        ; 0 in              ; 0 H/in                  ; 0 F/in                  ; short         ; -                   ; open           ; open             ; open   ; 0 in             ; 0 H/in                 ; 0 F/in                 ; short        ; open          ; open            ; open  ; 0 V                 ; -                  ; n/a           ; n/a             ; n/a         ;
; ~ALTERA_NCEO~ ; 2.5 V        ; 0 in              ; 0 H/in                  ; 0 F/in                  ; short         ; -                   ; open           ; open             ; open   ; 0 in             ; 0 H/in                 ; 0 F/in                 ; short        ; open          ; open            ; open  ; 0 V                 ; -                  ; n/a           ; n/a             ; n/a         ;
; ~ALTERA_DCLK~ ; 2.5 V        ; 0 in              ; 0 H/in                  ; 0 F/in                  ; short         ; -                   ; open           ; open             ; open   ; 0 in             ; 0 H/in                 ; 0 F/in                 ; short        ; open          ; open            ; open  ; 0 V                 ; -                  ; n/a           ; n/a             ; n/a         ;
+---------------+--------------+-------------------+-------------------------+-------------------------+---------------+---------------------+----------------+------------------+--------+------------------+------------------------+------------------------+--------------+---------------+-----------------+-------+---------------------+--------------------+---------------+-----------------+-------------+


+-------------------------------------------------------------------+
; Input Transition Times                                            ;
+----------------+--------------+-----------------+-----------------+
; Pin            ; I/O Standard ; 10-90 Rise Time ; 90-10 Fall Time ;
+----------------+--------------+-----------------+-----------------+
; wren_a         ; 2.5 V        ; 2000 ps         ; 2000 ps         ;
; wren_b         ; 2.5 V        ; 2000 ps         ; 2000 ps         ;
; clock          ; 2.5 V        ; 2000 ps         ; 2000 ps         ;
; data_a[7]      ; 2.5 V        ; 2000 ps         ; 2000 ps         ;
; address_a[0]   ; 2.5 V        ; 2000 ps         ; 2000 ps         ;
; address_a[1]   ; 2.5 V        ; 2000 ps         ; 2000 ps         ;
; address_a[2]   ; 2.5 V        ; 2000 ps         ; 2000 ps         ;
; data_b[7]      ; 2.5 V        ; 2000 ps         ; 2000 ps         ;
; address_b[0]   ; 2.5 V        ; 2000 ps         ; 2000 ps         ;
; address_b[1]   ; 2.5 V        ; 2000 ps         ; 2000 ps         ;
; address_b[2]   ; 2.5 V        ; 2000 ps         ; 2000 ps         ;
; data_a[6]      ; 2.5 V        ; 2000 ps         ; 2000 ps         ;
; data_b[6]      ; 2.5 V        ; 2000 ps         ; 2000 ps         ;
; data_a[5]      ; 2.5 V        ; 2000 ps         ; 2000 ps         ;
; data_b[5]      ; 2.5 V        ; 2000 ps         ; 2000 ps         ;
; data_a[4]      ; 2.5 V        ; 2000 ps         ; 2000 ps         ;
; data_b[4]      ; 2.5 V        ; 2000 ps         ; 2000 ps         ;
; data_a[3]      ; 2.5 V        ; 2000 ps         ; 2000 ps         ;
; data_b[3]      ; 2.5 V        ; 2000 ps         ; 2000 ps         ;
; data_a[2]      ; 2.5 V        ; 2000 ps         ; 2000 ps         ;
; data_b[2]      ; 2.5 V        ; 2000 ps         ; 2000 ps         ;
; data_a[1]      ; 2.5 V        ; 2000 ps         ; 2000 ps         ;
; data_b[1]      ; 2.5 V        ; 2000 ps         ; 2000 ps         ;
; data_a[0]      ; 2.5 V        ; 2000 ps         ; 2000 ps         ;
; data_b[0]      ; 2.5 V        ; 2000 ps         ; 2000 ps         ;
; ~ALTERA_DATA0~ ; 2.5 V        ; 2000 ps         ; 2000 ps         ;
; ~ALTERA_ASDO~  ; 2.5 V        ; 2000 ps         ; 2000 ps         ;
; ~ALTERA_NCSO~  ; 2.5 V        ; 2000 ps         ; 2000 ps         ;
+----------------+--------------+-----------------+-----------------+


+--------------------------------------------------------------------------------------------------------------------------------------------------------------------------------------------------------------------------------------------------------------------------------------------------------------------------------------------------------------------------------------------------------------------------------------------------------------------------------------------------------------------------------------------------------------------------------------------------------------------------------------------------------------------------------------------+
; Signal Integrity Metrics (Slow 1200mv 0c Model)                                                                                                                                                                                                                                                                                                                                                                                                                                                                                                                                                                                                                                            ;
+---------------+--------------+---------------------+---------------------+------------------------------+------------------------------+---------------------+---------------------+--------------------------------------+--------------------------------------+-----------------------------+-----------------------------+----------------------------+----------------------------+-----------------------------+-----------------------------+--------------------+--------------------+-------------------------------------+-------------------------------------+----------------------------+----------------------------+---------------------------+---------------------------+
; Pin           ; I/O Standard ; Board Delay on Rise ; Board Delay on Fall ; Steady State Voh at FPGA Pin ; Steady State Vol at FPGA Pin ; Voh Max at FPGA Pin ; Vol Min at FPGA Pin ; Ringback Voltage on Rise at FPGA Pin ; Ringback Voltage on Fall at FPGA Pin ; 10-90 Rise Time at FPGA Pin ; 90-10 Fall Time at FPGA Pin ; Monotonic Rise at FPGA Pin ; Monotonic Fall at FPGA Pin ; Steady State Voh at Far-end ; Steady State Vol at Far-end ; Voh Max at Far-end ; Vol Min at Far-end ; Ringback Voltage on Rise at Far-end ; Ringback Voltage on Fall at Far-end ; 10-90 Rise Time at Far-end ; 90-10 Fall Time at Far-end ; Monotonic Rise at Far-end ; Monotonic Fall at Far-end ;
+---------------+--------------+---------------------+---------------------+------------------------------+------------------------------+---------------------+---------------------+--------------------------------------+--------------------------------------+-----------------------------+-----------------------------+----------------------------+----------------------------+-----------------------------+-----------------------------+--------------------+--------------------+-------------------------------------+-------------------------------------+----------------------------+----------------------------+---------------------------+---------------------------+
; q_a[7]        ; 2.5 V        ; 0 s                 ; 0 s                 ; 2.32 V                       ; 7.29e-09 V                   ; 2.39 V              ; -0.00339 V          ; 0.206 V                              ; 0.007 V                              ; 2.77e-10 s                  ; 3.24e-10 s                  ; Yes                        ; Yes                        ; 2.32 V                      ; 7.29e-09 V                  ; 2.39 V             ; -0.00339 V         ; 0.206 V                             ; 0.007 V                             ; 2.77e-10 s                 ; 3.24e-10 s                 ; Yes                       ; Yes                       ;
; q_a[6]        ; 2.5 V        ; 0 s                 ; 0 s                 ; 2.32 V                       ; 7.29e-09 V                   ; 2.39 V              ; -0.00317 V          ; 0.179 V                              ; 0.007 V                              ; 4.7e-10 s                   ; 4.72e-10 s                  ; No                         ; Yes                        ; 2.32 V                      ; 7.29e-09 V                  ; 2.39 V             ; -0.00317 V         ; 0.179 V                             ; 0.007 V                             ; 4.7e-10 s                  ; 4.72e-10 s                 ; No                        ; Yes                       ;
; q_a[5]        ; 2.5 V        ; 0 s                 ; 0 s                 ; 2.32 V                       ; 7.29e-09 V                   ; 2.39 V              ; -0.00317 V          ; 0.179 V                              ; 0.007 V                              ; 4.7e-10 s                   ; 4.72e-10 s                  ; No                         ; Yes                        ; 2.32 V                      ; 7.29e-09 V                  ; 2.39 V             ; -0.00317 V         ; 0.179 V                             ; 0.007 V                             ; 4.7e-10 s                  ; 4.72e-10 s                 ; No                        ; Yes                       ;
; q_a[4]        ; 2.5 V        ; 0 s                 ; 0 s                 ; 2.32 V                       ; 7.29e-09 V                   ; 2.39 V              ; -0.00339 V          ; 0.206 V                              ; 0.007 V                              ; 2.77e-10 s                  ; 3.24e-10 s                  ; Yes                        ; Yes                        ; 2.32 V                      ; 7.29e-09 V                  ; 2.39 V             ; -0.00339 V         ; 0.206 V                             ; 0.007 V                             ; 2.77e-10 s                 ; 3.24e-10 s                 ; Yes                       ; Yes                       ;
; q_a[3]        ; 2.5 V        ; 0 s                 ; 0 s                 ; 2.32 V                       ; 7.29e-09 V                   ; 2.39 V              ; -0.00317 V          ; 0.179 V                              ; 0.007 V                              ; 4.7e-10 s                   ; 4.72e-10 s                  ; No                         ; Yes                        ; 2.32 V                      ; 7.29e-09 V                  ; 2.39 V             ; -0.00317 V         ; 0.179 V                             ; 0.007 V                             ; 4.7e-10 s                  ; 4.72e-10 s                 ; No                        ; Yes                       ;
; q_a[2]        ; 2.5 V        ; 0 s                 ; 0 s                 ; 2.32 V                       ; 7.29e-09 V                   ; 2.39 V              ; -0.00317 V          ; 0.179 V                              ; 0.007 V                              ; 4.7e-10 s                   ; 4.72e-10 s                  ; No                         ; Yes                        ; 2.32 V                      ; 7.29e-09 V                  ; 2.39 V             ; -0.00317 V         ; 0.179 V                             ; 0.007 V                             ; 4.7e-10 s                  ; 4.72e-10 s                 ; No                        ; Yes                       ;
; q_a[1]        ; 2.5 V        ; 0 s                 ; 0 s                 ; 2.32 V                       ; 7.29e-09 V                   ; 2.39 V              ; -0.00317 V          ; 0.179 V                              ; 0.007 V                              ; 4.7e-10 s                   ; 4.72e-10 s                  ; No                         ; Yes                        ; 2.32 V                      ; 7.29e-09 V                  ; 2.39 V             ; -0.00317 V         ; 0.179 V                             ; 0.007 V                             ; 4.7e-10 s                  ; 4.72e-10 s                 ; No                        ; Yes                       ;
; q_a[0]        ; 2.5 V        ; 0 s                 ; 0 s                 ; 2.32 V                       ; 7.29e-09 V                   ; 2.39 V              ; -0.00317 V          ; 0.179 V                              ; 0.007 V                              ; 4.7e-10 s                   ; 4.72e-10 s                  ; No                         ; Yes                        ; 2.32 V                      ; 7.29e-09 V                  ; 2.39 V             ; -0.00317 V         ; 0.179 V                             ; 0.007 V                             ; 4.7e-10 s                  ; 4.72e-10 s                 ; No                        ; Yes                       ;
; q_b[7]        ; 2.5 V        ; 0 s                 ; 0 s                 ; 2.32 V                       ; 7.29e-09 V                   ; 2.39 V              ; -0.00317 V          ; 0.179 V                              ; 0.007 V                              ; 4.7e-10 s                   ; 4.72e-10 s                  ; No                         ; Yes                        ; 2.32 V                      ; 7.29e-09 V                  ; 2.39 V             ; -0.00317 V         ; 0.179 V                             ; 0.007 V                             ; 4.7e-10 s                  ; 4.72e-10 s                 ; No                        ; Yes                       ;
; q_b[6]        ; 2.5 V        ; 0 s                 ; 0 s                 ; 2.32 V                       ; 7.29e-09 V                   ; 2.39 V              ; -0.00317 V          ; 0.179 V                              ; 0.007 V                              ; 4.7e-10 s                   ; 4.72e-10 s                  ; No                         ; Yes                        ; 2.32 V                      ; 7.29e-09 V                  ; 2.39 V             ; -0.00317 V         ; 0.179 V                             ; 0.007 V                             ; 4.7e-10 s                  ; 4.72e-10 s                 ; No                        ; Yes                       ;
; q_b[5]        ; 2.5 V        ; 0 s                 ; 0 s                 ; 2.32 V                       ; 7.29e-09 V                   ; 2.39 V              ; -0.00317 V          ; 0.179 V                              ; 0.007 V                              ; 4.7e-10 s                   ; 4.72e-10 s                  ; No                         ; Yes                        ; 2.32 V                      ; 7.29e-09 V                  ; 2.39 V             ; -0.00317 V         ; 0.179 V                             ; 0.007 V                             ; 4.7e-10 s                  ; 4.72e-10 s                 ; No                        ; Yes                       ;
; q_b[4]        ; 2.5 V        ; 0 s                 ; 0 s                 ; 2.32 V                       ; 7.29e-09 V                   ; 2.39 V              ; -0.00317 V          ; 0.179 V                              ; 0.007 V                              ; 4.7e-10 s                   ; 4.72e-10 s                  ; No                         ; Yes                        ; 2.32 V                      ; 7.29e-09 V                  ; 2.39 V             ; -0.00317 V         ; 0.179 V                             ; 0.007 V                             ; 4.7e-10 s                  ; 4.72e-10 s                 ; No                        ; Yes                       ;
; q_b[3]        ; 2.5 V        ; 0 s                 ; 0 s                 ; 2.32 V                       ; 7.29e-09 V                   ; 2.39 V              ; -0.00317 V          ; 0.179 V                              ; 0.007 V                              ; 4.7e-10 s                   ; 4.72e-10 s                  ; No                         ; Yes                        ; 2.32 V                      ; 7.29e-09 V                  ; 2.39 V             ; -0.00317 V         ; 0.179 V                             ; 0.007 V                             ; 4.7e-10 s                  ; 4.72e-10 s                 ; No                        ; Yes                       ;
; q_b[2]        ; 2.5 V        ; 0 s                 ; 0 s                 ; 2.32 V                       ; 7.29e-09 V                   ; 2.39 V              ; -0.00317 V          ; 0.179 V                              ; 0.007 V                              ; 4.7e-10 s                   ; 4.72e-10 s                  ; No                         ; Yes                        ; 2.32 V                      ; 7.29e-09 V                  ; 2.39 V             ; -0.00317 V         ; 0.179 V                             ; 0.007 V                             ; 4.7e-10 s                  ; 4.72e-10 s                 ; No                        ; Yes                       ;
; q_b[1]        ; 2.5 V        ; 0 s                 ; 0 s                 ; 2.32 V                       ; 7.29e-09 V                   ; 2.39 V              ; -0.00317 V          ; 0.179 V                              ; 0.007 V                              ; 4.7e-10 s                   ; 4.72e-10 s                  ; No                         ; Yes                        ; 2.32 V                      ; 7.29e-09 V                  ; 2.39 V             ; -0.00317 V         ; 0.179 V                             ; 0.007 V                             ; 4.7e-10 s                  ; 4.72e-10 s                 ; No                        ; Yes                       ;
; q_b[0]        ; 2.5 V        ; 0 s                 ; 0 s                 ; 2.32 V                       ; 7.29e-09 V                   ; 2.39 V              ; -0.00317 V          ; 0.179 V                              ; 0.007 V                              ; 4.7e-10 s                   ; 4.72e-10 s                  ; No                         ; Yes                        ; 2.32 V                      ; 7.29e-09 V                  ; 2.39 V             ; -0.00317 V         ; 0.179 V                             ; 0.007 V                             ; 4.7e-10 s                  ; 4.72e-10 s                 ; No                        ; Yes                       ;
; ~ALTERA_NCEO~ ; 2.5 V        ; 0 s                 ; 0 s                 ; 2.32 V                       ; 4.76e-09 V                   ; 2.4 V               ; -0.034 V            ; 0.102 V                              ; 0.065 V                              ; 2.49e-10 s                  ; 3.49e-10 s                  ; Yes                        ; Yes                        ; 2.32 V                      ; 4.76e-09 V                  ; 2.4 V              ; -0.034 V           ; 0.102 V                             ; 0.065 V                             ; 2.49e-10 s                 ; 3.49e-10 s                 ; Yes                       ; Yes                       ;
; ~ALTERA_DCLK~ ; 2.5 V        ; 0 s                 ; 0 s                 ; 2.32 V                       ; 5.94e-09 V                   ; 2.39 V              ; -0.0344 V           ; 0.156 V                              ; 0.089 V                              ; 2.68e-10 s                  ; 2.6e-10 s                   ; Yes                        ; Yes                        ; 2.32 V                      ; 5.94e-09 V                  ; 2.39 V             ; -0.0344 V          ; 0.156 V                             ; 0.089 V                             ; 2.68e-10 s                 ; 2.6e-10 s                  ; Yes                       ; Yes                       ;
+---------------+--------------+---------------------+---------------------+------------------------------+------------------------------+---------------------+---------------------+--------------------------------------+--------------------------------------+-----------------------------+-----------------------------+----------------------------+----------------------------+-----------------------------+-----------------------------+--------------------+--------------------+-------------------------------------+-------------------------------------+----------------------------+----------------------------+---------------------------+---------------------------+


+--------------------------------------------------------------------------------------------------------------------------------------------------------------------------------------------------------------------------------------------------------------------------------------------------------------------------------------------------------------------------------------------------------------------------------------------------------------------------------------------------------------------------------------------------------------------------------------------------------------------------------------------------------------------------------------------+
; Signal Integrity Metrics (Slow 1200mv 85c Model)                                                                                                                                                                                                                                                                                                                                                                                                                                                                                                                                                                                                                                           ;
+---------------+--------------+---------------------+---------------------+------------------------------+------------------------------+---------------------+---------------------+--------------------------------------+--------------------------------------+-----------------------------+-----------------------------+----------------------------+----------------------------+-----------------------------+-----------------------------+--------------------+--------------------+-------------------------------------+-------------------------------------+----------------------------+----------------------------+---------------------------+---------------------------+
; Pin           ; I/O Standard ; Board Delay on Rise ; Board Delay on Fall ; Steady State Voh at FPGA Pin ; Steady State Vol at FPGA Pin ; Voh Max at FPGA Pin ; Vol Min at FPGA Pin ; Ringback Voltage on Rise at FPGA Pin ; Ringback Voltage on Fall at FPGA Pin ; 10-90 Rise Time at FPGA Pin ; 90-10 Fall Time at FPGA Pin ; Monotonic Rise at FPGA Pin ; Monotonic Fall at FPGA Pin ; Steady State Voh at Far-end ; Steady State Vol at Far-end ; Voh Max at Far-end ; Vol Min at Far-end ; Ringback Voltage on Rise at Far-end ; Ringback Voltage on Fall at Far-end ; 10-90 Rise Time at Far-end ; 90-10 Fall Time at Far-end ; Monotonic Rise at Far-end ; Monotonic Fall at Far-end ;
+---------------+--------------+---------------------+---------------------+------------------------------+------------------------------+---------------------+---------------------+--------------------------------------+--------------------------------------+-----------------------------+-----------------------------+----------------------------+----------------------------+-----------------------------+-----------------------------+--------------------+--------------------+-------------------------------------+-------------------------------------+----------------------------+----------------------------+---------------------------+---------------------------+
; q_a[7]        ; 2.5 V        ; 0 s                 ; 0 s                 ; 2.32 V                       ; 1.21e-06 V                   ; 2.37 V              ; -0.00606 V          ; 0.107 V                              ; 0.021 V                              ; 4.26e-10 s                  ; 4.03e-10 s                  ; Yes                        ; Yes                        ; 2.32 V                      ; 1.21e-06 V                  ; 2.37 V             ; -0.00606 V         ; 0.107 V                             ; 0.021 V                             ; 4.26e-10 s                 ; 4.03e-10 s                 ; Yes                       ; Yes                       ;
; q_a[6]        ; 2.5 V        ; 0 s                 ; 0 s                 ; 2.32 V                       ; 1.21e-06 V                   ; 2.36 V              ; -0.00833 V          ; 0.113 V                              ; 0.035 V                              ; 6.32e-10 s                  ; 5.89e-10 s                  ; No                         ; Yes                        ; 2.32 V                      ; 1.21e-06 V                  ; 2.36 V             ; -0.00833 V         ; 0.113 V                             ; 0.035 V                             ; 6.32e-10 s                 ; 5.89e-10 s                 ; No                        ; Yes                       ;
; q_a[5]        ; 2.5 V        ; 0 s                 ; 0 s                 ; 2.32 V                       ; 1.21e-06 V                   ; 2.36 V              ; -0.00833 V          ; 0.113 V                              ; 0.035 V                              ; 6.32e-10 s                  ; 5.89e-10 s                  ; No                         ; Yes                        ; 2.32 V                      ; 1.21e-06 V                  ; 2.36 V             ; -0.00833 V         ; 0.113 V                             ; 0.035 V                             ; 6.32e-10 s                 ; 5.89e-10 s                 ; No                        ; Yes                       ;
; q_a[4]        ; 2.5 V        ; 0 s                 ; 0 s                 ; 2.32 V                       ; 1.21e-06 V                   ; 2.37 V              ; -0.00606 V          ; 0.107 V                              ; 0.021 V                              ; 4.26e-10 s                  ; 4.03e-10 s                  ; Yes                        ; Yes                        ; 2.32 V                      ; 1.21e-06 V                  ; 2.37 V             ; -0.00606 V         ; 0.107 V                             ; 0.021 V                             ; 4.26e-10 s                 ; 4.03e-10 s                 ; Yes                       ; Yes                       ;
; q_a[3]        ; 2.5 V        ; 0 s                 ; 0 s                 ; 2.32 V                       ; 1.21e-06 V                   ; 2.36 V              ; -0.00833 V          ; 0.113 V                              ; 0.035 V                              ; 6.32e-10 s                  ; 5.89e-10 s                  ; No                         ; Yes                        ; 2.32 V                      ; 1.21e-06 V                  ; 2.36 V             ; -0.00833 V         ; 0.113 V                             ; 0.035 V                             ; 6.32e-10 s                 ; 5.89e-10 s                 ; No                        ; Yes                       ;
; q_a[2]        ; 2.5 V        ; 0 s                 ; 0 s                 ; 2.32 V                       ; 1.21e-06 V                   ; 2.36 V              ; -0.00833 V          ; 0.113 V                              ; 0.035 V                              ; 6.32e-10 s                  ; 5.89e-10 s                  ; No                         ; Yes                        ; 2.32 V                      ; 1.21e-06 V                  ; 2.36 V             ; -0.00833 V         ; 0.113 V                             ; 0.035 V                             ; 6.32e-10 s                 ; 5.89e-10 s                 ; No                        ; Yes                       ;
; q_a[1]        ; 2.5 V        ; 0 s                 ; 0 s                 ; 2.32 V                       ; 1.21e-06 V                   ; 2.36 V              ; -0.00833 V          ; 0.113 V                              ; 0.035 V                              ; 6.32e-10 s                  ; 5.89e-10 s                  ; No                         ; Yes                        ; 2.32 V                      ; 1.21e-06 V                  ; 2.36 V             ; -0.00833 V         ; 0.113 V                             ; 0.035 V                             ; 6.32e-10 s                 ; 5.89e-10 s                 ; No                        ; Yes                       ;
; q_a[0]        ; 2.5 V        ; 0 s                 ; 0 s                 ; 2.32 V                       ; 1.21e-06 V                   ; 2.36 V              ; -0.00833 V          ; 0.113 V                              ; 0.035 V                              ; 6.32e-10 s                  ; 5.89e-10 s                  ; No                         ; Yes                        ; 2.32 V                      ; 1.21e-06 V                  ; 2.36 V             ; -0.00833 V         ; 0.113 V                             ; 0.035 V                             ; 6.32e-10 s                 ; 5.89e-10 s                 ; No                        ; Yes                       ;
; q_b[7]        ; 2.5 V        ; 0 s                 ; 0 s                 ; 2.32 V                       ; 1.21e-06 V                   ; 2.36 V              ; -0.00833 V          ; 0.113 V                              ; 0.035 V                              ; 6.32e-10 s                  ; 5.89e-10 s                  ; No                         ; Yes                        ; 2.32 V                      ; 1.21e-06 V                  ; 2.36 V             ; -0.00833 V         ; 0.113 V                             ; 0.035 V                             ; 6.32e-10 s                 ; 5.89e-10 s                 ; No                        ; Yes                       ;
; q_b[6]        ; 2.5 V        ; 0 s                 ; 0 s                 ; 2.32 V                       ; 1.21e-06 V                   ; 2.36 V              ; -0.00833 V          ; 0.113 V                              ; 0.035 V                              ; 6.32e-10 s                  ; 5.89e-10 s                  ; No                         ; Yes                        ; 2.32 V                      ; 1.21e-06 V                  ; 2.36 V             ; -0.00833 V         ; 0.113 V                             ; 0.035 V                             ; 6.32e-10 s                 ; 5.89e-10 s                 ; No                        ; Yes                       ;
; q_b[5]        ; 2.5 V        ; 0 s                 ; 0 s                 ; 2.32 V                       ; 1.21e-06 V                   ; 2.36 V              ; -0.00833 V          ; 0.113 V                              ; 0.035 V                              ; 6.32e-10 s                  ; 5.89e-10 s                  ; No                         ; Yes                        ; 2.32 V                      ; 1.21e-06 V                  ; 2.36 V             ; -0.00833 V         ; 0.113 V                             ; 0.035 V                             ; 6.32e-10 s                 ; 5.89e-10 s                 ; No                        ; Yes                       ;
; q_b[4]        ; 2.5 V        ; 0 s                 ; 0 s                 ; 2.32 V                       ; 1.21e-06 V                   ; 2.36 V              ; -0.00833 V          ; 0.113 V                              ; 0.035 V                              ; 6.32e-10 s                  ; 5.89e-10 s                  ; No                         ; Yes                        ; 2.32 V                      ; 1.21e-06 V                  ; 2.36 V             ; -0.00833 V         ; 0.113 V                             ; 0.035 V                             ; 6.32e-10 s                 ; 5.89e-10 s                 ; No                        ; Yes                       ;
; q_b[3]        ; 2.5 V        ; 0 s                 ; 0 s                 ; 2.32 V                       ; 1.21e-06 V                   ; 2.36 V              ; -0.00833 V          ; 0.113 V                              ; 0.035 V                              ; 6.32e-10 s                  ; 5.89e-10 s                  ; No                         ; Yes                        ; 2.32 V                      ; 1.21e-06 V                  ; 2.36 V             ; -0.00833 V         ; 0.113 V                             ; 0.035 V                             ; 6.32e-10 s                 ; 5.89e-10 s                 ; No                        ; Yes                       ;
; q_b[2]        ; 2.5 V        ; 0 s                 ; 0 s                 ; 2.32 V                       ; 1.21e-06 V                   ; 2.36 V              ; -0.00833 V          ; 0.113 V                              ; 0.035 V                              ; 6.32e-10 s                  ; 5.89e-10 s                  ; No                         ; Yes                        ; 2.32 V                      ; 1.21e-06 V                  ; 2.36 V             ; -0.00833 V         ; 0.113 V                             ; 0.035 V                             ; 6.32e-10 s                 ; 5.89e-10 s                 ; No                        ; Yes                       ;
; q_b[1]        ; 2.5 V        ; 0 s                 ; 0 s                 ; 2.32 V                       ; 1.21e-06 V                   ; 2.36 V              ; -0.00833 V          ; 0.113 V                              ; 0.035 V                              ; 6.32e-10 s                  ; 5.89e-10 s                  ; No                         ; Yes                        ; 2.32 V                      ; 1.21e-06 V                  ; 2.36 V             ; -0.00833 V         ; 0.113 V                             ; 0.035 V                             ; 6.32e-10 s                 ; 5.89e-10 s                 ; No                        ; Yes                       ;
; q_b[0]        ; 2.5 V        ; 0 s                 ; 0 s                 ; 2.32 V                       ; 1.21e-06 V                   ; 2.36 V              ; -0.00833 V          ; 0.113 V                              ; 0.035 V                              ; 6.32e-10 s                  ; 5.89e-10 s                  ; No                         ; Yes                        ; 2.32 V                      ; 1.21e-06 V                  ; 2.36 V             ; -0.00833 V         ; 0.113 V                             ; 0.035 V                             ; 6.32e-10 s                 ; 5.89e-10 s                 ; No                        ; Yes                       ;
; ~ALTERA_NCEO~ ; 2.5 V        ; 0 s                 ; 0 s                 ; 2.32 V                       ; 7.93e-07 V                   ; 2.37 V              ; -0.0278 V           ; 0.106 V                              ; 0.115 V                              ; 2.69e-10 s                  ; 4.05e-10 s                  ; Yes                        ; Yes                        ; 2.32 V                      ; 7.93e-07 V                  ; 2.37 V             ; -0.0278 V          ; 0.106 V                             ; 0.115 V                             ; 2.69e-10 s                 ; 4.05e-10 s                 ; Yes                       ; Yes                       ;
; ~ALTERA_DCLK~ ; 2.5 V        ; 0 s                 ; 0 s                 ; 2.32 V                       ; 9.76e-07 V                   ; 2.36 V              ; -0.00439 V          ; 0.088 V                              ; 0.007 V                              ; 4.05e-10 s                  ; 3.35e-10 s                  ; Yes                        ; Yes                        ; 2.32 V                      ; 9.76e-07 V                  ; 2.36 V             ; -0.00439 V         ; 0.088 V                             ; 0.007 V                             ; 4.05e-10 s                 ; 3.35e-10 s                 ; Yes                       ; Yes                       ;
+---------------+--------------+---------------------+---------------------+------------------------------+------------------------------+---------------------+---------------------+--------------------------------------+--------------------------------------+-----------------------------+-----------------------------+----------------------------+----------------------------+-----------------------------+-----------------------------+--------------------+--------------------+-------------------------------------+-------------------------------------+----------------------------+----------------------------+---------------------------+---------------------------+


+--------------------------------------------------------------------------------------------------------------------------------------------------------------------------------------------------------------------------------------------------------------------------------------------------------------------------------------------------------------------------------------------------------------------------------------------------------------------------------------------------------------------------------------------------------------------------------------------------------------------------------------------------------------------------------------------+
; Signal Integrity Metrics (Fast 1200mv 0c Model)                                                                                                                                                                                                                                                                                                                                                                                                                                                                                                                                                                                                                                            ;
+---------------+--------------+---------------------+---------------------+------------------------------+------------------------------+---------------------+---------------------+--------------------------------------+--------------------------------------+-----------------------------+-----------------------------+----------------------------+----------------------------+-----------------------------+-----------------------------+--------------------+--------------------+-------------------------------------+-------------------------------------+----------------------------+----------------------------+---------------------------+---------------------------+
; Pin           ; I/O Standard ; Board Delay on Rise ; Board Delay on Fall ; Steady State Voh at FPGA Pin ; Steady State Vol at FPGA Pin ; Voh Max at FPGA Pin ; Vol Min at FPGA Pin ; Ringback Voltage on Rise at FPGA Pin ; Ringback Voltage on Fall at FPGA Pin ; 10-90 Rise Time at FPGA Pin ; 90-10 Fall Time at FPGA Pin ; Monotonic Rise at FPGA Pin ; Monotonic Fall at FPGA Pin ; Steady State Voh at Far-end ; Steady State Vol at Far-end ; Voh Max at Far-end ; Vol Min at Far-end ; Ringback Voltage on Rise at Far-end ; Ringback Voltage on Fall at Far-end ; 10-90 Rise Time at Far-end ; 90-10 Fall Time at Far-end ; Monotonic Rise at Far-end ; Monotonic Fall at Far-end ;
+---------------+--------------+---------------------+---------------------+------------------------------+------------------------------+---------------------+---------------------+--------------------------------------+--------------------------------------+-----------------------------+-----------------------------+----------------------------+----------------------------+-----------------------------+-----------------------------+--------------------+--------------------+-------------------------------------+-------------------------------------+----------------------------+----------------------------+---------------------------+---------------------------+
; q_a[7]        ; 2.5 V        ; 0 s                 ; 0 s                 ; 2.62 V                       ; 4.66e-08 V                   ; 2.73 V              ; -0.0205 V           ; 0.17 V                               ; 0.027 V                              ; 2.58e-10 s                  ; 2.57e-10 s                  ; Yes                        ; Yes                        ; 2.62 V                      ; 4.66e-08 V                  ; 2.73 V             ; -0.0205 V          ; 0.17 V                              ; 0.027 V                             ; 2.58e-10 s                 ; 2.57e-10 s                 ; Yes                       ; Yes                       ;
; q_a[6]        ; 2.5 V        ; 0 s                 ; 0 s                 ; 2.62 V                       ; 4.66e-08 V                   ; 2.72 V              ; -0.0215 V           ; 0.161 V                              ; 0.061 V                              ; 4.44e-10 s                  ; 4.06e-10 s                  ; No                         ; Yes                        ; 2.62 V                      ; 4.66e-08 V                  ; 2.72 V             ; -0.0215 V          ; 0.161 V                             ; 0.061 V                             ; 4.44e-10 s                 ; 4.06e-10 s                 ; No                        ; Yes                       ;
; q_a[5]        ; 2.5 V        ; 0 s                 ; 0 s                 ; 2.62 V                       ; 4.66e-08 V                   ; 2.72 V              ; -0.0215 V           ; 0.161 V                              ; 0.061 V                              ; 4.44e-10 s                  ; 4.06e-10 s                  ; No                         ; Yes                        ; 2.62 V                      ; 4.66e-08 V                  ; 2.72 V             ; -0.0215 V          ; 0.161 V                             ; 0.061 V                             ; 4.44e-10 s                 ; 4.06e-10 s                 ; No                        ; Yes                       ;
; q_a[4]        ; 2.5 V        ; 0 s                 ; 0 s                 ; 2.62 V                       ; 4.66e-08 V                   ; 2.73 V              ; -0.0205 V           ; 0.17 V                               ; 0.027 V                              ; 2.58e-10 s                  ; 2.57e-10 s                  ; Yes                        ; Yes                        ; 2.62 V                      ; 4.66e-08 V                  ; 2.73 V             ; -0.0205 V          ; 0.17 V                              ; 0.027 V                             ; 2.58e-10 s                 ; 2.57e-10 s                 ; Yes                       ; Yes                       ;
; q_a[3]        ; 2.5 V        ; 0 s                 ; 0 s                 ; 2.62 V                       ; 4.66e-08 V                   ; 2.72 V              ; -0.0215 V           ; 0.161 V                              ; 0.061 V                              ; 4.44e-10 s                  ; 4.06e-10 s                  ; No                         ; Yes                        ; 2.62 V                      ; 4.66e-08 V                  ; 2.72 V             ; -0.0215 V          ; 0.161 V                             ; 0.061 V                             ; 4.44e-10 s                 ; 4.06e-10 s                 ; No                        ; Yes                       ;
; q_a[2]        ; 2.5 V        ; 0 s                 ; 0 s                 ; 2.62 V                       ; 4.66e-08 V                   ; 2.72 V              ; -0.0215 V           ; 0.161 V                              ; 0.061 V                              ; 4.44e-10 s                  ; 4.06e-10 s                  ; No                         ; Yes                        ; 2.62 V                      ; 4.66e-08 V                  ; 2.72 V             ; -0.0215 V          ; 0.161 V                             ; 0.061 V                             ; 4.44e-10 s                 ; 4.06e-10 s                 ; No                        ; Yes                       ;
; q_a[1]        ; 2.5 V        ; 0 s                 ; 0 s                 ; 2.62 V                       ; 4.66e-08 V                   ; 2.72 V              ; -0.0215 V           ; 0.161 V                              ; 0.061 V                              ; 4.44e-10 s                  ; 4.06e-10 s                  ; No                         ; Yes                        ; 2.62 V                      ; 4.66e-08 V                  ; 2.72 V             ; -0.0215 V          ; 0.161 V                             ; 0.061 V                             ; 4.44e-10 s                 ; 4.06e-10 s                 ; No                        ; Yes                       ;
; q_a[0]        ; 2.5 V        ; 0 s                 ; 0 s                 ; 2.62 V                       ; 4.66e-08 V                   ; 2.72 V              ; -0.0215 V           ; 0.161 V                              ; 0.061 V                              ; 4.44e-10 s                  ; 4.06e-10 s                  ; No                         ; Yes                        ; 2.62 V                      ; 4.66e-08 V                  ; 2.72 V             ; -0.0215 V          ; 0.161 V                             ; 0.061 V                             ; 4.44e-10 s                 ; 4.06e-10 s                 ; No                        ; Yes                       ;
; q_b[7]        ; 2.5 V        ; 0 s                 ; 0 s                 ; 2.62 V                       ; 4.66e-08 V                   ; 2.72 V              ; -0.0215 V           ; 0.161 V                              ; 0.061 V                              ; 4.44e-10 s                  ; 4.06e-10 s                  ; No                         ; Yes                        ; 2.62 V                      ; 4.66e-08 V                  ; 2.72 V             ; -0.0215 V          ; 0.161 V                             ; 0.061 V                             ; 4.44e-10 s                 ; 4.06e-10 s                 ; No                        ; Yes                       ;
; q_b[6]        ; 2.5 V        ; 0 s                 ; 0 s                 ; 2.62 V                       ; 4.66e-08 V                   ; 2.72 V              ; -0.0215 V           ; 0.161 V                              ; 0.061 V                              ; 4.44e-10 s                  ; 4.06e-10 s                  ; No                         ; Yes                        ; 2.62 V                      ; 4.66e-08 V                  ; 2.72 V             ; -0.0215 V          ; 0.161 V                             ; 0.061 V                             ; 4.44e-10 s                 ; 4.06e-10 s                 ; No                        ; Yes                       ;
; q_b[5]        ; 2.5 V        ; 0 s                 ; 0 s                 ; 2.62 V                       ; 4.66e-08 V                   ; 2.72 V              ; -0.0215 V           ; 0.161 V                              ; 0.061 V                              ; 4.44e-10 s                  ; 4.06e-10 s                  ; No                         ; Yes                        ; 2.62 V                      ; 4.66e-08 V                  ; 2.72 V             ; -0.0215 V          ; 0.161 V                             ; 0.061 V                             ; 4.44e-10 s                 ; 4.06e-10 s                 ; No                        ; Yes                       ;
; q_b[4]        ; 2.5 V        ; 0 s                 ; 0 s                 ; 2.62 V                       ; 4.66e-08 V                   ; 2.72 V              ; -0.0215 V           ; 0.161 V                              ; 0.061 V                              ; 4.44e-10 s                  ; 4.06e-10 s                  ; No                         ; Yes                        ; 2.62 V                      ; 4.66e-08 V                  ; 2.72 V             ; -0.0215 V          ; 0.161 V                             ; 0.061 V                             ; 4.44e-10 s                 ; 4.06e-10 s                 ; No                        ; Yes                       ;
; q_b[3]        ; 2.5 V        ; 0 s                 ; 0 s                 ; 2.62 V                       ; 4.66e-08 V                   ; 2.72 V              ; -0.0215 V           ; 0.161 V                              ; 0.061 V                              ; 4.44e-10 s                  ; 4.06e-10 s                  ; No                         ; Yes                        ; 2.62 V                      ; 4.66e-08 V                  ; 2.72 V             ; -0.0215 V          ; 0.161 V                             ; 0.061 V                             ; 4.44e-10 s                 ; 4.06e-10 s                 ; No                        ; Yes                       ;
; q_b[2]        ; 2.5 V        ; 0 s                 ; 0 s                 ; 2.62 V                       ; 4.66e-08 V                   ; 2.72 V              ; -0.0215 V           ; 0.161 V                              ; 0.061 V                              ; 4.44e-10 s                  ; 4.06e-10 s                  ; No                         ; Yes                        ; 2.62 V                      ; 4.66e-08 V                  ; 2.72 V             ; -0.0215 V          ; 0.161 V                             ; 0.061 V                             ; 4.44e-10 s                 ; 4.06e-10 s                 ; No                        ; Yes                       ;
; q_b[1]        ; 2.5 V        ; 0 s                 ; 0 s                 ; 2.62 V                       ; 4.66e-08 V                   ; 2.72 V              ; -0.0215 V           ; 0.161 V                              ; 0.061 V                              ; 4.44e-10 s                  ; 4.06e-10 s                  ; No                         ; Yes                        ; 2.62 V                      ; 4.66e-08 V                  ; 2.72 V             ; -0.0215 V          ; 0.161 V                             ; 0.061 V                             ; 4.44e-10 s                 ; 4.06e-10 s                 ; No                        ; Yes                       ;
; q_b[0]        ; 2.5 V        ; 0 s                 ; 0 s                 ; 2.62 V                       ; 4.66e-08 V                   ; 2.72 V              ; -0.0215 V           ; 0.161 V                              ; 0.061 V                              ; 4.44e-10 s                  ; 4.06e-10 s                  ; No                         ; Yes                        ; 2.62 V                      ; 4.66e-08 V                  ; 2.72 V             ; -0.0215 V          ; 0.161 V                             ; 0.061 V                             ; 4.44e-10 s                 ; 4.06e-10 s                 ; No                        ; Yes                       ;
; ~ALTERA_NCEO~ ; 2.5 V        ; 0 s                 ; 0 s                 ; 2.62 V                       ; 3.06e-08 V                   ; 2.86 V              ; -0.0341 V           ; 0.364 V                              ; 0.046 V                              ; 1.17e-10 s                  ; 2.6e-10 s                   ; No                         ; Yes                        ; 2.62 V                      ; 3.06e-08 V                  ; 2.86 V             ; -0.0341 V          ; 0.364 V                             ; 0.046 V                             ; 1.17e-10 s                 ; 2.6e-10 s                  ; No                        ; Yes                       ;
; ~ALTERA_DCLK~ ; 2.5 V        ; 0 s                 ; 0 s                 ; 2.62 V                       ; 3.81e-08 V                   ; 2.72 V              ; -0.0542 V           ; 0.144 V                              ; 0.087 V                              ; 2.55e-10 s                  ; 2.14e-10 s                  ; Yes                        ; Yes                        ; 2.62 V                      ; 3.81e-08 V                  ; 2.72 V             ; -0.0542 V          ; 0.144 V                             ; 0.087 V                             ; 2.55e-10 s                 ; 2.14e-10 s                 ; Yes                       ; Yes                       ;
+---------------+--------------+---------------------+---------------------+------------------------------+------------------------------+---------------------+---------------------+--------------------------------------+--------------------------------------+-----------------------------+-----------------------------+----------------------------+----------------------------+-----------------------------+-----------------------------+--------------------+--------------------+-------------------------------------+-------------------------------------+----------------------------+----------------------------+---------------------------+---------------------------+


-------------------
; Clock Transfers ;
-------------------
Nothing to report.


---------------
; Report TCCS ;
---------------
No dedicated SERDES Transmitter circuitry present in device or used in design


---------------
; Report RSKM ;
---------------
No non-DPA dedicated SERDES Receiver circuitry present in device or used in design


+------------------------------------------------+
; Unconstrained Paths                            ;
+---------------------------------+-------+------+
; Property                        ; Setup ; Hold ;
+---------------------------------+-------+------+
; Illegal Clocks                  ; 0     ; 0    ;
; Unconstrained Clocks            ; 0     ; 0    ;
; Unconstrained Input Ports       ; 24    ; 24   ;
; Unconstrained Input Port Paths  ; 24    ; 24   ;
; Unconstrained Output Ports      ; 16    ; 16   ;
; Unconstrained Output Port Paths ; 16    ; 16   ;
+---------------------------------+-------+------+


+------------------------------------+
; TimeQuest Timing Analyzer Messages ;
+------------------------------------+
Info: *******************************************************************
Info: Running Quartus II 64-Bit TimeQuest Timing Analyzer
    Info: Version 13.1.0 Build 162 10/23/2013 SJ Web Edition
    Info: Processing started: Mon Jan 06 15:57:54 2025
Info: Command: quartus_sta module_OP -c RP_from_megawizard
Info: qsta_default_script.tcl version: #1
Warning (20028): Parallel compilation is not licensed and has been disabled
Info (21076): High junction temperature operating condition is not set. Assuming a default value of '85'.
Info (21076): Low junction temperature operating condition is not set. Assuming a default value of '0'.
Critical Warning (332012): Synopsys Design Constraints File file not found: 'RP_from_megawizard.sdc'. A Synopsys Design Constraints File is required by the TimeQuest Timing Analyzer to get proper timing constraints. Without it, the Compiler will not properly optimize the design.
Info (332142): No user constrained base clocks found in the design. Calling "derive_clocks -period 1.0"
Info (332105): Deriving Clocks
    Info (332105): create_clock -period 1.000 -name clock clock
Info (332143): No user constrained clock uncertainty found in the design. Calling "derive_clock_uncertainty"
Info (332154): The derive_clock_uncertainty command did not apply clock uncertainty to any clock-to-clock transfers.
Info: Found TIMEQUEST_REPORT_SCRIPT_INCLUDE_DEFAULT_ANALYSIS = ON
Info: Analyzing Slow 1200mV 85C Model
Info (332140): No fmax paths to report
Info (332140): No Setup paths to report
Info (332140): No Hold paths to report
Info (332140): No Recovery paths to report
Info (332140): No Removal paths to report
Critical Warning (332148): Timing requirements not met
    Info (11105): For recommendations on closing timing, run Report Timing Closure Recommendations in the TimeQuest Timing Analyzer.
Info (332146): Worst-case minimum pulse width slack is -3.000
    Info (332119):     Slack       End Point TNS Clock 
    Info (332119): ========= =================== =====================
    Info (332119):    -3.000             -16.044 clock 
Info: Analyzing Slow 1200mV 0C Model
Info (334003): Started post-fitting delay annotation
Info (334004): Delay annotation completed successfully
Info (332154): The derive_clock_uncertainty command did not apply clock uncertainty to any clock-to-clock transfers.
Info (332140): No fmax paths to report
Info (332140): No Setup paths to report
Info (332140): No Hold paths to report
Info (332140): No Recovery paths to report
Info (332140): No Removal paths to report
Critical Warning (332148): Timing requirements not met
    Info (11105): For recommendations on closing timing, run Report Timing Closure Recommendations in the TimeQuest Timing Analyzer.
Info (332146): Worst-case minimum pulse width slack is -3.000
    Info (332119):     Slack       End Point TNS Clock 
    Info (332119): ========= =================== =====================
    Info (332119):    -3.000             -16.044 clock 
Info: Analyzing Fast 1200mV 0C Model
Info (332154): The derive_clock_uncertainty command did not apply clock uncertainty to any clock-to-clock transfers.
Info (332140): No Setup paths to report
Info (332140): No Hold paths to report
Info (332140): No Recovery paths to report
Info (332140): No Removal paths to report
Critical Warning (332148): Timing requirements not met
    Info (11105): For recommendations on closing timing, run Report Timing Closure Recommendations in the TimeQuest Timing Analyzer.
Info (332146): Worst-case minimum pulse width slack is -3.000
    Info (332119):     Slack       End Point TNS Clock 
    Info (332119): ========= =================== =====================
    Info (332119):    -3.000              -9.527 clock 
Info (332102): Design is not fully constrained for setup requirements
Info (332102): Design is not fully constrained for hold requirements
Info: Quartus II 64-Bit TimeQuest Timing Analyzer was successful. 0 errors, 5 warnings
    Info: Peak virtual memory: 4632 megabytes
    Info: Processing ended: Mon Jan 06 15:58:00 2025
    Info: Elapsed time: 00:00:06
    Info: Total CPU time (on all processors): 00:00:06


